/*
 Navicat Premium Data Transfer

 Source Server         : hotel
 Source Server Type    : MySQL
 Source Server Version : 80034
 Source Host           : localhost:3306
 Source Schema         : base-kc

 Target Server Type    : MySQL
 Target Server Version : 80034
 File Encoding         : 65001

 Date: 08/10/2024 20:22:32
*/

SET NAMES utf8mb4;
SET FOREIGN_KEY_CHECKS = 0;

-- ----------------------------
-- Table structure for kc_goods
-- ----------------------------
DROP TABLE IF EXISTS `kc_goods`;
CREATE TABLE `kc_goods`  (
  `id` varchar(255) CHARACTER SET utf8mb3 COLLATE utf8mb3_general_ci NOT NULL,
  `dept_id` varchar(255) CHARACTER SET utf8mb4 COLLATE utf8mb4_0900_ai_ci NOT NULL COMMENT '所属部门',
  `group_id` varchar(255) CHARACTER SET utf8mb3 COLLATE utf8mb3_general_ci NULL DEFAULT NULL COMMENT '物品分组id',
  `name` varchar(255) CHARACTER SET utf8mb4 COLLATE utf8mb4_0900_ai_ci NOT NULL COMMENT '物品名称',
  `description` text CHARACTER SET utf8mb4 COLLATE utf8mb4_0900_ai_ci NULL COMMENT '描述',
  `price` decimal(10, 2) NOT NULL COMMENT '价格',
  `quantity` bigint NULL DEFAULT 0 COMMENT '库存数量',
  `logo` varchar(255) CHARACTER SET utf8mb4 COLLATE utf8mb4_0900_ai_ci NULL DEFAULT NULL COMMENT '图片logo地址',
  `create_time` timestamp NULL DEFAULT NULL COMMENT '创建时间',
  `update_time` timestamp NOT NULL COMMENT '修改时间',
  `is_deleted` tinyint NOT NULL DEFAULT 0,
  `version` bigint NULL DEFAULT 0 COMMENT '版本号',
  PRIMARY KEY (`id`) USING BTREE
) ENGINE = InnoDB CHARACTER SET = utf8mb4 COLLATE = utf8mb4_0900_ai_ci COMMENT = '物品表' ROW_FORMAT = DYNAMIC;

-- ----------------------------
-- Records of kc_goods
-- ----------------------------
INSERT INTO `kc_goods` VALUES ('1688191884358942721', '1010', '1688124483550425090', '一体机', '苹果一体机', 8000.00, 0, NULL, '2023-08-06 22:14:45', '2023-08-06 22:14:45', 1, NULL);
INSERT INTO `kc_goods` VALUES ('1700560505647230977', '10', '1688124483550425090', '苹果2023', 'undefined', 90000.00, NULL, '/img/psc (5).jfif', '2023-09-10 01:23:14', '2023-09-10 01:23:14', 1, 0);
INSERT INTO `kc_goods` VALUES ('1700566858264567809', '20', '1688124483550425090', '蓝牙耳机', 'undefined', 88.00, NULL, '\\img\\2023\\9\\10\\psc (5).jfif', '2023-09-10 01:48:29', '2023-09-10 01:48:29', 0, 0);
INSERT INTO `kc_goods` VALUES ('1700590212296036354', '10', '1688124483550425090', '液晶高清屏', 'undefined', 77.00, NULL, '\\img\\2023\\9\\10\\psc (8).jfif', '2023-09-10 03:21:17', '2023-09-19 01:07:10', 0, 1);
INSERT INTO `kc_goods` VALUES ('1700591003526320130', '30', '1688124483550425090', '移动硬盘', 'undefined', 33.00, NULL, '\\img\\2023\\9\\10\\psc.jfif', '2023-09-10 03:24:25', '2023-09-10 03:24:25', 0, 0);
INSERT INTO `kc_goods` VALUES ('1700748291276898305', '1022', 'undefined', '4444', '666', 9999.00, NULL, NULL, '2023-09-10 13:49:26', '2023-09-10 13:49:26', 1, 0);
INSERT INTO `kc_goods` VALUES ('1700749473584087041', '2017', '1688124483550425090', '1010', 'undefined', 88.00, NULL, NULL, '2023-09-10 13:54:08', '2023-09-10 13:54:08', 1, 0);
INSERT INTO `kc_goods` VALUES ('1700765738495213570', '20', 'undefined', '54545', 'undefined', 88.00, NULL, NULL, '2023-09-10 14:58:45', '2023-09-10 14:58:45', 1, 0);
INSERT INTO `kc_goods` VALUES ('1700768594459721729', '10', '1688124483550425090', 'fdfdfdf', 'undefined', 44.00, NULL, '\\img\\2023\\9\\10\\psc (19).jfif', '2023-09-10 15:10:06', '2023-09-10 15:10:06', 0, 0);
INSERT INTO `kc_goods` VALUES ('1700785054087217153', '10', '1688124483550425090', '台式主机88', '7777', 7777.00, 24, '\\img\\2023\\9\\11\\psc (8).jfif', '2023-09-10 16:15:31', '2023-09-16 00:15:37', 0, 34);
INSERT INTO `kc_goods` VALUES ('1700787863469785089', '20', '1688124483550425090', 'rererer', 'rerer', 555.00, NULL, '\\img\\2023\\9\\10\\QQ截图20200703111915.png', '2023-09-10 16:26:40', '2023-09-13 00:17:05', 1, 0);
INSERT INTO `kc_goods` VALUES ('1700791587432923137', '30', '1688124483550425090', '434343', '43434', 333.00, NULL, '\\img\\2023\\9\\10\\psc (8).jfif', '2023-09-10 16:41:28', '2023-09-13 10:59:44', 0, 0);
INSERT INTO `kc_goods` VALUES ('1703067537961447426', '1024', '1688124483550425090', '投影仪', '投影仪', 1200.00, NULL, '\\img\\2023\\9\\16\\psc (8).jfif', '2023-09-16 23:25:17', '2023-09-16 23:25:17', 0, 0);
INSERT INTO `kc_goods` VALUES ('1703827803359690753', '20', '1688124483550425090', '投影仪', '111', 67.00, 721, '\\img\\2023\\9\\19\\psc (15).jfif', '2023-09-19 01:46:19', '2023-09-19 01:46:19', 0, 2);
INSERT INTO `kc_goods` VALUES ('1703831358304993281', '2016', '1688124483550425090', '显示器', '4444', 78.00, 702, '\\img\\2023\\9\\19\\psc (15).jfif', '2023-09-19 02:00:26', '2023-09-19 02:00:26', 0, 2);

-- ----------------------------
-- Table structure for kc_gs_group
-- ----------------------------
DROP TABLE IF EXISTS `kc_gs_group`;
CREATE TABLE `kc_gs_group`  (
  `id` varchar(255) CHARACTER SET utf8mb4 COLLATE utf8mb4_0900_ai_ci NOT NULL,
  `name` varchar(255) CHARACTER SET utf8mb4 COLLATE utf8mb4_0900_ai_ci NOT NULL COMMENT '分组名称',
  `create_time` timestamp NOT NULL COMMENT '创建时间',
  `update_time` timestamp NOT NULL COMMENT '修改时间',
  `is_deleted` tinyint NULL DEFAULT NULL,
  `dept_id` varchar(255) CHARACTER SET utf8mb4 COLLATE utf8mb4_0900_ai_ci NOT NULL COMMENT '所属部门',
  `version` bigint NOT NULL DEFAULT 0,
  PRIMARY KEY (`id`) USING BTREE
) ENGINE = InnoDB CHARACTER SET = utf8mb4 COLLATE = utf8mb4_0900_ai_ci COMMENT = '物品分组表' ROW_FORMAT = DYNAMIC;

-- ----------------------------
-- Records of kc_gs_group
-- ----------------------------
INSERT INTO `kc_gs_group` VALUES ('1688124483550425090', '办公用品', '2023-08-06 17:46:55', '2023-09-16 22:01:18', 0, '10', 0);
INSERT INTO `kc_gs_group` VALUES ('1703824192978358273', '学习用品', '2023-09-19 01:31:58', '2023-09-19 01:45:51', 0, '20', 0);

-- ----------------------------
-- Table structure for kc_sales_records
-- ----------------------------
DROP TABLE IF EXISTS `kc_sales_records`;
CREATE TABLE `kc_sales_records`  (
  `id` varchar(255) CHARACTER SET utf8mb3 COLLATE utf8mb3_general_ci NOT NULL,
  `goods_id` varchar(255) CHARACTER SET utf8mb3 COLLATE utf8mb3_general_ci NOT NULL COMMENT '物品id',
  `sale_time` timestamp NOT NULL COMMENT '销售日期',
  `sale_num` bigint NOT NULL COMMENT '销售数量',
  `sum_price` decimal(50, 2) NOT NULL COMMENT '销售总价',
  `price` decimal(10, 0) NOT NULL COMMENT '销售价格',
  `create_time` timestamp NOT NULL COMMENT '创建时间',
  `update_time` datetime NOT NULL COMMENT '修改时间',
  `is_deleted` tinyint NOT NULL DEFAULT 0,
  `version` bigint NOT NULL DEFAULT 0 COMMENT '版本',
  PRIMARY KEY (`id`) USING BTREE
) ENGINE = InnoDB CHARACTER SET = utf8mb3 COLLATE = utf8mb3_general_ci COMMENT = '物品销售记录表' ROW_FORMAT = DYNAMIC;

-- ----------------------------
-- Records of kc_sales_records
-- ----------------------------
INSERT INTO `kc_sales_records` VALUES ('1702954598977798146', '1700785054087217153', '2023-09-16 15:56:28', 15, 116655.00, 7777, '2023-09-16 15:56:30', '2023-09-16 16:05:52', 0, 5);
INSERT INTO `kc_sales_records` VALUES ('1702957087055708161', '1700785054087217153', '2023-08-16 00:00:00', 77, 598829.00, 7777, '2023-09-16 16:06:24', '2023-09-16 16:06:24', 0, 0);
INSERT INTO `kc_sales_records` VALUES ('1703306661293244417', '1700785054087217153', '2023-01-11 15:15:24', 66, 513282.00, 7777, '2023-09-17 15:15:29', '2023-09-17 15:15:43', 0, 1);
INSERT INTO `kc_sales_records` VALUES ('1703306816268582914', '1700785054087217153', '2023-02-14 00:00:00', 3, 23331.00, 7777, '2023-09-17 15:16:06', '2023-09-17 15:16:06', 0, 0);
INSERT INTO `kc_sales_records` VALUES ('1703306881586479106', '1700785054087217153', '2023-03-15 00:00:00', 76, 591052.00, 7777, '2023-09-17 15:16:21', '2023-09-17 15:16:21', 0, 0);
INSERT INTO `kc_sales_records` VALUES ('1703306958732312577', '1700785054087217153', '2023-04-19 00:00:00', 55, 427735.00, 7777, '2023-09-17 15:16:40', '2023-09-17 15:16:40', 0, 0);
INSERT INTO `kc_sales_records` VALUES ('1703306958929444865', '1700785054087217153', '2023-04-19 00:00:00', 55, 427735.00, 7777, '2023-09-17 15:16:40', '2023-09-17 15:16:40', 0, 0);
INSERT INTO `kc_sales_records` VALUES ('1703307444457881601', '1700785054087217153', '2023-05-16 00:00:00', 54, 419958.00, 7777, '2023-09-17 15:18:35', '2023-09-17 15:18:35', 0, 0);
INSERT INTO `kc_sales_records` VALUES ('1703307560921120769', '1700785054087217153', '2023-06-22 00:00:00', 88, 684376.00, 7777, '2023-09-17 15:19:03', '2023-09-17 15:19:03', 0, 0);
INSERT INTO `kc_sales_records` VALUES ('1703307668047839233', '1700785054087217153', '2023-07-10 00:00:00', 11, 85547.00, 7777, '2023-09-17 15:19:29', '2023-09-19 01:08:02', 0, 1);
INSERT INTO `kc_sales_records` VALUES ('1703828203143970818', '1703827803359690753', '2023-09-19 01:47:48', 56, 3752.00, 67, '2023-09-19 01:47:54', '2023-09-19 01:47:54', 0, 0);
INSERT INTO `kc_sales_records` VALUES ('1703831631689728001', '1703831358304993281', '2023-09-19 02:01:30', 75, 5850.00, 78, '2023-09-19 02:01:31', '2023-09-19 02:01:31', 0, 0);

-- ----------------------------
-- Table structure for kc_stock_records
-- ----------------------------
DROP TABLE IF EXISTS `kc_stock_records`;
CREATE TABLE `kc_stock_records`  (
  `id` varchar(255) CHARACTER SET utf8mb3 COLLATE utf8mb3_general_ci NOT NULL,
  `goods_id` varchar(255) CHARACTER SET utf8mb3 COLLATE utf8mb3_general_ci NOT NULL COMMENT '物品id',
  `stock_date` timestamp NOT NULL COMMENT '入库日期',
  `quantity` bigint NOT NULL COMMENT '入库数量',
  `sum_price` decimal(50, 2) NOT NULL COMMENT '入库总价',
  `price` decimal(10, 2) NOT NULL COMMENT '入库价格',
  `create_time` timestamp NOT NULL COMMENT '创建时间',
  `update_time` timestamp NOT NULL COMMENT '修改时间',
  `is_deleted` tinyint NOT NULL,
  `version` bigint NOT NULL DEFAULT 0 COMMENT '版本号',
  PRIMARY KEY (`id`) USING BTREE
) ENGINE = InnoDB CHARACTER SET = utf8mb3 COLLATE = utf8mb3_general_ci COMMENT = '入库记录表' ROW_FORMAT = DYNAMIC;

-- ----------------------------
-- Records of kc_stock_records
-- ----------------------------
INSERT INTO `kc_stock_records` VALUES ('1702953272055201793', '1700785054087217153', '2023-09-16 15:51:13', 100, 777700.00, 7777.00, '2023-09-16 15:51:14', '2023-09-16 15:52:47', 0, 2);
INSERT INTO `kc_stock_records` VALUES ('1702953572392534017', '1700785054087217153', '2023-09-16 15:52:20', 2, 15554.00, 7777.00, '2023-09-16 15:52:26', '2023-09-16 15:52:26', 1, 0);
INSERT INTO `kc_stock_records` VALUES ('1703305138442125313', '1700785054087217153', '2023-01-10 00:00:00', 55, 427735.00, 7777.00, '2023-09-17 15:09:26', '2023-09-17 15:09:26', 0, 0);
INSERT INTO `kc_stock_records` VALUES ('1703305326023983106', '1700785054087217153', '2023-09-17 15:10:08', 10, 77770.00, 7777.00, '2023-09-17 15:10:10', '2023-09-17 15:10:10', 0, 0);
INSERT INTO `kc_stock_records` VALUES ('1703305433666600961', '1700785054087217153', '2023-03-30 00:00:00', 87, 676599.00, 7777.00, '2023-09-17 15:10:36', '2023-09-17 15:10:36', 0, 0);
INSERT INTO `kc_stock_records` VALUES ('1703305507884810242', '1700785054087217153', '2023-04-12 00:00:00', 11, 85547.00, 7777.00, '2023-09-17 15:10:54', '2023-09-17 15:10:54', 0, 0);
INSERT INTO `kc_stock_records` VALUES ('1703305619784646658', '1700785054087217153', '2023-05-19 00:00:00', 20, 155540.00, 7777.00, '2023-09-17 15:11:20', '2023-09-17 15:11:20', 0, 0);
INSERT INTO `kc_stock_records` VALUES ('1703305715611910145', '1700785054087217153', '2023-06-20 00:00:00', 87, 676599.00, 7777.00, '2023-09-17 15:11:43', '2023-09-17 15:11:43', 0, 0);
INSERT INTO `kc_stock_records` VALUES ('1703305883170160642', '1700785054087217153', '2023-06-22 02:02:00', 81, 629937.00, 7777.00, '2023-09-17 15:12:23', '2023-09-17 15:12:23', 0, 0);
INSERT INTO `kc_stock_records` VALUES ('1703305966892662786', '1700785054087217153', '2023-07-12 00:00:00', 7, 54439.00, 7777.00, '2023-09-17 15:12:43', '2023-09-19 01:35:02', 0, 2);
INSERT INTO `kc_stock_records` VALUES ('1703306033770840066', '1700785054087217153', '2023-08-31 00:00:00', 66, 513282.00, 7777.00, '2023-09-17 15:12:59', '2023-09-17 15:12:59', 0, 0);
INSERT INTO `kc_stock_records` VALUES ('1703828067856695298', '1703827803359690753', '2023-09-19 01:47:20', 777, 52059.00, 67.00, '2023-09-19 01:47:22', '2023-09-19 01:47:22', 0, 0);
INSERT INTO `kc_stock_records` VALUES ('1703831523074031618', '1703831358304993281', '2023-09-19 02:01:01', 777, 60606.00, 78.00, '2023-09-19 02:01:05', '2023-09-19 02:01:05', 0, 0);

-- ----------------------------
-- Table structure for sys_dept
-- ----------------------------
DROP TABLE IF EXISTS `sys_dept`;
CREATE TABLE `sys_dept`  (
  `id` varchar(100) CHARACTER SET utf8mb4 COLLATE utf8mb4_0900_ai_ci NOT NULL,
  `name` varchar(50) CHARACTER SET utf8mb4 COLLATE utf8mb4_0900_ai_ci NOT NULL DEFAULT '' COMMENT '部门名称',
  `parent_id` varchar(100) CHARACTER SET utf8mb4 COLLATE utf8mb4_0900_ai_ci NULL DEFAULT '0' COMMENT '上级部门id',
  `tree_path` varchar(255) CHARACTER SET utf8mb4 COLLATE utf8mb4_0900_ai_ci NULL DEFAULT ',' COMMENT '树结构',
  `level` tinyint NULL DEFAULT NULL COMMENT '层级',
  `sort_value` int NULL DEFAULT 1 COMMENT '排序',
  `leader` varchar(20) CHARACTER SET utf8mb4 COLLATE utf8mb4_0900_ai_ci NULL DEFAULT NULL COMMENT '负责人',
  `phone` varchar(11) CHARACTER SET utf8mb4 COLLATE utf8mb4_0900_ai_ci NULL DEFAULT NULL COMMENT '电话',
  `status` tinyint(1) NULL DEFAULT 1 COMMENT '状态（1正常 0停用）',
  `create_time` timestamp NOT NULL DEFAULT CURRENT_TIMESTAMP ON UPDATE CURRENT_TIMESTAMP,
  `update_time` timestamp NULL DEFAULT NULL ON UPDATE CURRENT_TIMESTAMP,
  `is_deleted` tinyint NOT NULL DEFAULT 0 COMMENT '删除标记（0:可用 1:已删除）',
  `version` bigint NULL DEFAULT 0,
  PRIMARY KEY (`id`) USING BTREE
) ENGINE = InnoDB CHARACTER SET = utf8mb4 COLLATE = utf8mb4_0900_ai_ci COMMENT = '组织机构' ROW_FORMAT = COMPACT;

-- ----------------------------
-- Records of sys_dept
-- ----------------------------
INSERT INTO `sys_dept` VALUES ('1', '蓝飞集团', '0', ',1,', 1, 1, '霍元甲', '13888888888', 1, '2023-04-21 00:40:35', '2023-09-19 01:32:10', 0, 0);
INSERT INTO `sys_dept` VALUES ('10', '株洲总部', '1', ',1,10,', 2, 1, '陈真', '13888888888', 1, '2023-04-21 00:40:38', '2023-04-21 00:40:38', 0, 0);
INSERT INTO `sys_dept` VALUES ('1010', '开发部', '10', ',1,10,1010,', 3, 1, '小花', '13543482480', 1, '2023-04-21 00:40:40', '2023-04-21 00:40:40', 0, 0);
INSERT INTO `sys_dept` VALUES ('1020', '运营部门', '10', ',1,10,1020,', 3, 1, '王思掏', '13888888888', 1, '2023-04-21 00:40:42', '2023-04-21 00:40:42', 0, 0);
INSERT INTO `sys_dept` VALUES ('1021', '.net6', '1010', ',1,10,1010,1021,', 4, 1, '如花', '13543482480', 1, '2023-04-21 00:40:44', '2023-04-21 00:40:44', 0, 0);
INSERT INTO `sys_dept` VALUES ('1022', 'python组', '1010', ',1,10,1010,1022,', 4, 1, '小红', '13543482480', 1, '2023-04-21 00:40:48', '2023-04-21 00:40:48', 0, 0);
INSERT INTO `sys_dept` VALUES ('1024', 'php组', '1010', ',1,10,1010,1024,', 4, 1, '小翠', '13543482480', 1, '2023-04-21 00:40:49', '2023-04-21 00:40:49', 0, 0);
INSERT INTO `sys_dept` VALUES ('1025', '客服', '1020', ',1,10,1020,1025,', 4, 1, '婷婷', '13543482480', 1, '2023-04-21 00:40:50', '2023-04-21 00:40:50', 0, 0);
INSERT INTO `sys_dept` VALUES ('1026', '网站推广', '1020', ',1,10,1020,1026,', 4, 1, '小霞', '13543482480', 1, '2023-04-21 00:40:51', '2023-04-21 00:40:51', 0, 0);
INSERT INTO `sys_dept` VALUES ('1027', '线下运营', '1020', ',1,10,1020,1027,', 4, 1, '小花', '13543482480', 1, '2023-04-21 00:40:52', '2023-04-21 00:40:52', 0, 0);
INSERT INTO `sys_dept` VALUES ('1028', '设计', '1020', ',1,10,1020,1028,', 4, 1, '小张', '13543482480', 1, '2023-04-21 00:40:53', '2023-04-21 00:40:53', 0, 0);
INSERT INTO `sys_dept` VALUES ('1842471055818002434', '前端', '0', ',1842471055818002434,', 1, 1, 'w', '', 1, '2024-10-05 15:45:29', '2024-10-05 15:45:29', 1, 0);
INSERT INTO `sys_dept` VALUES ('20', '上海分公司', '1', ',1,20,', 2, 1, '刘振生', '13888888888', 1, '2023-04-21 00:40:55', '2023-09-19 01:32:15', 0, 0);
INSERT INTO `sys_dept` VALUES ('2012', '开发部', '20', ',1,20,2012,', 3, 1, '周周', '13888888888', 1, '2023-04-21 00:40:57', '2023-04-21 00:40:57', 0, 0);
INSERT INTO `sys_dept` VALUES ('2013', '开发部', '30', ',1,30,2013,', 3, 1, '李艳红', '13888888888', 1, '2023-04-21 00:40:58', '2023-04-21 00:40:58', 0, 0);
INSERT INTO `sys_dept` VALUES ('2016', 'java组', '2012', ',1,20,2012,2016,', 4, 1, '张强', '13888888888', 1, '2023-04-21 00:41:01', '2023-04-21 01:52:14', 0, 0);
INSERT INTO `sys_dept` VALUES ('2017', '大数据组', '20', ',1,20,2017,', 3, 1, '李刚', '13888888888', 1, '2023-04-21 00:41:05', '2023-04-21 01:52:37', 0, 0);
INSERT INTO `sys_dept` VALUES ('2018', '测试部', '30', ',1,30,2018,', 3, 2, '西门大官人', '13888888888', 1, '2023-04-21 00:41:08', '2023-04-21 00:41:08', 0, 0);
INSERT INTO `sys_dept` VALUES ('30', '深圳分公司', '1', ',1,30,', 2, 1, '陆大安', '13888888888', 1, '2023-04-21 00:41:10', '2023-04-21 00:41:10', 0, 0);

-- ----------------------------
-- Table structure for sys_dic
-- ----------------------------
DROP TABLE IF EXISTS `sys_dic`;
CREATE TABLE `sys_dic`  (
  `id` varchar(100) CHARACTER SET utf8mb3 COLLATE utf8mb3_bin NOT NULL,
  `name` varchar(255) CHARACTER SET utf8mb3 COLLATE utf8mb3_bin NOT NULL COMMENT '名称',
  `code` varchar(255) CHARACTER SET utf8mb3 COLLATE utf8mb3_bin NOT NULL COMMENT '编码',
  `create_time` timestamp NULL DEFAULT NULL COMMENT '创建时间',
  `update_time` timestamp NULL DEFAULT NULL COMMENT '修改时间',
  `is_deleted` tinyint NULL DEFAULT NULL,
  PRIMARY KEY (`id`) USING BTREE,
  UNIQUE INDEX `sys_dic_code_unique`(`code`) USING BTREE
) ENGINE = InnoDB CHARACTER SET = utf8mb3 COLLATE = utf8mb3_bin COMMENT = '字典分类' ROW_FORMAT = DYNAMIC;

-- ----------------------------
-- Records of sys_dic
-- ----------------------------
INSERT INTO `sys_dic` VALUES ('66c3d1990bcad9b7a89d11078b93feed', '状态', '3000', '2023-04-30 12:10:01', '2023-04-30 12:10:01', 0);
INSERT INTO `sys_dic` VALUES ('bf283aa16df1d22acf3e8a0ed2c8c818', '性别', '1000', '2023-04-13 11:31:07', '2023-05-01 22:06:33', 0);
INSERT INTO `sys_dic` VALUES ('f713c8089f9a5bfcc87a4ae257bdc09d', '兴趣', '2000', '2023-04-18 19:37:33', '2023-04-18 19:37:33', 0);

-- ----------------------------
-- Table structure for sys_dic_item
-- ----------------------------
DROP TABLE IF EXISTS `sys_dic_item`;
CREATE TABLE `sys_dic_item`  (
  `id` varchar(255) CHARACTER SET utf8mb3 COLLATE utf8mb3_bin NOT NULL,
  `dic_code` varchar(255) CHARACTER SET utf8mb3 COLLATE utf8mb3_bin NOT NULL COMMENT '所属分类',
  `code` varchar(255) CHARACTER SET utf8mb3 COLLATE utf8mb3_bin NOT NULL COMMENT '编码',
  `name` varchar(255) CHARACTER SET utf8mb3 COLLATE utf8mb3_bin NOT NULL COMMENT '名称',
  `create_time` timestamp NULL DEFAULT NULL COMMENT '创建时间',
  `update_time` timestamp NULL DEFAULT NULL COMMENT '修改时间',
  `is_deleted` tinyint NULL DEFAULT NULL,
  PRIMARY KEY (`id`) USING BTREE,
  UNIQUE INDEX `sys_dic_item_code_unique`(`code`) USING BTREE
) ENGINE = InnoDB CHARACTER SET = utf8mb3 COLLATE = utf8mb3_bin COMMENT = '字典选项' ROW_FORMAT = DYNAMIC;

-- ----------------------------
-- Records of sys_dic_item
-- ----------------------------
INSERT INTO `sys_dic_item` VALUES ('13e25998cf2d57c89243faac9d388e45', '2000', '2005', '下棋', '2023-04-18 19:40:06', '2023-04-18 19:40:06', 0);
INSERT INTO `sys_dic_item` VALUES ('19cdf0f88b40ce6e6a444a00a1060243', '2000', '2006', '打麻将', '2023-04-18 19:40:18', '2023-04-18 19:40:18', 0);
INSERT INTO `sys_dic_item` VALUES ('20e39ce411c855bf63660877269bf728', '2000', '2001', '打篮球', '2023-04-18 19:38:20', '2023-04-18 19:38:20', 0);
INSERT INTO `sys_dic_item` VALUES ('359736c26f958ed43656d290121d2a8d', '2000', '2004', '跳舞', '2023-04-18 19:39:45', '2023-04-18 19:39:45', 0);
INSERT INTO `sys_dic_item` VALUES ('3c5dd4c40c0f6a745140e3e9238e971b', '3000', '1', '正常', '2023-04-30 12:10:41', '2023-04-30 12:10:41', 0);
INSERT INTO `sys_dic_item` VALUES ('4a83c2c56ba4fac5fddb017c0a4f3dd7', '1000', '1001', '男', '2023-04-13 12:10:29', '2023-04-30 12:49:52', 0);
INSERT INTO `sys_dic_item` VALUES ('668c351bdc7b8cebf5be99f641cc2947', '2000', '2002', '看AV', '2023-04-18 19:38:35', '2023-04-18 19:38:35', 0);
INSERT INTO `sys_dic_item` VALUES ('6d59fb189ac883e2f2475a778eececbd', '3000', '0', '停用', '2023-04-30 12:10:57', '2023-05-01 16:21:12', 0);
INSERT INTO `sys_dic_item` VALUES ('d44689012199471a8612a67eb41b7a59', '1000', '1002', '女', '2023-04-13 12:10:40', '2023-04-30 12:49:57', 0);
INSERT INTO `sys_dic_item` VALUES ('f6ae3007b19c95f3fc70e04dc8d431ed', '2000', '2003', '逛街', '2023-04-18 19:39:27', '2023-04-18 19:39:27', 0);

-- ----------------------------
-- Table structure for sys_login_log
-- ----------------------------
DROP TABLE IF EXISTS `sys_login_log`;
CREATE TABLE `sys_login_log`  (
  `id` varchar(255) CHARACTER SET utf8mb3 COLLATE utf8mb3_general_ci NOT NULL COMMENT '访问ID',
  `username` varchar(50) CHARACTER SET utf8mb3 COLLATE utf8mb3_general_ci NULL DEFAULT '' COMMENT '用户账号',
  `ipaddr` varchar(128) CHARACTER SET utf8mb3 COLLATE utf8mb3_general_ci NULL DEFAULT '' COMMENT '登录IP地址',
  `status` tinyint(1) NULL DEFAULT 0 COMMENT '登录状态（0成功 1失败）',
  `msg` varchar(255) CHARACTER SET utf8mb3 COLLATE utf8mb3_general_ci NULL DEFAULT '' COMMENT '提示信息',
  `access_time` datetime NULL DEFAULT NULL COMMENT '访问时间',
  `create_time` timestamp NOT NULL DEFAULT CURRENT_TIMESTAMP ON UPDATE CURRENT_TIMESTAMP COMMENT '创建时间',
  `update_time` timestamp NULL DEFAULT NULL ON UPDATE CURRENT_TIMESTAMP COMMENT '修改时间',
  `is_deleted` tinyint NOT NULL DEFAULT 0 COMMENT '删除标记（0:可用 1:已删除）',
  PRIMARY KEY (`id`) USING BTREE
) ENGINE = InnoDB CHARACTER SET = utf8mb3 COLLATE = utf8mb3_general_ci COMMENT = '系统访问记录' ROW_FORMAT = DYNAMIC;

-- ----------------------------
-- Records of sys_login_log
-- ----------------------------
INSERT INTO `sys_login_log` VALUES ('1652728999822565378', 'admin', '127.0.0.1', 1, '登录成功', NULL, '2023-05-01 01:37:54', '2023-05-01 01:37:54', 0);
INSERT INTO `sys_login_log` VALUES ('1652879466275917826', 'admin', '127.0.0.1', 1, '登录成功', '2023-05-01 11:35:47', '2023-05-01 11:35:48', '2023-05-01 11:35:48', 0);
INSERT INTO `sys_login_log` VALUES ('1652906215688704002', 'admin', '127.0.0.1', 1, '登录成功', '2023-05-01 13:22:04', '2023-05-01 13:22:06', '2023-05-01 13:22:06', 0);
INSERT INTO `sys_login_log` VALUES ('1652917108812128257', 'admin', '127.0.0.1', 1, '登录成功', '2023-05-01 14:05:20', '2023-05-01 14:05:23', '2023-05-01 14:05:23', 0);
INSERT INTO `sys_login_log` VALUES ('1652917292640083969', 'admin', '127.0.0.1', 1, '登录成功', '2023-05-01 14:06:06', '2023-05-01 14:06:07', '2023-05-01 14:06:07', 0);
INSERT INTO `sys_login_log` VALUES ('1653000849605595138', 'admin', '192.168.56.1', 1, '登录成功', '2023-05-01 19:38:08', '2023-05-01 19:38:08', '2023-05-01 19:38:08', 0);
INSERT INTO `sys_login_log` VALUES ('1653044639070486529', 'admin', '192.168.56.1', 1, '登录成功', '2023-05-01 22:32:09', '2023-05-01 22:32:09', '2023-05-01 22:32:09', 0);
INSERT INTO `sys_login_log` VALUES ('1653049568942194689', 'admin', '192.168.56.1', 1, '登录成功', '2023-05-01 22:51:44', '2023-05-01 22:51:44', '2023-05-01 22:51:44', 0);
INSERT INTO `sys_login_log` VALUES ('1653051590634487809', 'admin', '192.168.56.1', 1, '登录成功', '2023-05-01 22:59:46', '2023-05-01 22:59:46', '2023-05-01 22:59:46', 0);
INSERT INTO `sys_login_log` VALUES ('1653052114561777665', 'admin', '192.168.56.1', 1, '登录成功', '2023-05-01 23:01:51', '2023-05-01 23:01:51', '2023-05-01 23:01:51', 0);
INSERT INTO `sys_login_log` VALUES ('1653053837711831041', 'admin', '192.168.56.1', 1, '登录成功', '2023-05-01 23:08:42', '2023-05-01 23:08:42', '2023-05-01 23:08:42', 0);
INSERT INTO `sys_login_log` VALUES ('1653054001583288322', 'admin', '192.168.56.1', 1, '登录成功', '2023-05-01 23:09:21', '2023-05-01 23:09:21', '2023-05-01 23:09:21', 0);
INSERT INTO `sys_login_log` VALUES ('1653063574322941953', 'admin', '192.168.56.1', 1, '登录成功', '2023-05-01 23:47:23', '2023-05-01 23:47:23', '2023-05-01 23:47:23', 0);
INSERT INTO `sys_login_log` VALUES ('1653078763780984834', 'admin', '192.168.56.1', 1, '登录成功', '2023-05-02 00:47:45', '2023-05-02 00:47:45', '2023-05-02 00:47:45', 0);
INSERT INTO `sys_login_log` VALUES ('1653084476469223425', 'admin', '192.168.56.1', 1, '登录成功', '2023-05-02 01:10:27', '2023-05-02 01:10:27', '2023-05-02 01:10:27', 0);
INSERT INTO `sys_login_log` VALUES ('1653085233360740354', 'admin', '192.168.56.1', 1, '登录成功', '2023-05-02 01:13:27', '2023-05-02 01:13:27', '2023-05-02 01:13:27', 0);
INSERT INTO `sys_login_log` VALUES ('1653086087048429570', 'admin', '192.168.56.1', 1, '登录成功', '2023-05-02 01:16:51', '2023-05-02 01:16:51', '2023-05-02 01:16:51', 0);
INSERT INTO `sys_login_log` VALUES ('1653090473912909826', 'admin', '192.168.56.1', 1, '登录成功', '2023-05-02 01:34:17', '2023-05-02 01:34:17', '2023-05-02 01:34:17', 0);
INSERT INTO `sys_login_log` VALUES ('1653108531909967873', 'admin', '192.168.56.1', 1, '登录成功', '2023-05-02 02:46:02', '2023-05-02 02:46:02', '2023-05-02 02:46:02', 0);
INSERT INTO `sys_login_log` VALUES ('1653112598296084482', 'admin', '192.168.56.1', 1, '登录成功', '2023-05-02 03:02:11', '2023-05-02 03:02:11', '2023-05-02 03:02:11', 0);
INSERT INTO `sys_login_log` VALUES ('1653143515668500482', 'admin', '192.168.56.1', 1, '登录成功', '2023-05-02 05:05:03', '2023-05-02 05:05:03', '2023-05-02 05:05:03', 0);
INSERT INTO `sys_login_log` VALUES ('1653163584217726977', 'admin', '192.168.56.1', 1, '登录成功', '2023-05-02 06:24:47', '2023-05-02 06:24:47', '2023-05-02 06:24:47', 0);
INSERT INTO `sys_login_log` VALUES ('1687900707160113154', 'admin', '0:0:0:0:0:0:0:1', 1, '登录成功', '2023-08-06 02:57:43', '2023-08-06 02:57:43', '2023-08-06 02:57:43', 0);
INSERT INTO `sys_login_log` VALUES ('1688105965056487426', 'admin', '0:0:0:0:0:0:0:1', 1, '登录成功', '2023-08-06 16:33:20', '2023-08-06 16:33:20', '2023-08-06 16:33:20', 0);
INSERT INTO `sys_login_log` VALUES ('1688117882689003521', 'admin', '0:0:0:0:0:0:0:1', 1, '登录成功', '2023-08-06 17:20:42', '2023-08-06 17:20:42', '2023-08-06 17:20:42', 0);
INSERT INTO `sys_login_log` VALUES ('1688123869797920769', 'admin', '0:0:0:0:0:0:0:1', 1, '登录成功', '2023-08-06 17:44:29', '2023-08-06 17:44:29', '2023-08-06 17:44:29', 0);
INSERT INTO `sys_login_log` VALUES ('1688123939192680449', 'admin', '0:0:0:0:0:0:0:1', 1, '登录成功', '2023-08-06 17:44:46', '2023-08-06 17:44:46', '2023-08-06 17:44:46', 0);
INSERT INTO `sys_login_log` VALUES ('1688124425425760257', 'admin', '0:0:0:0:0:0:0:1', 1, '登录成功', '2023-08-06 17:46:42', '2023-08-06 17:46:42', '2023-08-06 17:46:42', 0);
INSERT INTO `sys_login_log` VALUES ('1688157876220674049', 'admin', '0:0:0:0:0:0:0:1', 1, '登录成功', '2023-08-06 19:59:37', '2023-08-06 19:59:37', '2023-08-06 19:59:37', 0);
INSERT INTO `sys_login_log` VALUES ('1688158012220981249', 'admin', '0:0:0:0:0:0:0:1', 1, '登录成功', '2023-08-06 20:00:09', '2023-08-06 20:00:09', '2023-08-06 20:00:09', 0);
INSERT INTO `sys_login_log` VALUES ('1691104870924816385', 'admin', '0:0:0:0:0:0:0:1', 1, '登录成功', '2023-08-14 23:09:55', '2023-08-14 23:09:55', '2023-08-14 23:09:55', 0);
INSERT INTO `sys_login_log` VALUES ('1693213462083727361', 'admin', '0:0:0:0:0:0:0:1', 1, '登录成功', '2023-08-20 18:48:42', '2023-08-20 18:48:42', '2023-08-20 18:48:42', 0);
INSERT INTO `sys_login_log` VALUES ('1693218444354867202', 'admin', '0:0:0:0:0:0:0:1', 1, '登录成功', '2023-08-20 19:08:30', '2023-08-20 19:08:30', '2023-08-20 19:08:30', 0);
INSERT INTO `sys_login_log` VALUES ('1693221922032652290', 'admin', '0:0:0:0:0:0:0:1', 1, '登录成功', '2023-08-20 19:22:19', '2023-08-20 19:22:19', '2023-08-20 19:22:19', 0);
INSERT INTO `sys_login_log` VALUES ('1693241631419494402', 'admin', '0:0:0:0:0:0:0:1', 1, '登录成功', '2023-08-20 20:40:38', '2023-08-20 20:40:38', '2023-08-20 20:40:38', 0);
INSERT INTO `sys_login_log` VALUES ('1693242224364056578', 'admin', '0:0:0:0:0:0:0:1', 1, '登录成功', '2023-08-20 20:43:00', '2023-08-20 20:43:00', '2023-08-20 20:43:00', 0);
INSERT INTO `sys_login_log` VALUES ('1693261562974412802', 'admin', '0:0:0:0:0:0:0:1', 1, '登录成功', '2023-08-20 21:59:51', '2023-08-20 21:59:51', '2023-08-20 21:59:51', 0);
INSERT INTO `sys_login_log` VALUES ('1693265788756664321', 'admin', '0:0:0:0:0:0:0:1', 1, '登录成功', '2023-08-20 22:16:38', '2023-08-20 22:16:38', '2023-08-20 22:16:38', 0);
INSERT INTO `sys_login_log` VALUES ('1693266267926536193', 'admin', '0:0:0:0:0:0:0:1', 1, '登录成功', '2023-08-20 22:18:32', '2023-08-20 22:18:32', '2023-08-20 22:18:32', 0);
INSERT INTO `sys_login_log` VALUES ('1695455152773292033', 'admin', '0:0:0:0:0:0:0:1', 1, '登录成功', '2023-08-26 23:16:23', '2023-08-26 23:16:23', '2023-08-26 23:16:23', 0);
INSERT INTO `sys_login_log` VALUES ('1695463482925277186', 'admin', '192.168.56.1', 1, '登录成功', '2023-08-26 23:49:29', '2023-08-26 23:49:29', '2023-08-26 23:49:29', 0);
INSERT INTO `sys_login_log` VALUES ('1695816299477319682', 'admin', '0:0:0:0:0:0:0:1', 1, '登录成功', '2023-08-27 23:11:27', '2023-08-27 23:11:27', '2023-08-27 23:11:27', 0);
INSERT INTO `sys_login_log` VALUES ('1697274531798401025', 'admin', '0:0:0:0:0:0:0:1', 1, '登录成功', '2023-08-31 23:45:57', '2023-08-31 23:45:57', '2023-08-31 23:45:57', 0);
INSERT INTO `sys_login_log` VALUES ('1699074411713916930', 'admin', '0:0:0:0:0:0:0:1', 1, '登录成功', '2023-09-05 22:58:02', '2023-09-05 22:58:02', '2023-09-05 22:58:02', 0);
INSERT INTO `sys_login_log` VALUES ('1699422396213719041', 'admin', '192.168.56.1', 1, '登录成功', '2023-09-06 22:00:48', '2023-09-06 22:00:48', '2023-09-06 22:00:48', 0);
INSERT INTO `sys_login_log` VALUES ('1699619405987057666', 'admin', '0:0:0:0:0:0:0:1', 1, '登录成功', '2023-09-07 11:03:38', '2023-09-07 11:03:38', '2023-09-07 11:03:38', 0);
INSERT INTO `sys_login_log` VALUES ('1699815797660688385', 'admin', '0:0:0:0:0:0:0:1', 1, '登录成功', '2023-09-08 00:04:02', '2023-09-08 00:04:02', '2023-09-08 00:04:02', 0);
INSERT INTO `sys_login_log` VALUES ('1699981916951318530', 'admin', '0:0:0:0:0:0:0:1', 1, '登录成功', '2023-09-08 11:04:08', '2023-09-08 11:04:08', '2023-09-08 11:04:08', 0);
INSERT INTO `sys_login_log` VALUES ('1700046775382491137', 'admin', '0:0:0:0:0:0:0:1', 1, '登录成功', '2023-09-08 15:21:51', '2023-09-08 15:21:51', '2023-09-08 15:21:51', 0);
INSERT INTO `sys_login_log` VALUES ('1700065402835963906', 'admin', '0:0:0:0:0:0:0:1', 1, '登录成功', '2023-09-08 16:35:52', '2023-09-08 16:35:52', '2023-09-08 16:35:52', 0);
INSERT INTO `sys_login_log` VALUES ('1700555655073067010', 'admin', '0:0:0:0:0:0:0:1', 1, '登录成功', '2023-09-10 01:03:58', '2023-09-10 01:03:58', '2023-09-10 01:03:58', 0);
INSERT INTO `sys_login_log` VALUES ('1700744873686695937', 'admin', '0:0:0:0:0:0:0:1', 1, '登录成功', '2023-09-10 13:35:51', '2023-09-10 13:35:51', '2023-09-10 13:35:51', 0);
INSERT INTO `sys_login_log` VALUES ('1701042433693429761', 'admin', '0:0:0:0:0:0:0:1', 1, '登录成功', '2023-09-11 09:18:15', '2023-09-11 09:18:15', '2023-09-11 09:18:15', 0);
INSERT INTO `sys_login_log` VALUES ('1701258630280048642', 'admin', '0:0:0:0:0:0:0:1', 1, '登录成功', '2023-09-11 23:37:20', '2023-09-11 23:37:20', '2023-09-11 23:37:20', 0);
INSERT INTO `sys_login_log` VALUES ('1701514372774903809', 'admin', '0:0:0:0:0:0:0:1', 1, '登录成功', '2023-09-12 16:33:34', '2023-09-12 16:33:34', '2023-09-12 16:33:34', 0);
INSERT INTO `sys_login_log` VALUES ('1701594688091852801', 'admin', '0:0:0:0:0:0:0:1', 1, '登录成功', '2023-09-12 21:52:42', '2023-09-12 21:52:42', '2023-09-12 21:52:42', 0);
INSERT INTO `sys_login_log` VALUES ('1701791698266963969', 'admin', '0:0:0:0:0:0:0:1', 1, '登录成功', '2023-09-13 10:55:33', '2023-09-13 10:55:33', '2023-09-13 10:55:33', 0);
INSERT INTO `sys_login_log` VALUES ('1702369177092837377', 'admin', '0:0:0:0:0:0:0:1', 1, '登录成功', '2023-09-15 01:10:15', '2023-09-15 01:10:15', '2023-09-15 01:10:15', 0);
INSERT INTO `sys_login_log` VALUES ('1702369482752741377', 'admin', '0:0:0:0:0:0:0:1', 1, '登录成功', '2023-09-15 01:11:28', '2023-09-15 01:11:28', '2023-09-15 01:11:28', 0);
INSERT INTO `sys_login_log` VALUES ('1702370208879038466', 'admin', '0:0:0:0:0:0:0:1', 1, '登录成功', '2023-09-15 01:14:21', '2023-09-15 01:14:21', '2023-09-15 01:14:21', 0);
INSERT INTO `sys_login_log` VALUES ('1702375395328872449', 'admin', '0:0:0:0:0:0:0:1', 1, '登录成功', '2023-09-15 01:34:58', '2023-09-15 01:34:58', '2023-09-15 01:34:58', 0);
INSERT INTO `sys_login_log` VALUES ('1702596271882153986', 'admin', '0:0:0:0:0:0:0:1', 1, '登录成功', '2023-09-15 16:12:39', '2023-09-15 16:12:39', '2023-09-15 16:12:39', 0);
INSERT INTO `sys_login_log` VALUES ('1702697279165579265', 'admin', '0:0:0:0:0:0:0:1', 1, '登录成功', '2023-09-15 22:54:01', '2023-09-15 22:54:01', '2023-09-15 22:54:01', 0);
INSERT INTO `sys_login_log` VALUES ('1702712715726831618', 'admin', '0:0:0:0:0:0:0:1', 1, '登录成功', '2023-09-15 23:55:21', '2023-09-15 23:55:21', '2023-09-15 23:55:21', 0);
INSERT INTO `sys_login_log` VALUES ('1702950844790505473', 'admin', '0:0:0:0:0:0:0:1', 1, '登录成功', '2023-09-16 15:41:35', '2023-09-16 15:41:35', '2023-09-16 15:41:35', 0);
INSERT INTO `sys_login_log` VALUES ('1703018898408890369', 'admin', '0:0:0:0:0:0:0:1', 1, '登录成功', '2023-09-16 20:12:01', '2023-09-16 20:12:01', '2023-09-16 20:12:01', 0);
INSERT INTO `sys_login_log` VALUES ('1703019731146006530', 'admin', '0:0:0:0:0:0:0:1', 1, '登录成功', '2023-09-16 20:15:19', '2023-09-16 20:15:19', '2023-09-16 20:15:19', 0);
INSERT INTO `sys_login_log` VALUES ('1703045802276995073', 'admin', '0:0:0:0:0:0:0:1', 1, '登录成功', '2023-09-16 21:58:55', '2023-09-16 21:58:55', '2023-09-16 21:58:55', 0);
INSERT INTO `sys_login_log` VALUES ('1703054385874006018', 'admin', '0:0:0:0:0:0:0:1', 1, '登录成功', '2023-09-16 22:33:01', '2023-09-16 22:33:01', '2023-09-16 22:33:01', 0);
INSERT INTO `sys_login_log` VALUES ('1703055442247217153', 'admin', '0:0:0:0:0:0:0:1', 1, '登录成功', '2023-09-16 22:37:13', '2023-09-16 22:37:13', '2023-09-16 22:37:13', 0);
INSERT INTO `sys_login_log` VALUES ('1703061993347411969', 'admin', '0:0:0:0:0:0:0:1', 1, '登录成功', '2023-09-16 23:03:15', '2023-09-16 23:03:15', '2023-09-16 23:03:15', 0);
INSERT INTO `sys_login_log` VALUES ('1703063270605254657', 'admin', '0:0:0:0:0:0:0:1', 1, '登录成功', '2023-09-16 23:08:20', '2023-09-16 23:08:20', '2023-09-16 23:08:20', 0);
INSERT INTO `sys_login_log` VALUES ('1703064655879008258', 'zz21', '0:0:0:0:0:0:0:1', 1, '登录成功', '2023-09-16 23:13:50', '2023-09-16 23:13:50', '2023-09-16 23:13:50', 0);
INSERT INTO `sys_login_log` VALUES ('1703064695615844353', 'zz21', '0:0:0:0:0:0:0:1', 1, '登录成功', '2023-09-16 23:14:00', '2023-09-16 23:14:00', '2023-09-16 23:14:00', 0);
INSERT INTO `sys_login_log` VALUES ('1703064722815905793', 'admin', '0:0:0:0:0:0:0:1', 1, '登录成功', '2023-09-16 23:14:06', '2023-09-16 23:14:06', '2023-09-16 23:14:06', 0);
INSERT INTO `sys_login_log` VALUES ('1703064826994028546', 'zz21', '0:0:0:0:0:0:0:1', 1, '登录成功', '2023-09-16 23:14:31', '2023-09-16 23:14:31', '2023-09-16 23:14:31', 0);
INSERT INTO `sys_login_log` VALUES ('1703065065868029953', 'admin', '0:0:0:0:0:0:0:1', 1, '登录成功', '2023-09-16 23:15:28', '2023-09-16 23:15:28', '2023-09-16 23:15:28', 0);
INSERT INTO `sys_login_log` VALUES ('1703065659865362433', 'zz21', '0:0:0:0:0:0:0:1', 1, '登录成功', '2023-09-16 23:17:49', '2023-09-16 23:17:49', '2023-09-16 23:17:49', 0);
INSERT INTO `sys_login_log` VALUES ('1703065696691351553', 'zz21', '0:0:0:0:0:0:0:1', 1, '登录成功', '2023-09-16 23:17:58', '2023-09-16 23:17:58', '2023-09-16 23:17:58', 0);
INSERT INTO `sys_login_log` VALUES ('1703066003164950530', 'admin', '0:0:0:0:0:0:0:1', 1, '登录成功', '2023-09-16 23:19:11', '2023-09-16 23:19:11', '2023-09-16 23:19:11', 0);
INSERT INTO `sys_login_log` VALUES ('1703066818399236097', 'admin', '0:0:0:0:0:0:0:1', 1, '登录成功', '2023-09-16 23:22:26', '2023-09-16 23:22:26', '2023-09-16 23:22:26', 0);
INSERT INTO `sys_login_log` VALUES ('1703066871322963969', 'zz21', '0:0:0:0:0:0:0:1', 1, '登录成功', '2023-09-16 23:22:38', '2023-09-16 23:22:38', '2023-09-16 23:22:38', 0);
INSERT INTO `sys_login_log` VALUES ('1703069542054424578', 'admin', '0:0:0:0:0:0:0:1', 1, '登录成功', '2023-09-16 23:33:15', '2023-09-16 23:33:15', '2023-09-16 23:33:15', 0);
INSERT INTO `sys_login_log` VALUES ('1703094602999853057', 'admin', '0:0:0:0:0:0:0:1', 1, '登录成功', '2023-09-17 01:12:50', '2023-09-17 01:12:50', '2023-09-17 01:12:50', 0);
INSERT INTO `sys_login_log` VALUES ('1703094607953326081', 'admin', '0:0:0:0:0:0:0:1', 1, '登录成功', '2023-09-17 01:12:51', '2023-09-17 01:12:51', '2023-09-17 01:12:51', 0);
INSERT INTO `sys_login_log` VALUES ('1703094619458301953', 'admin', '0:0:0:0:0:0:0:1', 1, '登录成功', '2023-09-17 01:12:54', '2023-09-17 01:12:54', '2023-09-17 01:12:54', 0);
INSERT INTO `sys_login_log` VALUES ('1703094622469812225', 'admin', '0:0:0:0:0:0:0:1', 1, '登录成功', '2023-09-17 01:12:55', '2023-09-17 01:12:55', '2023-09-17 01:12:55', 0);
INSERT INTO `sys_login_log` VALUES ('1703094654027755521', 'admin', '0:0:0:0:0:0:0:1', 1, '登录成功', '2023-09-17 01:13:02', '2023-09-17 01:13:02', '2023-09-17 01:13:02', 0);
INSERT INTO `sys_login_log` VALUES ('1703094659069308930', 'admin', '0:0:0:0:0:0:0:1', 1, '登录成功', '2023-09-17 01:13:03', '2023-09-17 01:13:03', '2023-09-17 01:13:03', 0);
INSERT INTO `sys_login_log` VALUES ('1703094809909063682', 'admin', '0:0:0:0:0:0:0:1', 1, '登录成功', '2023-09-17 01:13:39', '2023-09-17 01:13:39', '2023-09-17 01:13:39', 0);
INSERT INTO `sys_login_log` VALUES ('1703104966449754114', 'admin', '0:0:0:0:0:0:0:1', 1, '登录成功', '2023-09-17 01:54:01', '2023-09-17 01:54:01', '2023-09-17 01:54:01', 0);
INSERT INTO `sys_login_log` VALUES ('1703116820249112577', 'admin', '0:0:0:0:0:0:0:1', 1, '登录成功', '2023-09-17 02:41:07', '2023-09-17 02:41:07', '2023-09-17 02:41:07', 0);
INSERT INTO `sys_login_log` VALUES ('1703266680101236738', 'admin', '0:0:0:0:0:0:0:1', 1, '登录成功', '2023-09-17 12:36:36', '2023-09-17 12:36:36', '2023-09-17 12:36:36', 0);
INSERT INTO `sys_login_log` VALUES ('1703316133055148034', 'admin', '0:0:0:0:0:0:0:1', 1, '登录成功', '2023-09-17 15:53:07', '2023-09-17 15:53:07', '2023-09-17 15:53:07', 0);
INSERT INTO `sys_login_log` VALUES ('1703331241374314498', 'zz21', '0:0:0:0:0:0:0:1', 1, '登录成功', '2023-09-17 16:53:09', '2023-09-17 16:53:09', '2023-09-17 16:53:09', 0);
INSERT INTO `sys_login_log` VALUES ('1703331688805888001', 'admin', '0:0:0:0:0:0:0:1', 1, '登录成功', '2023-09-17 16:54:56', '2023-09-17 16:54:56', '2023-09-17 16:54:56', 0);
INSERT INTO `sys_login_log` VALUES ('1703337105485266946', 'zz21', '0:0:0:0:0:0:0:1', 1, '登录成功', '2023-09-17 17:16:27', '2023-09-17 17:16:27', '2023-09-17 17:16:27', 0);
INSERT INTO `sys_login_log` VALUES ('1703337136992878593', 'admin', '0:0:0:0:0:0:0:1', 1, '登录成功', '2023-09-17 17:16:35', '2023-09-17 17:16:35', '2023-09-17 17:16:35', 0);
INSERT INTO `sys_login_log` VALUES ('1703337301740945410', 'zz21', '0:0:0:0:0:0:0:1', 1, '登录成功', '2023-09-17 17:17:14', '2023-09-17 17:17:14', '2023-09-17 17:17:14', 0);
INSERT INTO `sys_login_log` VALUES ('1703340449230553090', 'admin', '0:0:0:0:0:0:0:1', 1, '登录成功', '2023-09-17 17:29:44', '2023-09-17 17:29:44', '2023-09-17 17:29:44', 0);
INSERT INTO `sys_login_log` VALUES ('1703817036807892993', 'admin', '0:0:0:0:0:0:0:1', 1, '登录成功', '2023-09-19 01:03:32', '2023-09-19 01:03:32', '2023-09-19 01:03:32', 0);
INSERT INTO `sys_login_log` VALUES ('1703822254400397313', 'admin', '0:0:0:0:0:0:0:1', 1, '登录成功', '2023-09-19 01:24:16', '2023-09-19 01:24:16', '2023-09-19 01:24:16', 0);
INSERT INTO `sys_login_log` VALUES ('1703823954242768898', 'zz21', '0:0:0:0:0:0:0:1', 1, '登录成功', '2023-09-19 01:31:01', '2023-09-19 01:31:01', '2023-09-19 01:31:01', 0);
INSERT INTO `sys_login_log` VALUES ('1703824014766575618', 'admin', '0:0:0:0:0:0:0:1', 1, '登录成功', '2023-09-19 01:31:15', '2023-09-19 01:31:15', '2023-09-19 01:31:15', 0);
INSERT INTO `sys_login_log` VALUES ('1703825804429946881', 'admin', '0:0:0:0:0:0:0:1', 1, '登录成功', '2023-09-19 01:38:22', '2023-09-19 01:38:22', '2023-09-19 01:38:22', 0);
INSERT INTO `sys_login_log` VALUES ('1703826687020572674', 'admin', '0:0:0:0:0:0:0:1', 1, '登录成功', '2023-09-19 01:41:52', '2023-09-19 01:41:52', '2023-09-19 01:41:52', 0);
INSERT INTO `sys_login_log` VALUES ('1703827640335482882', 'admin', '0:0:0:0:0:0:0:1', 1, '登录成功', '2023-09-19 01:45:40', '2023-09-19 01:45:40', '2023-09-19 01:45:40', 0);
INSERT INTO `sys_login_log` VALUES ('1703831180831408129', 'admin', '0:0:0:0:0:0:0:1', 1, '登录成功', '2023-09-19 01:59:44', '2023-09-19 01:59:44', '2023-09-19 01:59:44', 0);
INSERT INTO `sys_login_log` VALUES ('1703832576737722369', 'admin', '0:0:0:0:0:0:0:1', 1, '登录成功', '2023-09-19 02:05:17', '2023-09-19 02:05:17', '2023-09-19 02:05:17', 0);
INSERT INTO `sys_login_log` VALUES ('1703846343039041538', 'admin', '0:0:0:0:0:0:0:1', 1, '登录成功', '2023-09-19 02:59:59', '2023-09-19 02:59:59', '2023-09-19 02:59:59', 0);
INSERT INTO `sys_login_log` VALUES ('1842439049893687298', 'admin', '0:0:0:0:0:0:0:1', 1, '登录成功', '2024-10-05 13:37:55', '2024-10-05 13:37:55', '2024-10-05 13:37:55', 0);
INSERT INTO `sys_login_log` VALUES ('1842461805523800066', 'admin', '0:0:0:0:0:0:0:1', 1, '登录成功', '2024-10-05 15:08:20', '2024-10-05 15:08:20', '2024-10-05 15:08:20', 0);
INSERT INTO `sys_login_log` VALUES ('1842512691839180802', 'admin', '0:0:0:0:0:0:0:1', 1, '登录成功', '2024-10-05 18:30:33', '2024-10-05 18:30:33', '2024-10-05 18:30:33', 0);
INSERT INTO `sys_login_log` VALUES ('1842825699580739585', 'admin', '0:0:0:0:0:0:0:1', 1, '登录成功', '2024-10-06 15:14:19', '2024-10-06 15:14:19', '2024-10-06 15:14:19', 0);

-- ----------------------------
-- Table structure for sys_menu
-- ----------------------------
DROP TABLE IF EXISTS `sys_menu`;
CREATE TABLE `sys_menu`  (
  `id` varchar(255) CHARACTER SET utf8mb4 COLLATE utf8mb4_0900_ai_ci NOT NULL COMMENT '编号',
  `parent_id` varchar(255) CHARACTER SET utf8mb4 COLLATE utf8mb4_0900_ai_ci NOT NULL DEFAULT '0' COMMENT '所属上级',
  `name` varchar(20) CHARACTER SET utf8mb4 COLLATE utf8mb4_0900_ai_ci NOT NULL DEFAULT '' COMMENT '名称',
  `type` tinyint NOT NULL DEFAULT 0 COMMENT '类型(0:目录,1:菜单,2:按钮)',
  `path` varchar(100) CHARACTER SET utf8mb4 COLLATE utf8mb4_0900_ai_ci NULL DEFAULT NULL COMMENT '路由地址',
  `component` varchar(100) CHARACTER SET utf8mb4 COLLATE utf8mb4_0900_ai_ci NULL DEFAULT NULL COMMENT '组件路径',
  `perms` varchar(100) CHARACTER SET utf8mb4 COLLATE utf8mb4_0900_ai_ci NULL DEFAULT NULL COMMENT '权限标识',
  `icon` varchar(100) CHARACTER SET utf8mb4 COLLATE utf8mb4_0900_ai_ci NULL DEFAULT NULL COMMENT '图标',
  `sort_value` int NULL DEFAULT NULL COMMENT '排序',
  `status` tinyint NULL DEFAULT NULL COMMENT '状态(0:禁止,1:正常)',
  `create_time` timestamp NOT NULL DEFAULT CURRENT_TIMESTAMP COMMENT '创建时间',
  `update_time` timestamp NOT NULL DEFAULT CURRENT_TIMESTAMP ON UPDATE CURRENT_TIMESTAMP COMMENT '更新时间',
  `is_deleted` tinyint NOT NULL DEFAULT 0 COMMENT '删除标记（0:可用 1:已删除）',
  PRIMARY KEY (`id`) USING BTREE,
  INDEX `idx_parent_id`(`parent_id`) USING BTREE
) ENGINE = InnoDB CHARACTER SET = utf8mb4 COLLATE = utf8mb4_0900_ai_ci COMMENT = '菜单表' ROW_FORMAT = DYNAMIC;

-- ----------------------------
-- Records of sys_menu
-- ----------------------------
INSERT INTO `sys_menu` VALUES ('07e9b8c265f824bc7f5d0149523cc92c', '2', '字典管理', 0, 'sysDic', 'ParentView', '', 'iconfont icon-zidianguanli', 7, 1, '2023-04-13 11:04:42', '2023-09-15 01:34:08', 0);
INSERT INTO `sys_menu` VALUES ('10', '4', '查看', 2, NULL, NULL, 'bnt.sysRole.list', NULL, 1, 1, '2021-05-31 18:05:37', '2022-06-09 09:22:38', 0);
INSERT INTO `sys_menu` VALUES ('11', '4', '添加', 2, NULL, NULL, 'bnt.sysRole.add', NULL, 1, 1, '2021-05-31 18:05:37', '2022-06-09 09:22:38', 0);
INSERT INTO `sys_menu` VALUES ('12', '4', '修改', 2, NULL, NULL, 'bnt.sysRole.update', NULL, 1, 1, '2021-05-31 18:05:37', '2022-06-09 09:22:38', 0);
INSERT INTO `sys_menu` VALUES ('13', '4', '删除', 2, NULL, NULL, 'bnt.sysRole.remove', NULL, 1, 1, '2021-05-31 18:05:37', '2022-06-09 09:22:38', 0);
INSERT INTO `sys_menu` VALUES ('14', '5', '查看', 2, NULL, NULL, 'bnt.sysMenu.list', NULL, 1, 1, '2021-05-31 18:05:37', '2022-06-09 09:22:38', 0);
INSERT INTO `sys_menu` VALUES ('15', '5', '添加', 2, NULL, NULL, 'bnt.sysMenu.add', NULL, 1, 1, '2021-05-31 18:05:37', '2022-06-09 09:22:38', 0);
INSERT INTO `sys_menu` VALUES ('16', '5', '修改', 2, NULL, NULL, 'bnt.sysMenu.update', NULL, 1, 1, '2021-05-31 18:05:37', '2022-06-09 09:22:38', 0);
INSERT INTO `sys_menu` VALUES ('1688123213473230850', '0', '库存管理', 0, '/kc', 'Layout', '', 'iconfont icon-kucunguanli', 0, 1, '2023-08-06 17:41:53', '2023-09-15 01:33:44', 0);
INSERT INTO `sys_menu` VALUES ('1688123841486368769', '1688123213473230850', '物品分组', 1, 'group', 'pages/business/kcGsGroup', '', 'iconfont icon-fenzu', 1, 1, '2023-08-06 17:44:22', '2023-09-15 01:13:50', 0);
INSERT INTO `sys_menu` VALUES ('1688124249835417602', '1688123841486368769', '新增', 2, '', '', 'bnt.kcGsGroup.add', '', 1, 1, '2023-08-06 17:46:00', '2023-08-06 17:46:00', 0);
INSERT INTO `sys_menu` VALUES ('1688124309843324929', '1688123841486368769', '修改', 2, '', '', 'bnt.kcGsGroup.update', '', 1, 1, '2023-08-06 17:46:14', '2023-08-06 17:46:14', 0);
INSERT INTO `sys_menu` VALUES ('1688124364067287041', '1688123841486368769', '删除', 2, '', '', 'bnt.kcGsGroup.remove', '', 1, 1, '2023-08-06 17:46:27', '2023-08-06 17:46:27', 0);
INSERT INTO `sys_menu` VALUES ('1688124407813877761', '1688123841486368769', '查询', 2, '', '', 'bnt.kcGsGroup.list', '', 1, 1, '2023-08-06 17:46:37', '2023-08-06 17:46:37', 0);
INSERT INTO `sys_menu` VALUES ('1688157462419030018', '1688123213473230850', '物品管理', 1, 'kcGoods', 'pages/business/kcGoods', '', 'iconfont icon-wupin', 2, 1, '2023-08-06 19:57:58', '2023-09-15 01:13:58', 0);
INSERT INTO `sys_menu` VALUES ('1688157721341804546', '1688157462419030018', '查询', 2, '', '', 'bnt.kcGoods.list', '', 1, 1, '2023-08-06 19:59:00', '2023-08-06 19:59:00', 0);
INSERT INTO `sys_menu` VALUES ('1688157772499730434', '1688157462419030018', '新增', 2, '', '', 'bnt.kcGoods.add', '', 1, 1, '2023-08-06 19:59:12', '2023-08-06 19:59:12', 0);
INSERT INTO `sys_menu` VALUES ('1688157815650729985', '1688157462419030018', '修改', 2, '', '', 'bnt.kcGoods.update', '', 1, 1, '2023-08-06 19:59:22', '2023-08-06 19:59:22', 0);
INSERT INTO `sys_menu` VALUES ('1688157859149856769', '1688157462419030018', '删除', 2, '', '', 'bnt.kcGoods.remove', '', 1, 1, '2023-08-06 19:59:33', '2023-08-06 19:59:33', 0);
INSERT INTO `sys_menu` VALUES ('1693220558657359874', '1688123213473230850', '物品销售', 1, 'sales', 'pages/business/kcSalesRecords', '', 'iconfont icon-xs', 3, 1, '2023-08-20 19:16:54', '2023-09-15 01:14:06', 0);
INSERT INTO `sys_menu` VALUES ('1693221302559117313', '1693220558657359874', '查看', 2, '', '', 'bnt.kcSalesRecords.list', '', 1, 1, '2023-08-20 19:19:52', '2023-08-20 19:19:52', 0);
INSERT INTO `sys_menu` VALUES ('1693221551184875522', '1688123213473230850', '物品入库', 1, 'stock', 'pages/business/kcStockRecords', '', 'iconfont icon-ruku', 4, 1, '2023-08-20 19:20:51', '2023-09-15 01:14:15', 0);
INSERT INTO `sys_menu` VALUES ('1693221902269091841', '1693221551184875522', '查看', 2, '', '', 'bnt.kcStockRecords.list', '', 1, 1, '2023-08-20 19:22:15', '2023-08-20 19:22:15', 0);
INSERT INTO `sys_menu` VALUES ('1693235562764898306', '1693220558657359874', '修改', 2, '', '', 'bnt.kcSalesRecords.update', '', 1, 1, '2023-08-20 20:16:32', '2023-08-20 20:16:50', 1);
INSERT INTO `sys_menu` VALUES ('1693235624777682945', '1693220558657359874', '添加', 2, '', '', 'bnt.kcSalesRecords.add', '', 1, 1, '2023-08-20 20:16:46', '2023-08-20 20:25:41', 0);
INSERT INTO `sys_menu` VALUES ('1693237943388934146', '1693221551184875522', '添加', 2, '', '', 'bnt.kcStockRecords.add', '', 1, 1, '2023-08-20 20:25:59', '2023-08-20 20:25:59', 0);
INSERT INTO `sys_menu` VALUES ('1693242092956512258', '1693220558657359874', '删除', 2, '', '', 'bnt.kcSalesRecords.remove', '', 1, 1, '2023-08-20 20:42:29', '2023-08-20 20:42:29', 0);
INSERT INTO `sys_menu` VALUES ('1693242189974958081', '1693221551184875522', '删除', 2, '', '', 'bnt.kcStockRecords.remove', '', 1, 1, '2023-08-20 20:42:52', '2023-08-20 20:42:52', 0);
INSERT INTO `sys_menu` VALUES ('17', '5', '删除', 2, NULL, NULL, 'bnt.sysMenu.remove', NULL, 1, 1, '2021-05-31 18:05:37', '2022-06-09 09:22:38', 0);
INSERT INTO `sys_menu` VALUES ('1702712405893595137', '1693221551184875522', '修改', 2, '', '', 'bnt.kcStockRecords.update', '', 1, 1, '2023-09-15 23:54:07', '2023-09-15 23:54:07', 0);
INSERT INTO `sys_menu` VALUES ('1702712629575827457', '1693220558657359874', '修改', 2, '', '', 'bnt.kcSalesRecords.update', '', 1, 1, '2023-09-15 23:55:00', '2023-09-15 23:55:00', 0);
INSERT INTO `sys_menu` VALUES ('1703065546304581634', '1688123841486368769', '获取部门', 2, '', '', 'bnt.sysDept.list', '', 1, 1, '2023-09-16 23:17:22', '2023-09-16 23:21:29', 1);
INSERT INTO `sys_menu` VALUES ('1703065617737773057', '1688157462419030018', '获取部门', 2, '', '', 'bnt.sysDept.list', '', 1, 1, '2023-09-16 23:17:39', '2023-09-16 23:21:42', 1);
INSERT INTO `sys_menu` VALUES ('1703086068258107393', '1688123213473230850', '统计分析', 0, '', 'ParentView', '', 'iconfont icon-tongji', 5, 1, '2023-09-17 00:38:55', '2023-09-17 01:12:14', 0);
INSERT INTO `sys_menu` VALUES ('1703104946904297473', '1703086068258107393', '销售统计', 1, 'salesReport', 'pages/tj/SalesReport', '', 'iconfont icon-tongjifenxi', 1, 1, '2023-09-17 01:53:56', '2023-09-17 01:53:56', 0);
INSERT INTO `sys_menu` VALUES ('1703832316976087041', '5b728f902e19e6af9216b76cc82f63fc', '添加', 2, '', '', 'bnt.sysDicItem.add', '', 1, 1, '2023-09-19 02:04:15', '2023-09-19 02:04:15', 0);
INSERT INTO `sys_menu` VALUES ('1703832376891719681', '5b728f902e19e6af9216b76cc82f63fc', '查看', 2, '', '', 'bnt.sysDicItem.list', '', 1, 1, '2023-09-19 02:04:29', '2023-09-19 02:04:29', 0);
INSERT INTO `sys_menu` VALUES ('1703832449537064961', '5b728f902e19e6af9216b76cc82f63fc', '删除', 2, '', '', 'bnt.sysDicItem.remove', '', 1, 1, '2023-09-19 02:04:46', '2023-09-19 02:04:46', 0);
INSERT INTO `sys_menu` VALUES ('1703832553681633281', '5fc8df5d01c4df1ceccd8d8f663deada', '查看', 2, '', '', 'bnt.sysDic.list', '', 1, 1, '2023-09-19 02:05:11', '2023-09-19 02:05:11', 0);
INSERT INTO `sys_menu` VALUES ('18', '3', '分配角色', 2, NULL, NULL, 'bnt.sysUser.assignRole', NULL, 1, 1, '2022-05-23 17:14:32', '2022-06-09 09:22:38', 0);
INSERT INTO `sys_menu` VALUES ('19', '4', '分配权限', 2, 'assignAuth', 'system/sysRole/assignAuth', 'bnt.sysRole.assignAuth', NULL, 1, 1, '2022-05-23 17:18:14', '2022-06-09 09:22:38', 0);
INSERT INTO `sys_menu` VALUES ('2', '0', '系统管理', 0, '/system', 'Layout', NULL, 'el-icon-s-tools', 1, 1, '2021-05-31 18:05:37', '2023-09-19 01:15:56', 0);
INSERT INTO `sys_menu` VALUES ('20', '2', '部门管理', 1, 'sysDept', 'system/sysDept/list', '', 'el-icon-s-operation', 4, 1, '2022-05-24 10:07:05', '2022-06-09 09:38:12', 0);
INSERT INTO `sys_menu` VALUES ('21', '20', '查看', 2, NULL, NULL, 'bnt.sysDept.list', NULL, 1, 1, '2022-05-24 10:07:44', '2022-06-09 09:22:38', 0);
INSERT INTO `sys_menu` VALUES ('22', '2', '岗位管理', 1, 'sysPost', 'system/sysPost/list', '', 'el-icon-more-outline', 5, 1, '2022-05-24 10:25:30', '2022-06-09 09:38:13', 0);
INSERT INTO `sys_menu` VALUES ('23', '22', '查看', 2, NULL, NULL, 'bnt.sysPost.list', NULL, 1, 1, '2022-05-24 10:25:45', '2022-06-09 09:22:38', 0);
INSERT INTO `sys_menu` VALUES ('24', '20', '添加', 2, NULL, NULL, 'bnt.sysDept.add', NULL, 1, 1, '2022-05-25 15:31:27', '2022-06-09 09:22:38', 0);
INSERT INTO `sys_menu` VALUES ('25', '20', '修改', 2, NULL, NULL, 'bnt.sysDept.update', NULL, 1, 1, '2022-05-25 15:31:41', '2022-06-09 09:22:38', 0);
INSERT INTO `sys_menu` VALUES ('26', '20', '删除', 2, NULL, NULL, 'bnt.sysDept.remove', NULL, 1, 1, '2022-05-25 15:31:59', '2022-06-09 09:22:38', 0);
INSERT INTO `sys_menu` VALUES ('27', '22', '添加', 2, NULL, NULL, 'bnt.sysPost.add', NULL, 1, 1, '2022-05-25 15:32:44', '2022-06-09 09:22:38', 0);
INSERT INTO `sys_menu` VALUES ('28', '22', '修改', 2, NULL, NULL, 'bnt.sysPost.update', NULL, 1, 1, '2022-05-25 15:32:58', '2022-06-09 09:22:38', 0);
INSERT INTO `sys_menu` VALUES ('29', '22', '删除', 2, NULL, NULL, 'bnt.sysPost.remove', NULL, 1, 1, '2022-05-25 15:33:11', '2022-06-09 09:22:38', 0);
INSERT INTO `sys_menu` VALUES ('3', '2', '用户管理', 1, 'sysUser', 'system/sysUser/treelist', '', 'el-icon-s-custom', 1, 1, '2021-05-31 18:05:37', '2023-02-22 14:12:57', 0);
INSERT INTO `sys_menu` VALUES ('30', '34', '操作日志', 1, 'sysOperLog', 'pages/log/sysOperLog', '', 'el-icon-document-remove', 7, 1, '2022-05-26 16:09:59', '2023-05-01 00:00:19', 0);
INSERT INTO `sys_menu` VALUES ('31', '30', '查看', 2, NULL, NULL, 'bnt.sysOperLog.list', NULL, 1, 1, '2022-05-26 16:10:17', '2022-06-09 09:22:38', 0);
INSERT INTO `sys_menu` VALUES ('32', '34', '登录日志', 1, 'sysLoginLog', 'pages/log/sysLoginLog', '', 'el-icon-s-goods', 8, 1, '2022-05-26 16:36:13', '2023-05-01 00:00:06', 0);
INSERT INTO `sys_menu` VALUES ('33', '32', '查看', 2, NULL, NULL, 'bnt.sysLoginLog.list', NULL, 1, 1, '2022-05-26 16:36:31', '2022-06-09 09:36:36', 0);
INSERT INTO `sys_menu` VALUES ('34', '2', '日志管理', 0, 'log', 'ParentView', '', 'el-icon-tickets', 6, 1, '2022-05-31 13:23:07', '2023-03-28 05:11:08', 0);
INSERT INTO `sys_menu` VALUES ('34c2f0c5e83706b74c01a640158cd02e', '5fc8df5d01c4df1ceccd8d8f663deada', '删除', 2, '', '', 'bnt.sysDic.remove', '', 1, 1, '2023-04-13 11:07:35', '2023-04-13 11:07:35', 0);
INSERT INTO `sys_menu` VALUES ('4', '2', '角色管理', 1, 'sysRole', 'system/sysRole/list', '', 'el-icon-user-solid', 2, 1, '2021-05-31 18:05:37', '2022-06-09 09:37:18', 0);
INSERT INTO `sys_menu` VALUES ('5', '2', '菜单管理', 1, 'sysMenu', 'system/sysMenu/list', '', 'el-icon-s-unfold', 3, 1, '2021-05-31 18:05:37', '2022-06-09 09:37:21', 0);
INSERT INTO `sys_menu` VALUES ('5b728f902e19e6af9216b76cc82f63fc', '07e9b8c265f824bc7f5d0149523cc92c', '字典选项', 1, 'sysDicItem', 'system/sysDicItem/sysDicItem', '', 'iconfont icon-zidianguanli', 2, 1, '2023-04-13 11:06:03', '2023-09-15 01:34:25', 0);
INSERT INTO `sys_menu` VALUES ('5fc8df5d01c4df1ceccd8d8f663deada', '07e9b8c265f824bc7f5d0149523cc92c', '字典分类管理', 1, 'sysDic', 'system/sysDic/sysDic', '', 'iconfont icon-shujuzidianfenlei', 1, 1, '2023-04-13 11:05:26', '2023-09-15 01:44:48', 0);
INSERT INTO `sys_menu` VALUES ('6', '3', '查看', 2, NULL, NULL, 'bnt.sysUser.list', NULL, 1, 1, '2021-05-31 18:05:37', '2022-06-09 09:22:38', 0);
INSERT INTO `sys_menu` VALUES ('61c097fe293b47ee2972bdc3c048072b', '5fc8df5d01c4df1ceccd8d8f663deada', '修改', 2, '', '', 'bnt.sysDic.update', '', 1, 1, '2023-04-13 11:07:15', '2023-04-13 11:07:15', 0);
INSERT INTO `sys_menu` VALUES ('6d89625d46acaa659436ad4248fde2ab', '5b728f902e19e6af9216b76cc82f63fc', '修改', 2, '', '', 'bnt.sysDicItem.update', '', 1, 1, '2023-04-13 11:08:51', '2023-04-13 11:08:51', 0);
INSERT INTO `sys_menu` VALUES ('7', '3', '添加', 2, NULL, NULL, 'bnt.sysUser.add', NULL, 1, 1, '2021-05-31 18:05:37', '2022-06-09 09:22:38', 0);
INSERT INTO `sys_menu` VALUES ('720038d02c0f54fb60f66d8b293dcd9b', '5fc8df5d01c4df1ceccd8d8f663deada', '添加', 2, '', '', 'bnt.sysDic.add', '', 2, 1, '2023-04-13 11:06:58', '2023-04-13 11:06:58', 0);
INSERT INTO `sys_menu` VALUES ('7399d492f884c78d86a3974e40975dfb', '947daeb9ca3251bc7e33b30814614fe5', '新增', 2, '', '', 'bnt.code.generator.add', '', 1, 1, '2023-04-30 00:23:12', '2023-04-30 00:23:12', 0);
INSERT INTO `sys_menu` VALUES ('8', '3', '修改', 2, NULL, NULL, 'bnt.sysUser.update', NULL, 1, 1, '2021-05-31 18:05:37', '2022-06-09 09:22:38', 0);
INSERT INTO `sys_menu` VALUES ('9', '3', '删除', 2, NULL, NULL, 'bnt.sysUser.remove', NULL, 1, 1, '2021-05-31 18:05:37', '2022-06-09 09:22:38', 0);

-- ----------------------------
-- Table structure for sys_oper_log
-- ----------------------------
DROP TABLE IF EXISTS `sys_oper_log`;
CREATE TABLE `sys_oper_log`  (
  `id` varchar(255) CHARACTER SET utf8mb3 COLLATE utf8mb3_general_ci NOT NULL COMMENT '日志主键',
  `title` varchar(50) CHARACTER SET utf8mb3 COLLATE utf8mb3_general_ci NULL DEFAULT '' COMMENT '模块标题',
  `business_type` varchar(20) CHARACTER SET utf8mb3 COLLATE utf8mb3_general_ci NULL DEFAULT '0' COMMENT '业务类型',
  `method` varchar(100) CHARACTER SET utf8mb3 COLLATE utf8mb3_general_ci NULL DEFAULT '' COMMENT '方法名称',
  `request_method` varchar(10) CHARACTER SET utf8mb3 COLLATE utf8mb3_general_ci NULL DEFAULT '' COMMENT '请求方式',
  `operator_type` varchar(20) CHARACTER SET utf8mb3 COLLATE utf8mb3_general_ci NULL DEFAULT '0' COMMENT '操作类别',
  `oper_name` varchar(50) CHARACTER SET utf8mb3 COLLATE utf8mb3_general_ci NULL DEFAULT '' COMMENT '操作人员',
  `dept_name` varchar(50) CHARACTER SET utf8mb3 COLLATE utf8mb3_general_ci NULL DEFAULT '' COMMENT '部门名称',
  `oper_url` varchar(255) CHARACTER SET utf8mb3 COLLATE utf8mb3_general_ci NULL DEFAULT '' COMMENT '请求URL',
  `oper_ip` varchar(128) CHARACTER SET utf8mb3 COLLATE utf8mb3_general_ci NULL DEFAULT '' COMMENT '主机地址',
  `oper_param` varchar(2000) CHARACTER SET utf8mb3 COLLATE utf8mb3_general_ci NULL DEFAULT '' COMMENT '请求参数',
  `json_result` varchar(2000) CHARACTER SET utf8mb3 COLLATE utf8mb3_general_ci NULL DEFAULT '' COMMENT '返回参数',
  `status` int NULL DEFAULT 0 COMMENT '操作状态（0正常 1异常）',
  `error_msg` varchar(2000) CHARACTER SET utf8mb3 COLLATE utf8mb3_general_ci NULL DEFAULT '' COMMENT '错误消息',
  `oper_time` datetime NULL DEFAULT NULL COMMENT '操作时间',
  `create_time` timestamp NOT NULL DEFAULT CURRENT_TIMESTAMP ON UPDATE CURRENT_TIMESTAMP COMMENT '创建时间',
  `update_time` timestamp NULL DEFAULT NULL ON UPDATE CURRENT_TIMESTAMP COMMENT '修改时间',
  `is_deleted` tinyint NOT NULL DEFAULT 0 COMMENT '删除标记（0:可用 1:已删除）',
  PRIMARY KEY (`id`) USING BTREE
) ENGINE = InnoDB CHARACTER SET = utf8mb3 COLLATE = utf8mb3_general_ci COMMENT = '操作日志记录' ROW_FORMAT = DYNAMIC;

-- ----------------------------
-- Records of sys_oper_log
-- ----------------------------
INSERT INTO `sys_oper_log` VALUES ('1652729128692555777', '用户管理', 'UPDATE', 'com.lanf.system.controller.SysUserController.updateById()', 'POST', 'MANAGE', 'admin', '', '/admin/system/sysUser/update', '127.0.0.1', '{\"updateTime\":1682876305094,\"password\":\"96e79218965eb72c92a549dd5a330112\",\"isDeleted\":0,\"createTime\":1682608477000,\"param\":{},\"phone\":\"13800138000\",\"name\":\"珍珍\",\"deptIds\":[\"30\",\"2013\",\"2018\"],\"id\":\"85fcd7e29ce8908e27d63ad6144a8bca\",\"status\":1,\"username\":\"zhenzhen\"}', '{\"code\":200,\"message\":\"成功\"}', 1, '', NULL, '2023-05-01 01:38:25', '2023-05-01 01:38:25', 0);
INSERT INTO `sys_oper_log` VALUES ('1652874994027921410', '角色管理', 'UPDATE', 'com.lanf.system.controller.SysRoleController.updateById()', 'POST', 'MANAGE', 'admin', '', '/admin/system/sysRole/update', '127.0.0.1', '{\"isDeleted\":0,\"createTime\":1681612939000,\"param\":{},\"roleCode\":\"testManager\",\"roleName\":\"testManger\",\"description\":\"testManger\",\"updateTime\":1682911081804,\"id\":\"f9156c7335cbe0c8ec5b07c961369c44\"}', '{\"code\":200,\"message\":\"成功\"}', 1, '', '2023-05-01 11:18:01', '2023-05-01 11:18:02', '2023-05-01 11:18:02', 0);
INSERT INTO `sys_oper_log` VALUES ('1652879608429268994', '角色管理', 'UPDATE', 'com.lanf.system.controller.SysRoleController.updateById()', 'POST', 'MANAGE', 'admin', '', '/admin/system/sysRole/update', '127.0.0.1', '{\"isDeleted\":0,\"createTime\":1681592486000,\"param\":{},\"roleCode\":\"role\",\"roleName\":\"角色管理员\",\"description\":\"角色管理员\",\"updateTime\":1682912182270,\"id\":\"b62e7a2e5d54b980aee2f197170a623c\"}', '{\"code\":200,\"message\":\"成功\"}', 1, '', '2023-05-01 11:36:22', '2023-05-01 11:36:22', '2023-05-01 11:36:22', 0);
INSERT INTO `sys_oper_log` VALUES ('1652904895204364289', '代码生成', 'INSERT', 'com.lanf.generator.CodeController.save()', 'POST', 'MANAGE', 'admin', '', '/code/generator/save', '127.0.0.1', '{\"tabName\":\"test_actor\",\"author\":\"tanlingfei\",\"ftlPath\":\"F:/base-mf/code-generator/src/main/resources/template\",\"mulList\":[],\"filePath\":\"F:/base-mf/service-business/service-cust/src/main/\",\"isLazyDept\":\"false\",\"isGenLeftDept\":\"false\",\"password\":\"root\",\"frontPath\":\"F:/base-front/src/\",\"connectionURL\":\"jdbc:mysql://localhost:3306/base-lf?characterEncoding=utf-8&useSSL=false&nullCatalogMeansCurrent=true\",\"driverName\":\"com.mysql.cj.jdbc.Driver\",\"packageName\":\"com.lanf.cust\",\"username\":\"root\"}', '{\"code\":200,\"message\":\"成功\"}', 1, '', '2023-05-01 13:16:50', '2023-05-01 13:16:51', '2023-05-01 13:16:51', 0);
INSERT INTO `sys_oper_log` VALUES ('1652906309016162306', '代码生成', 'INSERT', 'com.lanf.generator.CodeController.save()', 'POST', 'MANAGE', 'admin', '', '/code/generator/save', '127.0.0.1', '{\"tabName\":\"test_actor\",\"author\":\"tanlingfei\",\"ftlPath\":\"F:/base-mf/code-generator/src/main/resources/template\",\"mulList\":[],\"filePath\":\"F:/base-mf/service-business/service-cust/src/main/\",\"isLazyDept\":\"false\",\"isGenLeftDept\":\"false\",\"password\":\"root\",\"frontPath\":\"F:/base-front/src/\",\"connectionURL\":\"jdbc:mysql://localhost:3306/base-lf?characterEncoding=utf-8&useSSL=false&nullCatalogMeansCurrent=true\",\"driverName\":\"com.mysql.cj.jdbc.Driver\",\"packageName\":\"com.lanf.cust\",\"username\":\"root\"}', '{\"code\":200,\"message\":\"成功\"}', 1, '', '2023-05-01 13:22:28', '2023-05-01 13:22:28', '2023-05-01 13:22:28', 0);
INSERT INTO `sys_oper_log` VALUES ('1652918138543120385', '菜单管理', 'UPDATE', 'com.lanf.system.controller.SysMenuController.updateById()', 'POST', 'MANAGE', 'admin', '', '/admin/system/sysMenu/update', '127.0.0.1', '{\"select\":false,\"icon\":\"el-icon-s-tools\",\"updateTime\":1682921368538,\"type\":0,\"parentId\":\"0\",\"path\":\"/system\",\"sortValue\":1,\"component\":\"Layout\",\"isDeleted\":0,\"createTime\":1622455537000,\"param\":{},\"name\":\"系统管理\",\"id\":\"2\",\"status\":1}', '{\"code\":200,\"message\":\"成功\"}', 1, '', '2023-05-01 14:09:28', '2023-05-01 14:09:29', '2023-05-01 14:09:29', 0);
INSERT INTO `sys_oper_log` VALUES ('1652951488125313025', '岗位管理', 'UPDATE', 'com.lanf.system.controller.SysPostController.updateById()', 'PUT', 'MANAGE', 'admin', '', '/system/sysPost/update', '127.0.0.1', '{\"isDeleted\":0,\"createTime\":1676907426000,\"param\":{},\"name\":\"打酱油\",\"description\":\"顶顶顶顶222\",\"postCode\":\"dz\",\"updateTime\":1682929319458,\"id\":\"9\",\"status\":\"1\"}', '{\"code\":200,\"message\":\"成功\"}', 1, '', '2023-05-01 16:21:59', '2023-05-01 16:22:00', '2023-05-01 16:22:00', 0);
INSERT INTO `sys_oper_log` VALUES ('1652951551018901505', '岗位管理', 'UPDATE', 'com.lanf.system.controller.SysPostController.updateById()', 'PUT', 'MANAGE', 'admin', '', '/system/sysPost/update', '127.0.0.1', '{\"isDeleted\":0,\"createTime\":1676907426000,\"param\":{},\"name\":\"打酱油\",\"description\":\"顶顶顶顶222\",\"postCode\":\"dz\",\"updateTime\":1682929334730,\"id\":\"9\",\"status\":\"1\"}', '{\"code\":200,\"message\":\"成功\"}', 1, '', '2023-05-01 16:22:14', '2023-05-01 16:22:15', '2023-05-01 16:22:15', 0);
INSERT INTO `sys_oper_log` VALUES ('1652951581637320706', '菜单管理', 'UPDATE', 'com.lanf.system.controller.SysMenuController.updateById()', 'POST', 'MANAGE', 'admin', '', '/admin/system/sysMenu/update', '127.0.0.1', '{\"select\":false,\"icon\":\"el-icon-s-tools\",\"updateTime\":1682929342047,\"type\":0,\"parentId\":\"0\",\"path\":\"/system\",\"sortValue\":1,\"component\":\"Layout\",\"isDeleted\":0,\"createTime\":1622455537000,\"param\":{},\"name\":\"系统管理\",\"id\":\"2\",\"status\":1}', '{\"code\":200,\"message\":\"成功\"}', 1, '', '2023-05-01 16:22:22', '2023-05-01 16:22:22', '2023-05-01 16:22:22', 0);
INSERT INTO `sys_oper_log` VALUES ('1652959308711305218', '', 'UPDATE', 'com.lanf.cust.controller.TestActorController.updateById()', 'PUT', 'MANAGE', 'admin', '', '/cust/testActor/update', '127.0.0.1', '{\"isDeleted\":0,\"createTime\":1682799753000,\"param\":{},\"phone\":\"13658547896\",\"name\":\"小美44\",\"updateTime\":1682931176044,\"id\":\"ecfcdf79da2d1cf2988248d3935f74dc\",\"age\":39,\"realname\":\"郭美美\"}', '{\"code\":200,\"message\":\"成功\"}', 1, '', '2023-05-01 16:52:56', '2023-05-01 16:53:04', '2023-05-01 16:53:04', 0);
INSERT INTO `sys_oper_log` VALUES ('1652959523698745345', '', 'UPDATE', 'com.lanf.cust.controller.TestActorController.updateById()', 'PUT', 'MANAGE', 'admin', '', '/cust/testActor/update', '127.0.0.1', '{\"isDeleted\":0,\"createTime\":1682799753000,\"param\":{},\"phone\":\"13658547896\",\"name\":\"小美44\",\"updateTime\":1682931235504,\"id\":\"ecfcdf79da2d1cf2988248d3935f74dc\",\"age\":39,\"realname\":\"郭美美\"}', '{\"code\":200,\"message\":\"成功\"}', 1, '', '2023-05-01 16:53:55', '2023-05-01 16:53:56', '2023-05-01 16:53:56', 0);
INSERT INTO `sys_oper_log` VALUES ('1652959828993744898', '', 'INSERT', 'com.lanf.cust.controller.TestActorController.save()', 'POST', 'MANAGE', 'admin', '', '/cust/testActor/save', '127.0.0.1', '{\"isDeleted\":0,\"createTime\":1682931308332,\"param\":{},\"phone\":\"33333\",\"name\":\"张翠山\",\"updateTime\":1682931308332,\"id\":\"1652959828716871682\",\"age\":444,\"realname\":\"1111\"}', '{\"code\":200,\"message\":\"成功\"}', 1, '', '2023-05-01 16:55:08', '2023-05-01 16:55:08', '2023-05-01 16:55:08', 0);
INSERT INTO `sys_oper_log` VALUES ('1652961802980007937', '', 'INSERT', 'com.lanf.cust.controller.TestActorController.save()', 'POST', 'MANAGE', 'admin', '', '/cust/testActor/save', '127.0.0.1', '{\"isDeleted\":0,\"createTime\":1682931778283,\"param\":{},\"phone\":\"17665675454\",\"name\":\"圆圆\",\"updateTime\":1682931778283,\"id\":\"1652961799830028289\",\"age\":77,\"realname\":\"小泽园\"}', '{\"code\":200,\"message\":\"成功\"}', 1, '', '2023-05-01 17:02:58', '2023-05-01 17:02:59', '2023-05-01 17:02:59', 0);
INSERT INTO `sys_oper_log` VALUES ('1652961968285917185', '', 'UPDATE', 'com.lanf.cust.controller.TestActorController.updateById()', 'PUT', 'MANAGE', 'admin', '', '/cust/testActor/update', '127.0.0.1', '{\"isDeleted\":0,\"createTime\":1682799753000,\"param\":{},\"phone\":\"13658547896\",\"name\":\"小美44\",\"updateTime\":1682931818409,\"id\":\"ecfcdf79da2d1cf2988248d3935f74dc\",\"age\":39,\"realname\":\"郭美美\"}', '{\"code\":200,\"message\":\"成功\"}', 1, '', '2023-05-01 17:03:38', '2023-05-01 17:03:38', '2023-05-01 17:03:38', 0);
INSERT INTO `sys_oper_log` VALUES ('1653000897936560129', '用户管理', 'UPDATE', 'com.lanf.system.controller.SysUserController.updateById()', 'POST', 'MANAGE', 'admin', '', '/admin/system/sysUser/update', '192.168.56.1', '{\"updateTime\":1682941099940,\"password\":\"96e79218965eb72c92a549dd5a330112\",\"isDeleted\":0,\"createTime\":1682608477000,\"param\":{},\"phone\":\"13800138000\",\"name\":\"珍珍\",\"deptIds\":[\"30\",\"2013\",\"2018\"],\"id\":\"85fcd7e29ce8908e27d63ad6144a8bca\",\"status\":1,\"username\":\"zhenzhen\"}', '{\"code\":200,\"message\":\"成功\"}', 1, '', '2023-05-01 19:38:20', '2023-05-01 19:38:20', '2023-05-01 19:38:20', 0);
INSERT INTO `sys_oper_log` VALUES ('1653049045362999297', '代码生成', 'INSERT', 'com.lanf.generator.CodeController.save()', 'POST', 'MANAGE', 'admin', '', '/code/generator/save', '192.168.56.1', '{\"tabName\":\"test_actor\",\"genList\":[\"po\",\"vo\",\"mapper\",\"xml\",\"service\",\"impl\",\"controller\",\"vue\",\"api\"],\"author\":\"tanlingfei\",\"ftlPath\":\"F:/basemf-sig/src/main/resources/template\",\"mulList\":[],\"filePath\":\"F:/basemf-sig/src/main/\",\"isLazyDept\":\"false\",\"isGenLeftDept\":\"false\",\"password\":\"root\",\"frontPath\":\"F:/base-front/src/\",\"connectionURL\":\"jdbc:mysql://localhost:3306/base-lf?characterEncoding=utf-8&useSSL=false&nullCatalogMeansCurrent=true\",\"driverName\":\"com.mysql.cj.jdbc.Driver\",\"packageName\":\"com.lanf.cust\",\"username\":\"root\"}', '{\"code\":200,\"message\":\"成功\"}', 1, '', '2023-05-01 22:49:39', '2023-05-01 22:49:39', '2023-05-01 22:49:39', 0);
INSERT INTO `sys_oper_log` VALUES ('1653049804892766209', '菜单管理', 'UPDATE', 'com.lanf.system.controller.SysMenuController.updateById()', 'POST', 'MANAGE', 'admin', '', '/admin/system/sysMenu/update', '192.168.56.1', '{\"select\":false,\"icon\":\"el-icon-s-tools\",\"updateTime\":1682952760276,\"type\":1,\"parentId\":\"1646187339429044225\",\"path\":\"actor\",\"sortValue\":1,\"component\":\"pages/cust/testActor\",\"parentName\":\"测试功能\",\"isDeleted\":0,\"createTime\":1682799199000,\"param\":{},\"name\":\"单表测试\",\"perms\":\"\",\"id\":\"9d30bd9aaf360737e01806f5e72c689c\",\"status\":1}', '{\"code\":200,\"message\":\"成功\"}', 1, '', '2023-05-01 22:52:40', '2023-05-01 22:52:40', '2023-05-01 22:52:40', 0);
INSERT INTO `sys_oper_log` VALUES ('1653049970353864706', '', 'INSERT', 'com.lanf.cust.controller.TestActorController.save()', 'POST', 'MANAGE', 'admin', '', '/cust/testActor/save', '192.168.56.1', '{\"isDeleted\":0,\"createTime\":1682952799749,\"param\":{},\"phone\":\"13698748575\",\"name\":\"小花\",\"updateTime\":1682952799749,\"id\":\"1653049970207064066\",\"age\":88,\"realname\":\"花瓜娘\"}', '{\"code\":200,\"message\":\"成功\"}', 1, '', '2023-05-01 22:53:20', '2023-05-01 22:53:20', '2023-05-01 22:53:20', 0);
INSERT INTO `sys_oper_log` VALUES ('1653050020232527873', '', 'UPDATE', 'com.lanf.cust.controller.TestActorController.updateById()', 'PUT', 'MANAGE', 'admin', '', '/cust/testActor/update', '192.168.56.1', '{\"isDeleted\":0,\"createTime\":1682952800000,\"param\":{},\"phone\":\"13698748575\",\"name\":\"小花44\",\"updateTime\":1682952811650,\"id\":\"1653049970207064066\",\"age\":55,\"realname\":\"花瓜娘77\"}', '{\"code\":200,\"message\":\"成功\"}', 1, '', '2023-05-01 22:53:32', '2023-05-01 22:53:32', '2023-05-01 22:53:32', 0);
INSERT INTO `sys_oper_log` VALUES ('1653050041153716226', '', 'DELETE', 'com.lanf.cust.controller.TestActorController.remove()', 'DELETE', 'MANAGE', 'admin', '', '/cust/testActor/remove/ecfcdf79da2d1cf2988248d3935f74dc', '192.168.56.1', '', '{\"code\":200,\"message\":\"成功\"}', 1, '', '2023-05-01 22:53:37', '2023-05-01 22:53:37', '2023-05-01 22:53:37', 0);
INSERT INTO `sys_oper_log` VALUES ('1653050753753382914', '代码生成', 'INSERT', 'com.lanf.generator.CodeController.save()', 'POST', 'MANAGE', 'admin', '', '/code/generator/save', '192.168.56.1', '{\"tabName\":\"test_classes\",\"genList\":[\"api\",\"vue\",\"po\",\"vo\",\"mapper\",\"xml\",\"service\",\"impl\",\"controller\"],\"author\":\"tanlingfei\",\"ftlPath\":\"F:/basemf-sig/src/main/resources/template\",\"mulList\":[],\"filePath\":\"F:/basemf-sig/src/main/\",\"isLazyDept\":\"false\",\"isGenLeftDept\":\"false\",\"password\":\"root\",\"frontPath\":\"F:/base-front/src/\",\"connectionURL\":\"jdbc:mysql://localhost:3306/base-lf?characterEncoding=utf-8&useSSL=false&nullCatalogMeansCurrent=true\",\"driverName\":\"com.mysql.cj.jdbc.Driver\",\"packageName\":\"com.lanf.cust\",\"username\":\"root\"}', '{\"code\":200,\"message\":\"成功\"}', 1, '', '2023-05-01 22:56:27', '2023-05-01 22:56:27', '2023-05-01 22:56:27', 0);
INSERT INTO `sys_oper_log` VALUES ('1653051572397654017', '菜单管理', 'UPDATE', 'com.lanf.system.controller.SysMenuController.updateById()', 'POST', 'MANAGE', 'admin', '', '/admin/system/sysMenu/update', '192.168.56.1', '{\"select\":false,\"icon\":\"el-icon-s-tools\",\"updateTime\":1682953181655,\"type\":1,\"parentId\":\"1646187339429044225\",\"path\":\"classes\",\"sortValue\":1,\"component\":\"pages/cust/testClasses\",\"parentName\":\"测试功能\",\"isDeleted\":0,\"createTime\":1681316742000,\"param\":{},\"name\":\"班级管理\",\"perms\":\"\",\"id\":\"1646187845945778178\",\"status\":1}', '{\"code\":200,\"message\":\"成功\"}', 1, '', '2023-05-01 22:59:42', '2023-05-01 22:59:42', '2023-05-01 22:59:42', 0);
INSERT INTO `sys_oper_log` VALUES ('1653051944281423874', '菜单管理', 'UPDATE', 'com.lanf.system.controller.SysMenuController.updateById()', 'POST', 'MANAGE', 'admin', '', '/admin/system/sysMenu/update', '192.168.56.1', '{\"select\":false,\"icon\":\"\",\"updateTime\":1682953270378,\"type\":2,\"parentId\":\"1646187845945778178\",\"path\":\"\",\"sortValue\":1,\"component\":\"\",\"parentName\":\"班级管理\",\"isDeleted\":0,\"createTime\":1681318081000,\"param\":{},\"name\":\"查看\",\"perms\":\"bnt.testClasses.list\",\"id\":\"1646193464044019714\",\"status\":1}', '{\"code\":200,\"message\":\"成功\"}', 1, '', '2023-05-01 23:01:10', '2023-05-01 23:01:10', '2023-05-01 23:01:10', 0);
INSERT INTO `sys_oper_log` VALUES ('1653051991865802754', '菜单管理', 'UPDATE', 'com.lanf.system.controller.SysMenuController.updateById()', 'POST', 'MANAGE', 'admin', '', '/admin/system/sysMenu/update', '192.168.56.1', '{\"select\":false,\"icon\":\"\",\"updateTime\":1682953281725,\"type\":2,\"parentId\":\"1646187845945778178\",\"path\":\"\",\"sortValue\":2,\"component\":\"\",\"parentName\":\"班级管理\",\"isDeleted\":0,\"createTime\":1681318102000,\"param\":{},\"name\":\"添加\",\"perms\":\"bnt.testClasses.add\",\"id\":\"1646193551625281538\",\"status\":1}', '{\"code\":200,\"message\":\"成功\"}', 1, '', '2023-05-01 23:01:22', '2023-05-01 23:01:22', '2023-05-01 23:01:22', 0);
INSERT INTO `sys_oper_log` VALUES ('1653052052548993025', '菜单管理', 'UPDATE', 'com.lanf.system.controller.SysMenuController.updateById()', 'POST', 'MANAGE', 'admin', '', '/admin/system/sysMenu/update', '192.168.56.1', '{\"select\":false,\"icon\":\"\",\"updateTime\":1682953296191,\"type\":2,\"parentId\":\"1646187845945778178\",\"path\":\"\",\"sortValue\":3,\"component\":\"\",\"parentName\":\"班级管理\",\"isDeleted\":0,\"createTime\":1681318118000,\"param\":{},\"name\":\"修改\",\"perms\":\"bnt.testClasses.update\",\"id\":\"1646193617203224578\",\"status\":1}', '{\"code\":200,\"message\":\"成功\"}', 1, '', '2023-05-01 23:01:36', '2023-05-01 23:01:36', '2023-05-01 23:01:36', 0);
INSERT INTO `sys_oper_log` VALUES ('1653052093581869058', '菜单管理', 'UPDATE', 'com.lanf.system.controller.SysMenuController.updateById()', 'POST', 'MANAGE', 'admin', '', '/admin/system/sysMenu/update', '192.168.56.1', '{\"select\":false,\"icon\":\"\",\"updateTime\":1682953305980,\"type\":2,\"parentId\":\"1646187845945778178\",\"path\":\"\",\"sortValue\":4,\"component\":\"\",\"parentName\":\"班级管理\",\"isDeleted\":0,\"createTime\":1681318137000,\"param\":{},\"name\":\"删除\",\"perms\":\"bnt.testClasses.remove\",\"id\":\"1646193698593693697\",\"status\":1}', '{\"code\":200,\"message\":\"成功\"}', 1, '', '2023-05-01 23:01:46', '2023-05-01 23:01:46', '2023-05-01 23:01:46', 0);
INSERT INTO `sys_oper_log` VALUES ('1653052215468343297', '班级', 'INSERT', 'com.lanf.cust.controller.TestClassesController.save()', 'POST', 'MANAGE', 'admin', '', '/cust/testClasses/save', '192.168.56.1', '{\"isDeleted\":0,\"createTime\":1682953335028,\"param\":{},\"name\":\"9998\",\"updateTime\":1682953335028,\"id\":\"1653052215376068609\"}', '{\"code\":200,\"message\":\"成功\"}', 1, '', '2023-05-01 23:02:15', '2023-05-01 23:02:15', '2023-05-01 23:02:15', 0);
INSERT INTO `sys_oper_log` VALUES ('1653052257616904194', '班级', 'UPDATE', 'com.lanf.cust.controller.TestClassesController.updateById()', 'PUT', 'MANAGE', 'admin', '', '/cust/testClasses/update', '192.168.56.1', '{\"isDeleted\":0,\"createTime\":1681323936000,\"param\":{},\"name\":\"2773班\",\"updateTime\":1682953345087,\"id\":\"fe39a17af1bb880b9d88624d8e301345\"}', '{\"code\":200,\"message\":\"成功\"}', 1, '', '2023-05-01 23:02:25', '2023-05-01 23:02:25', '2023-05-01 23:02:25', 0);
INSERT INTO `sys_oper_log` VALUES ('1653052270992539650', '班级', 'DELETE', 'com.lanf.cust.controller.TestClassesController.remove()', 'DELETE', 'MANAGE', 'admin', '', '/cust/testClasses/remove/12', '192.168.56.1', '', '{\"code\":200,\"message\":\"成功\"}', 1, '', '2023-05-01 23:02:28', '2023-05-01 23:02:28', '2023-05-01 23:02:28', 0);
INSERT INTO `sys_oper_log` VALUES ('1653053326027767809', '代码生成', 'INSERT', 'com.lanf.generator.CodeController.save()', 'POST', 'MANAGE', 'admin', '', '/code/generator/save', '192.168.56.1', '{\"tabName\":\"test_student\",\"genList\":[\"api\",\"vue\",\"po\",\"vo\",\"mapper\",\"xml\",\"service\",\"impl\",\"controller\"],\"author\":\"tanlingfei\",\"ftlPath\":\"F:/basemf-sig/src/main/resources/template\",\"mulList\":[{\"mulSecColum\":\"\",\"mod\":\"select\",\"data\":\"test_classes\",\"pageDir\":\"\",\"modRemark\":\"选择班级\",\"isMul\":\"\",\"mulMainColum\":\"\",\"where\":\"\",\"mulTable\":\"\",\"value\":\"name\",\"key\":\"id\",\"target\":\"class_id\"}],\"filePath\":\"F:/basemf-sig/src/main/\",\"isLazyDept\":\"false\",\"isGenLeftDept\":\"false\",\"password\":\"root\",\"frontPath\":\"F:/base-front/src/\",\"connectionURL\":\"jdbc:mysql://localhost:3306/base-lf?characterEncoding=utf-8&useSSL=false&nullCatalogMeansCurrent=true\",\"driverName\":\"com.mysql.cj.jdbc.Driver\",\"packageName\":\"com.lanf.cust\",\"username\":\"root\"}', '{\"code\":200,\"message\":\"成功\"}', 1, '', '2023-05-01 23:06:40', '2023-05-01 23:06:40', '2023-05-01 23:06:40', 0);
INSERT INTO `sys_oper_log` VALUES ('1653053711970791425', '菜单管理', 'UPDATE', 'com.lanf.system.controller.SysMenuController.updateById()', 'POST', 'MANAGE', 'admin', '', '/admin/system/sysMenu/update', '192.168.56.1', '{\"select\":false,\"icon\":\"\",\"updateTime\":1682953691764,\"type\":2,\"parentId\":\"1646191837765558273\",\"path\":\"\",\"sortValue\":1,\"component\":\"\",\"parentName\":\"学生管理\",\"isDeleted\":0,\"createTime\":1681318157000,\"param\":{},\"name\":\"查看\",\"perms\":\"bnt.testStudent.list\",\"id\":\"1646193783066976258\",\"status\":1}', '{\"code\":200,\"message\":\"成功\"}', 1, '', '2023-05-01 23:08:12', '2023-05-01 23:08:12', '2023-05-01 23:08:12', 0);
INSERT INTO `sys_oper_log` VALUES ('1653053741255421954', '菜单管理', 'UPDATE', 'com.lanf.system.controller.SysMenuController.updateById()', 'POST', 'MANAGE', 'admin', '', '/admin/system/sysMenu/update', '192.168.56.1', '{\"select\":false,\"icon\":\"\",\"updateTime\":1682953698815,\"type\":2,\"parentId\":\"1646191837765558273\",\"path\":\"\",\"sortValue\":1,\"component\":\"\",\"parentName\":\"学生管理\",\"isDeleted\":0,\"createTime\":1681318174000,\"param\":{},\"name\":\"添加\",\"perms\":\"bnt.testStudent.add\",\"id\":\"1646193851681595394\",\"status\":1}', '{\"code\":200,\"message\":\"成功\"}', 1, '', '2023-05-01 23:08:19', '2023-05-01 23:08:19', '2023-05-01 23:08:19', 0);
INSERT INTO `sys_oper_log` VALUES ('1653053777653592065', '菜单管理', 'UPDATE', 'com.lanf.system.controller.SysMenuController.updateById()', 'POST', 'MANAGE', 'admin', '', '/admin/system/sysMenu/update', '192.168.56.1', '{\"select\":false,\"icon\":\"\",\"updateTime\":1682953707491,\"type\":2,\"parentId\":\"1646191837765558273\",\"path\":\"\",\"sortValue\":1,\"component\":\"\",\"parentName\":\"学生管理\",\"isDeleted\":0,\"createTime\":1681318193000,\"param\":{},\"name\":\"修改\",\"perms\":\"bnt.testStudent.update\",\"id\":\"1646193933130784770\",\"status\":1}', '{\"code\":200,\"message\":\"成功\"}', 1, '', '2023-05-01 23:08:28', '2023-05-01 23:08:28', '2023-05-01 23:08:28', 0);
INSERT INTO `sys_oper_log` VALUES ('1653053820209000449', '菜单管理', 'UPDATE', 'com.lanf.system.controller.SysMenuController.updateById()', 'POST', 'MANAGE', 'admin', '', '/admin/system/sysMenu/update', '192.168.56.1', '{\"select\":false,\"icon\":\"\",\"updateTime\":1682953717636,\"type\":2,\"parentId\":\"1646191837765558273\",\"path\":\"\",\"sortValue\":4,\"component\":\"\",\"parentName\":\"学生管理\",\"isDeleted\":0,\"createTime\":1681318221000,\"param\":{},\"name\":\"删除\",\"perms\":\"bnt.testStudent.remove\",\"id\":\"1646194051976388610\",\"status\":1}', '{\"code\":200,\"message\":\"成功\"}', 1, '', '2023-05-01 23:08:38', '2023-05-01 23:08:38', '2023-05-01 23:08:38', 0);
INSERT INTO `sys_oper_log` VALUES ('1653053981299634177', '菜单管理', 'UPDATE', 'com.lanf.system.controller.SysMenuController.updateById()', 'POST', 'MANAGE', 'admin', '', '/admin/system/sysMenu/update', '192.168.56.1', '{\"select\":false,\"icon\":\"el-icon-s-tools\",\"updateTime\":1682953756044,\"type\":1,\"parentId\":\"1646187339429044225\",\"path\":\"student\",\"sortValue\":2,\"component\":\"pages/cust/testStudent\",\"parentName\":\"测试功能\",\"isDeleted\":0,\"createTime\":1681317694000,\"param\":{},\"name\":\"学生管理\",\"perms\":\"\",\"id\":\"1646191837765558273\",\"status\":1}', '{\"code\":200,\"message\":\"成功\"}', 1, '', '2023-05-01 23:09:16', '2023-05-01 23:09:16', '2023-05-01 23:09:16', 0);
INSERT INTO `sys_oper_log` VALUES ('1653054407235399682', '学生', 'INSERT', 'com.lanf.cust.controller.TestStudentController.save()', 'POST', 'MANAGE', 'admin', '', '/cust/testStudent/save', '192.168.56.1', '{\"classId\":\"cb76aa799f1e26723049ec53c4b2963a\",\"sexCode\":\"1\",\"isDeleted\":0,\"createTime\":1682953857583,\"param\":{},\"deptId\":\"535353\",\"name\":\"李大侠\",\"updateTime\":1682953857583,\"id\":\"1653054407084404737\",\"age\":77,\"realname\":\"李小龙\"}', '{\"code\":200,\"message\":\"成功\"}', 1, '', '2023-05-01 23:10:58', '2023-05-01 23:10:58', '2023-05-01 23:10:58', 0);
INSERT INTO `sys_oper_log` VALUES ('1653054458749841410', '学生', 'UPDATE', 'com.lanf.cust.controller.TestStudentController.updateById()', 'PUT', 'MANAGE', 'admin', '', '/cust/testStudent/update', '192.168.56.1', '{\"classId\":\"cb76aa799f1e26723049ec53c4b2963a\",\"sexCode\":\"1\",\"isDeleted\":0,\"createTime\":1682953858000,\"param\":{},\"deptId\":\"535353\",\"name\":\"李大侠\",\"updateTime\":1682953869870,\"id\":\"1653054407084404737\",\"age\":77,\"realname\":\"李小龙777\"}', '{\"code\":200,\"message\":\"成功\"}', 1, '', '2023-05-01 23:11:10', '2023-05-01 23:11:10', '2023-05-01 23:11:10', 0);
INSERT INTO `sys_oper_log` VALUES ('1653055100914561026', '代码生成', 'INSERT', 'com.lanf.generator.CodeController.save()', 'POST', 'MANAGE', 'admin', '', '/code/generator/save', '192.168.56.1', '{\"tabName\":\"test_student\",\"genList\":[\"api\",\"vue\",\"po\",\"vo\",\"mapper\",\"xml\",\"service\",\"impl\",\"controller\"],\"author\":\"tanlingfei\",\"ftlPath\":\"F:/basemf-sig/src/main/resources/template\",\"mulList\":[{\"mulSecColum\":\"\",\"mod\":\"pop\",\"data\":\"test_classes\",\"pageDir\":\"\",\"modRemark\":\"选择班级\",\"isMul\":\"\",\"mulMainColum\":\"\",\"where\":\"\",\"mulTable\":\"\",\"value\":\"name\",\"key\":\"id\",\"target\":\"class_id\"}],\"filePath\":\"F:/basemf-sig/src/main/\",\"isLazyDept\":\"false\",\"isGenLeftDept\":\"false\",\"password\":\"root\",\"frontPath\":\"F:/base-front/src/\",\"connectionURL\":\"jdbc:mysql://localhost:3306/base-lf?characterEncoding=utf-8&useSSL=false&nullCatalogMeansCurrent=true\",\"driverName\":\"com.mysql.cj.jdbc.Driver\",\"packageName\":\"com.lanf.cust\",\"username\":\"root\"}', '{\"code\":200,\"message\":\"成功\"}', 1, '', '2023-05-01 23:13:43', '2023-05-01 23:13:43', '2023-05-01 23:13:43', 0);
INSERT INTO `sys_oper_log` VALUES ('1653055871341096962', '代码生成', 'INSERT', 'com.lanf.generator.CodeController.save()', 'POST', 'MANAGE', 'admin', '', '/code/generator/save', '192.168.56.1', '{\"tabName\":\"\",\"genList\":[\"api\",\"vue\",\"po\",\"vo\",\"mapper\",\"xml\",\"service\",\"impl\",\"controller\"],\"author\":\"tanlingfei\",\"ftlPath\":\"F:/basemf-sig/src/main/resources/template\",\"mulList\":[{\"mulSecColum\":\"\",\"mod\":\"pop\",\"data\":\"test_calsses\",\"pageDir\":\"cust\",\"modRemark\":\"选择班级\",\"isMul\":\"\",\"mulMainColum\":\"\",\"where\":\"\",\"mulTable\":\"\",\"value\":\"name\",\"key\":\"id\",\"target\":\"class_id\"}],\"filePath\":\"F:/basemf-sig/src/main/\",\"isLazyDept\":\"false\",\"isGenLeftDept\":\"false\",\"password\":\"root\",\"frontPath\":\"F:/base-front/src/\",\"connectionURL\":\"jdbc:mysql://localhost:3306/base-lf?characterEncoding=utf-8&useSSL=false&nullCatalogMeansCurrent=true\",\"driverName\":\"com.mysql.cj.jdbc.Driver\",\"packageName\":\"com.lanf.cust\",\"username\":\"root\"}', '', 0, '代码生成失败，请检查配置信息是否填写正确', '2023-05-01 23:16:47', '2023-05-01 23:16:47', '2023-05-01 23:16:47', 0);
INSERT INTO `sys_oper_log` VALUES ('1653056074756452353', '代码生成', 'INSERT', 'com.lanf.generator.CodeController.save()', 'POST', 'MANAGE', 'admin', '', '/code/generator/save', '192.168.56.1', '{\"tabName\":\"\",\"genList\":[\"api\",\"vue\",\"po\",\"vo\",\"mapper\",\"xml\",\"service\",\"impl\",\"controller\"],\"author\":\"tanlingfei\",\"ftlPath\":\"F:/basemf-sig/src/main/resources/template\",\"mulList\":[{\"mulSecColum\":\"\",\"mod\":\"pop\",\"data\":\"test_classes\",\"pageDir\":\"cust\",\"modRemark\":\"选择班级\",\"isMul\":\"\",\"mulMainColum\":\"\",\"where\":\"\",\"mulTable\":\"\",\"value\":\"name\",\"key\":\"id\",\"target\":\"class_id\"}],\"filePath\":\"F:/basemf-sig/src/main/\",\"isLazyDept\":\"false\",\"isGenLeftDept\":\"false\",\"password\":\"root\",\"frontPath\":\"F:/base-front/src/\",\"connectionURL\":\"jdbc:mysql://localhost:3306/base-lf?characterEncoding=utf-8&useSSL=false&nullCatalogMeansCurrent=true\",\"driverName\":\"com.mysql.cj.jdbc.Driver\",\"packageName\":\"com.lanf.cust\",\"username\":\"root\"}', '', 0, '代码生成失败，请检查配置信息是否填写正确', '2023-05-01 23:17:35', '2023-05-01 23:17:35', '2023-05-01 23:17:35', 0);
INSERT INTO `sys_oper_log` VALUES ('1653056189026070530', '代码生成', 'INSERT', 'com.lanf.generator.CodeController.save()', 'POST', 'MANAGE', 'admin', '', '/code/generator/save', '192.168.56.1', '{\"tabName\":\"test_student\",\"genList\":[\"api\",\"vue\",\"po\",\"vo\",\"mapper\",\"xml\",\"service\",\"impl\",\"controller\"],\"author\":\"tanlingfei\",\"ftlPath\":\"F:/basemf-sig/src/main/resources/template\",\"mulList\":[{\"mulSecColum\":\"\",\"mod\":\"pop\",\"data\":\"test_classes\",\"pageDir\":\"cust\",\"modRemark\":\"选择班级\",\"isMul\":\"\",\"mulMainColum\":\"\",\"where\":\"\",\"mulTable\":\"\",\"value\":\"name\",\"key\":\"id\",\"target\":\"class_id\"}],\"filePath\":\"F:/basemf-sig/src/main/\",\"isLazyDept\":\"false\",\"isGenLeftDept\":\"false\",\"password\":\"root\",\"frontPath\":\"F:/base-front/src/\",\"connectionURL\":\"jdbc:mysql://localhost:3306/base-lf?characterEncoding=utf-8&useSSL=false&nullCatalogMeansCurrent=true\",\"driverName\":\"com.mysql.cj.jdbc.Driver\",\"packageName\":\"com.lanf.cust\",\"username\":\"root\"}', '{\"code\":200,\"message\":\"成功\"}', 1, '', '2023-05-01 23:18:02', '2023-05-01 23:18:02', '2023-05-01 23:18:02', 0);
INSERT INTO `sys_oper_log` VALUES ('1653056679143133186', '学生', 'INSERT', 'com.lanf.cust.controller.TestStudentController.save()', 'POST', 'MANAGE', 'admin', '', '/cust/testStudent/save', '192.168.56.1', '{\"classId\":\"fe39a17af1bb880b9d88624d8e301345\",\"sexCode\":\"33\",\"isDeleted\":0,\"createTime\":1682954399208,\"param\":{},\"deptId\":\"5555\",\"name\":\"ninnini\",\"updateTime\":1682954399208,\"id\":\"1653056678866309121\",\"age\":55,\"realname\":\"小周\"}', '{\"code\":200,\"message\":\"成功\"}', 1, '', '2023-05-01 23:19:59', '2023-05-01 23:19:59', '2023-05-01 23:19:59', 0);
INSERT INTO `sys_oper_log` VALUES ('1653058661564141570', '代码生成', 'INSERT', 'com.lanf.generator.CodeController.save()', 'POST', 'MANAGE', 'admin', '', '/code/generator/save', '192.168.56.1', '{\"tabName\":\"test_student\",\"genList\":[\"api\",\"vue\",\"po\",\"vo\",\"mapper\",\"xml\",\"service\",\"impl\",\"controller\"],\"author\":\"tanlingfei\",\"ftlPath\":\"F:/basemf-sig/src/main/resources/template\",\"mulList\":[{\"mulSecColum\":\"\",\"mod\":\"pop\",\"data\":\"test_classes\",\"pageDir\":\"cust\",\"modRemark\":\"选择班级\",\"isMul\":\"\",\"mulMainColum\":\"\",\"where\":\"\",\"mulTable\":\"\",\"value\":\"name\",\"key\":\"id\",\"target\":\"class_id\"},{\"mulSecColum\":\"\",\"mod\":\"radio\",\"data\":\"sys_dic_item\",\"pageDir\":\"\",\"modRemark\":\"性别\",\"isMul\":\"\",\"mulMainColum\":\"\",\"where\":\"{\\\"dic_code\\\":\\\"1000\\\"}\",\"mulTable\":\"\",\"value\":\"name\",\"key\":\"code\",\"target\":\"sex_code\"},{\"mulSecColum\":\"\",\"mod\":\"pop\",\"data\":\"sys_dept\",\"pageDir\":\"system\",\"modRemark\":\"选择部门\",\"isMul\":\"\",\"mulMainColum\":\"\",\"where\":\"\",\"mulTable\":\"\",\"value\":\"name\",\"key\":\"id\",\"target\":\"dept_id\"}],\"filePath\":\"F:/basemf-sig/src/main/\",\"isLazyDept\":\"false\",\"isGenLeftDept\":\"true\",\"password\":\"root\",\"frontPath\":\"F:/base-front/src/\",\"connectionURL\":\"jdbc:mysql://localhost:3306/base-lf?characterEncoding=utf-8&useSSL=false&nullCatalogMeansCurrent=true\",\"driverName\":\"com.mysql.cj.jdbc.Driver\",\"packageName\":\"com.lanf.cust\",\"username\":\"root\"}', '{\"code\":200,\"message\":\"成功\"}', 1, '', '2023-05-01 23:27:52', '2023-05-01 23:27:52', '2023-05-01 23:27:52', 0);
INSERT INTO `sys_oper_log` VALUES ('1653059960334569473', '代码生成', 'INSERT', 'com.lanf.generator.CodeController.save()', 'POST', 'MANAGE', 'admin', '', '/code/generator/save', '192.168.56.1', '{\"tabName\":\"test_student\",\"genList\":[\"api\",\"vue\",\"po\",\"vo\",\"mapper\",\"xml\",\"service\",\"impl\",\"controller\"],\"author\":\"tanlingfei\",\"ftlPath\":\"F:/basemf-sig/src/main/resources/template\",\"mulList\":[{\"mulSecColum\":\"\",\"mod\":\"pop\",\"data\":\"test_classes\",\"pageDir\":\"cust\",\"modRemark\":\"选择班级\",\"isMul\":\"\",\"mulMainColum\":\"\",\"where\":\"\",\"mulTable\":\"\",\"value\":\"name\",\"key\":\"id\",\"target\":\"class_id\"},{\"mulSecColum\":\"\",\"mod\":\"radio\",\"data\":\"sys_dic_item\",\"pageDir\":\"system\",\"modRemark\":\"性别\",\"isMul\":\"\",\"mulMainColum\":\"\",\"where\":\"{\\\"dic_code\\\",\\\"1000\\\"}\",\"mulTable\":\"\",\"value\":\"name\",\"key\":\"code\",\"target\":\"sex_code\"},{\"mulSecColum\":\"\",\"mod\":\"pop\",\"data\":\"sys_dept\",\"pageDir\":\"system\",\"modRemark\":\"选择部门\",\"isMul\":\"\",\"mulMainColum\":\"\",\"where\":\"\",\"mulTable\":\"\",\"value\":\"name\",\"key\":\"id\",\"target\":\"dept_id\"}],\"filePath\":\"F:/basemf-sig/src/main/\",\"isLazyDept\":\"false\",\"isGenLeftDept\":\"true\",\"password\":\"root\",\"frontPath\":\"F:/base-front/src/\",\"connectionURL\":\"jdbc:mysql://localhost:3306/base-lf?characterEncoding=utf-8&useSSL=false&nullCatalogMeansCurrent=true\",\"driverName\":\"com.mysql.cj.jdbc.Driver\",\"packageName\":\"com.lanf.cust\",\"username\":\"root\"}', '', 0, '代码生成失败，请检查配置信息是否填写正确', '2023-05-01 23:33:02', '2023-05-01 23:33:02', '2023-05-01 23:33:02', 0);
INSERT INTO `sys_oper_log` VALUES ('1653060830585499649', '代码生成', 'INSERT', 'com.lanf.generator.CodeController.save()', 'POST', 'MANAGE', 'admin', '', '/code/generator/save', '192.168.56.1', '{\"tabName\":\"test_student\",\"genList\":[\"api\",\"vue\",\"po\",\"vo\",\"mapper\",\"xml\",\"service\",\"impl\",\"controller\"],\"author\":\"tanlingfei\",\"ftlPath\":\"F:/basemf-sig/src/main/resources/template\",\"mulList\":[{\"mulSecColum\":\"\",\"mod\":\"pop\",\"data\":\"test_classes\",\"pageDir\":\"cust\",\"modRemark\":\"选择班级\",\"isMul\":\"\",\"mulMainColum\":\"\",\"where\":\"\",\"mulTable\":\"\",\"value\":\"name\",\"key\":\"id\",\"target\":\"class_id\"},{\"mulSecColum\":\"\",\"mod\":\"radio\",\"data\":\"sys_dic_item\",\"pageDir\":\"\",\"modRemark\":\"性别\",\"isMul\":\"\",\"mulMainColum\":\"\",\"where\":\"{\\\"dic_code\\\",\\\"1000\\\"}\",\"mulTable\":\"\",\"value\":\"name\",\"key\":\"code\",\"target\":\"sex_code\"},{\"mulSecColum\":\"\",\"mod\":\"pop\",\"data\":\"sys_dept\",\"pageDir\":\"system\",\"modRemark\":\"选择部门\",\"isMul\":\"\",\"mulMainColum\":\"\",\"where\":\"\",\"mulTable\":\"\",\"value\":\"name\",\"key\":\"id\",\"target\":\"dept_id\"}],\"filePath\":\"F:/basemf-sig/src/main/\",\"isLazyDept\":\"false\",\"isGenLeftDept\":\"true\",\"password\":\"root\",\"frontPath\":\"F:/base-front/src/\",\"connectionURL\":\"jdbc:mysql://localhost:3306/base-lf?characterEncoding=utf-8&useSSL=false&nullCatalogMeansCurrent=true\",\"driverName\":\"com.mysql.cj.jdbc.Driver\",\"packageName\":\"com.lanf.cust\",\"username\":\"root\"}', '', 0, '代码生成失败，请检查配置信息是否填写正确', '2023-05-01 23:36:29', '2023-05-01 23:36:29', '2023-05-01 23:36:29', 0);
INSERT INTO `sys_oper_log` VALUES ('1653061840460656642', '代码生成', 'INSERT', 'com.lanf.generator.CodeController.save()', 'POST', 'MANAGE', 'admin', '', '/code/generator/save', '192.168.56.1', '{\"tabName\":\"test_student\",\"genList\":[\"api\",\"vue\",\"po\",\"vo\",\"mapper\",\"xml\",\"service\",\"impl\",\"controller\"],\"author\":\"tanlingfei\",\"ftlPath\":\"F:/basemf-sig/src/main/resources/template\",\"mulList\":[{\"mulSecColum\":\"\",\"mod\":\"pop\",\"data\":\"test_classes\",\"pageDir\":\"cust\",\"modRemark\":\"选择班级\",\"isMul\":\"\",\"mulMainColum\":\"\",\"where\":\"\",\"mulTable\":\"\",\"value\":\"name\",\"key\":\"id\",\"target\":\"class_id\"},{\"mulSecColum\":\"\",\"mod\":\"radio\",\"data\":\"sys_dic_item\",\"pageDir\":\"\",\"modRemark\":\"性别\",\"isMul\":\"\",\"mulMainColum\":\"\",\"where\":\"{\\\"dic_code\\\":\\\"1000\\\"}\",\"mulTable\":\"\",\"value\":\"name\",\"key\":\"code\",\"target\":\"sex_code\"},{\"mulSecColum\":\"\",\"mod\":\"pop\",\"data\":\"sys_dept\",\"pageDir\":\"system\",\"modRemark\":\"选择部门\",\"isMul\":\"\",\"mulMainColum\":\"\",\"where\":\"\",\"mulTable\":\"\",\"value\":\"name\",\"key\":\"id\",\"target\":\"dept_id\"}],\"filePath\":\"F:/basemf-sig/src/main/\",\"isLazyDept\":\"false\",\"isGenLeftDept\":\"true\",\"password\":\"root\",\"frontPath\":\"F:/base-front/src/\",\"connectionURL\":\"jdbc:mysql://localhost:3306/base-lf?characterEncoding=utf-8&useSSL=false&nullCatalogMeansCurrent=true\",\"driverName\":\"com.mysql.cj.jdbc.Driver\",\"packageName\":\"com.lanf.cust\",\"username\":\"root\"}', '{\"code\":200,\"message\":\"成功\"}', 1, '', '2023-05-01 23:40:30', '2023-05-01 23:40:30', '2023-05-01 23:40:30', 0);
INSERT INTO `sys_oper_log` VALUES ('1653063368697262081', '代码生成', 'INSERT', 'com.lanf.generator.CodeController.save()', 'POST', 'MANAGE', 'admin', '', '/code/generator/save', '192.168.56.1', '{\"tabName\":\"test_student\",\"genList\":[\"api\",\"vue\",\"po\",\"vo\",\"mapper\",\"xml\",\"service\",\"impl\",\"controller\"],\"author\":\"tanlingfei\",\"ftlPath\":\"F:/basemf-sig/src/main/resources/template\",\"mulList\":[{\"mulSecColum\":\"\",\"mod\":\"pop\",\"data\":\"test_classes\",\"pageDir\":\"cust\",\"modRemark\":\"选择班级\",\"isMul\":\"\",\"mulMainColum\":\"\",\"where\":\"\",\"mulTable\":\"\",\"value\":\"name\",\"key\":\"id\",\"target\":\"class_id\"},{\"mulSecColum\":\"\",\"mod\":\"radio\",\"data\":\"sys_dic_item\",\"pageDir\":\"system\",\"modRemark\":\"性别\",\"isMul\":\"\",\"mulMainColum\":\"\",\"where\":\"{\\\"dic_code\\\":\\\"1000\\\"}\",\"mulTable\":\"\",\"value\":\"name\",\"key\":\"code\",\"target\":\"sex_code\"},{\"mulSecColum\":\"\",\"mod\":\"pop\",\"data\":\"sys_dept\",\"pageDir\":\"system\",\"modRemark\":\"选择部门\",\"isMul\":\"\",\"mulMainColum\":\"\",\"where\":\"\",\"mulTable\":\"\",\"value\":\"name\",\"key\":\"id\",\"target\":\"dept_id\"}],\"filePath\":\"F:/basemf-sig/src/main/\",\"isLazyDept\":\"false\",\"isGenLeftDept\":\"true\",\"password\":\"root\",\"frontPath\":\"F:/base-front/src/\",\"connectionURL\":\"jdbc:mysql://localhost:3306/base-lf?characterEncoding=utf-8&useSSL=false&nullCatalogMeansCurrent=true\",\"driverName\":\"com.mysql.cj.jdbc.Driver\",\"packageName\":\"com.lanf.cust\",\"username\":\"root\"}', '{\"code\":200,\"message\":\"成功\"}', 1, '', '2023-05-01 23:46:34', '2023-05-01 23:46:34', '2023-05-01 23:46:34', 0);
INSERT INTO `sys_oper_log` VALUES ('1653067065066000386', '代码生成', 'INSERT', 'com.lanf.generator.CodeController.save()', 'POST', 'MANAGE', 'admin', '', '/code/generator/save', '192.168.56.1', '{\"tabName\":\"test_actor\",\"genList\":[\"xml\",\"service\",\"impl\",\"controller\",\"mapper\",\"po\",\"vue\",\"api\",\"vo\"],\"author\":\"tanlingfei\",\"ftlPath\":\"F:/basemf-sig/src/main/resources/template\",\"mulList\":[],\"filePath\":\"F:/basemf-sig/src/main/\",\"isLazyDept\":\"false\",\"isGenLeftDept\":\"false\",\"password\":\"root\",\"frontPath\":\"F:/base-front/src/\",\"connectionURL\":\"jdbc:mysql://localhost:3306/base-lf?characterEncoding=utf-8&useSSL=false&nullCatalogMeansCurrent=true\",\"driverName\":\"com.mysql.cj.jdbc.Driver\",\"packageName\":\"com.lanf.cust\",\"username\":\"root\"}', '{\"code\":200,\"message\":\"成功\"}', 1, '', '2023-05-02 00:01:15', '2023-05-02 00:01:15', '2023-05-02 00:01:15', 0);
INSERT INTO `sys_oper_log` VALUES ('1653068946467311618', '代码生成', 'INSERT', 'com.lanf.generator.CodeController.save()', 'POST', 'MANAGE', 'admin', '', '/code/generator/save', '192.168.56.1', '{\"tabName\":\"test_classes\",\"genList\":[\"api\",\"vue\",\"po\",\"vo\",\"mapper\",\"xml\",\"service\",\"impl\",\"controller\"],\"author\":\"tanlingfei\",\"ftlPath\":\"F:/basemf-sig/src/main/resources/template\",\"mulList\":[],\"filePath\":\"F:/basemf-sig/src/main/\",\"isLazyDept\":\"false\",\"isGenLeftDept\":\"false\",\"password\":\"root\",\"frontPath\":\"F:/base-front/src/\",\"connectionURL\":\"jdbc:mysql://localhost:3306/base-lf?characterEncoding=utf-8&useSSL=false&nullCatalogMeansCurrent=true\",\"driverName\":\"com.mysql.cj.jdbc.Driver\",\"packageName\":\"com.lanf.cust\",\"username\":\"root\"}', '{\"code\":200,\"message\":\"成功\"}', 1, '', '2023-05-02 00:08:44', '2023-05-02 00:08:44', '2023-05-02 00:08:44', 0);
INSERT INTO `sys_oper_log` VALUES ('1653069426891227137', '班级', 'INSERT', 'com.lanf.cust.controller.TestClassesController.save()', 'POST', 'MANAGE', 'admin', '', '/cust/testClasses/save', '192.168.56.1', '{\"isDeleted\":0,\"createTime\":1682957438508,\"param\":{},\"name\":\"fdfdfdfdf\",\"updateTime\":1682957438508,\"id\":\"1653069426610208770\"}', '{\"code\":200,\"message\":\"成功\"}', 1, '', '2023-05-02 00:10:39', '2023-05-02 00:10:39', '2023-05-02 00:10:39', 0);
INSERT INTO `sys_oper_log` VALUES ('1653069442724724737', '班级', 'UPDATE', 'com.lanf.cust.controller.TestClassesController.updateById()', 'PUT', 'MANAGE', 'admin', '', '/cust/testClasses/update', '192.168.56.1', '{\"isDeleted\":0,\"createTime\":1682957439000,\"param\":{},\"name\":\"fdfdfdfdf\",\"updateTime\":1682957442336,\"id\":\"1653069426610208770\"}', '{\"code\":200,\"message\":\"成功\"}', 1, '', '2023-05-02 00:10:42', '2023-05-02 00:10:42', '2023-05-02 00:10:42', 0);
INSERT INTO `sys_oper_log` VALUES ('1653070867794034690', '代码生成', 'INSERT', 'com.lanf.generator.CodeController.save()', 'POST', 'MANAGE', 'admin', '', '/code/generator/save', '192.168.56.1', '{\"tabName\":\"test_student\",\"genList\":[\"api\",\"vue\",\"po\",\"vo\",\"mapper\",\"xml\",\"service\",\"impl\",\"controller\"],\"author\":\"tanlingfei\",\"ftlPath\":\"F:/basemf-sig/src/main/resources/template\",\"mulList\":[{\"mulSecColum\":\"\",\"mod\":\"select\",\"data\":\"test_classes\",\"pageDir\":\"cust\",\"modRemark\":\"选择班级\",\"isMul\":\"\",\"mulMainColum\":\"\",\"where\":\"\",\"mulTable\":\"\",\"value\":\"name\",\"key\":\"id\",\"target\":\"class_id\"}],\"filePath\":\"F:/basemf-sig/src/main/\",\"isLazyDept\":\"false\",\"isGenLeftDept\":\"false\",\"password\":\"root\",\"frontPath\":\"F:/base-front/src/\",\"connectionURL\":\"jdbc:mysql://localhost:3306/base-lf?characterEncoding=utf-8&useSSL=false&nullCatalogMeansCurrent=true\",\"driverName\":\"com.mysql.cj.jdbc.Driver\",\"packageName\":\"com.lanf.cust\",\"username\":\"root\"}', '{\"code\":200,\"message\":\"成功\"}', 1, '', '2023-05-02 00:16:22', '2023-05-02 00:16:22', '2023-05-02 00:16:22', 0);
INSERT INTO `sys_oper_log` VALUES ('1653071404144848898', '学生', 'INSERT', 'com.lanf.cust.controller.TestStudentController.save()', 'POST', 'MANAGE', 'admin', '', '/cust/testStudent/save', '192.168.56.1', '{\"classId\":\"fe39a17af1bb880b9d88624d8e301345\",\"sexCode\":\"1111\",\"isDeleted\":0,\"createTime\":1682957909931,\"param\":{},\"deptId\":\"33333\",\"name\":\"test\",\"updateTime\":1682957909931,\"id\":\"1653071403901579266\",\"age\":333,\"realname\":\"3333\"}', '{\"code\":200,\"message\":\"成功\"}', 1, '', '2023-05-02 00:18:30', '2023-05-02 00:18:30', '2023-05-02 00:18:30', 0);
INSERT INTO `sys_oper_log` VALUES ('1653074001111085057', '代码生成', 'INSERT', 'com.lanf.generator.CodeController.save()', 'POST', 'MANAGE', 'admin', '', '/code/generator/save', '192.168.56.1', '{\"tabName\":\"test_student\",\"genList\":[\"api\",\"vue\",\"po\",\"vo\",\"mapper\",\"xml\",\"service\",\"impl\",\"controller\"],\"author\":\"tanlingfei\",\"ftlPath\":\"F:/basemf-sig/src/main/resources/template\",\"mulList\":[{\"mulSecColum\":\"\",\"mod\":\"pop\",\"data\":\"test_classes\",\"pageDir\":\"cust\",\"modRemark\":\"选择班级\",\"isMul\":\"\",\"mulMainColum\":\"\",\"where\":\"\",\"mulTable\":\"\",\"value\":\"name\",\"key\":\"id\",\"target\":\"class_id\"},{\"mulSecColum\":\"\",\"mod\":\"radio\",\"data\":\"sys_dic_item\",\"pageDir\":\"system\",\"modRemark\":\"性别\",\"isMul\":\"\",\"mulMainColum\":\"\",\"where\":\"{\\\"dic_code\\\":\\\"1000\\\"}\",\"mulTable\":\"\",\"value\":\"name\",\"key\":\"code\",\"target\":\"sex_code\"},{\"mulSecColum\":\"\",\"mod\":\"pop\",\"data\":\"sys_dept\",\"pageDir\":\"system\",\"modRemark\":\"选择部门\",\"isMul\":\"\",\"mulMainColum\":\"\",\"where\":\"\",\"mulTable\":\"\",\"value\":\"name\",\"key\":\"id\",\"target\":\"dept_id\"}],\"filePath\":\"F:/basemf-sig/src/main/\",\"isLazyDept\":\"false\",\"isGenLeftDept\":\"true\",\"password\":\"root\",\"frontPath\":\"F:/base-front/src/\",\"connectionURL\":\"jdbc:mysql://localhost:3306/base-lf?characterEncoding=utf-8&useSSL=false&nullCatalogMeansCurrent=true\",\"driverName\":\"com.mysql.cj.jdbc.Driver\",\"packageName\":\"com.lanf.cust\",\"username\":\"root\"}', '{\"code\":200,\"message\":\"成功\"}', 1, '', '2023-05-02 00:28:49', '2023-05-02 00:28:49', '2023-05-02 00:28:49', 0);
INSERT INTO `sys_oper_log` VALUES ('1653074437041893378', '学生', 'UPDATE', 'com.lanf.cust.controller.TestStudentController.updateById()', 'PUT', 'MANAGE', 'admin', '', '/cust/testStudent/update', '192.168.56.1', '{\"deptId\":\"20\",\"updateTime\":1682958633037,\"realname\":\"3333\",\"classId\":\"fe39a17af1bb880b9d88624d8e301345\",\"sexCode\":\"1001\",\"isDeleted\":0,\"createTime\":1682957910000,\"param\":{},\"name\":\"test\",\"id\":\"1653071403901579266\",\"age\":333}', '{\"code\":200,\"message\":\"成功\"}', 1, '', '2023-05-02 00:30:33', '2023-05-02 00:30:33', '2023-05-02 00:30:33', 0);
INSERT INTO `sys_oper_log` VALUES ('1653074498983374850', '学生', 'UPDATE', 'com.lanf.cust.controller.TestStudentController.updateById()', 'PUT', 'MANAGE', 'admin', '', '/cust/testStudent/update', '192.168.56.1', '{\"deptId\":\"30\",\"updateTime\":1682958647841,\"realname\":\"小周\",\"classId\":\"fe39a17af1bb880b9d88624d8e301345\",\"sexCode\":\"33\",\"isDeleted\":0,\"createTime\":1682954399000,\"param\":{},\"name\":\"ninnini\",\"id\":\"1653056678866309121\",\"age\":55}', '{\"code\":200,\"message\":\"成功\"}', 1, '', '2023-05-02 00:30:48', '2023-05-02 00:30:48', '2023-05-02 00:30:48', 0);
INSERT INTO `sys_oper_log` VALUES ('1653074517543170050', '学生', 'UPDATE', 'com.lanf.cust.controller.TestStudentController.updateById()', 'PUT', 'MANAGE', 'admin', '', '/cust/testStudent/update', '192.168.56.1', '{\"deptName\":\"深圳分公司\",\"deptId\":\"30\",\"updateTime\":1682958652263,\"realname\":\"小周\",\"classId\":\"fe39a17af1bb880b9d88624d8e301345\",\"sexCode\":\"1001\",\"isDeleted\":0,\"createTime\":1682954399000,\"param\":{},\"name\":\"ninnini\",\"id\":\"1653056678866309121\",\"age\":55}', '{\"code\":200,\"message\":\"成功\"}', 1, '', '2023-05-02 00:30:52', '2023-05-02 00:30:52', '2023-05-02 00:30:52', 0);
INSERT INTO `sys_oper_log` VALUES ('1653074553941340161', '学生', 'UPDATE', 'com.lanf.cust.controller.TestStudentController.updateById()', 'PUT', 'MANAGE', 'admin', '', '/cust/testStudent/update', '192.168.56.1', '{\"deptId\":\"2013\",\"updateTime\":1682958660945,\"realname\":\"李小龙777\",\"classId\":\"cb76aa799f1e26723049ec53c4b2963a\",\"sexCode\":\"1002\",\"isDeleted\":0,\"createTime\":1682953858000,\"param\":{},\"name\":\"李大侠\",\"id\":\"1653054407084404737\",\"age\":77}', '{\"code\":200,\"message\":\"成功\"}', 1, '', '2023-05-02 00:31:01', '2023-05-02 00:31:01', '2023-05-02 00:31:01', 0);
INSERT INTO `sys_oper_log` VALUES ('1653074577320390657', '学生', 'UPDATE', 'com.lanf.cust.controller.TestStudentController.updateById()', 'PUT', 'MANAGE', 'admin', '', '/cust/testStudent/update', '192.168.56.1', '{\"deptName\":\"开发部\",\"deptId\":\"2013\",\"updateTime\":1682958666517,\"realname\":\"张笑天\",\"classId\":\"11\",\"sexCode\":\"1002\",\"isDeleted\":0,\"createTime\":1682251609000,\"param\":{},\"name\":\"tony\",\"id\":\"8de91bab8d42827748b9cc90f8c4c9ba\",\"age\":55}', '{\"code\":200,\"message\":\"成功\"}', 1, '', '2023-05-02 00:31:07', '2023-05-02 00:31:07', '2023-05-02 00:31:07', 0);
INSERT INTO `sys_oper_log` VALUES ('1653074750914244610', '学生', 'INSERT', 'com.lanf.cust.controller.TestStudentController.save()', 'POST', 'MANAGE', 'admin', '', '/cust/testStudent/save', '192.168.56.1', '{\"deptId\":\"2017\",\"updateTime\":1682958707901,\"realname\":\"周小姐\",\"classId\":\"cb76aa799f1e26723049ec53c4b2963a\",\"sexCode\":\"1002\",\"isDeleted\":0,\"createTime\":1682958707901,\"param\":{},\"name\":\"jkjkj\",\"id\":\"1653074750838747138\",\"age\":77}', '{\"code\":200,\"message\":\"成功\"}', 1, '', '2023-05-02 00:31:48', '2023-05-02 00:31:48', '2023-05-02 00:31:48', 0);
INSERT INTO `sys_oper_log` VALUES ('1653074811203170305', '学生', 'UPDATE', 'com.lanf.cust.controller.TestStudentController.updateById()', 'PUT', 'MANAGE', 'admin', '', '/cust/testStudent/update', '192.168.56.1', '{\"deptName\":\"大数据组\",\"deptId\":\"2017\",\"updateTime\":1682958722285,\"realname\":\"周小姐000\",\"classId\":\"cb76aa799f1e26723049ec53c4b2963a\",\"sexCode\":\"1002\",\"isDeleted\":0,\"createTime\":1682958708000,\"param\":{},\"name\":\"jkjkj\",\"id\":\"1653074750838747138\",\"age\":77}', '{\"code\":200,\"message\":\"成功\"}', 1, '', '2023-05-02 00:32:02', '2023-05-02 00:32:02', '2023-05-02 00:32:02', 0);
INSERT INTO `sys_oper_log` VALUES ('1653075683157028865', '代码生成', 'INSERT', 'com.lanf.generator.CodeController.save()', 'POST', 'MANAGE', 'admin', '', '/code/generator/save', '192.168.56.1', '{\"tabName\":\"test_student_course\",\"genList\":[\"api\",\"vue\",\"po\",\"vo\",\"mapper\",\"xml\",\"service\",\"impl\",\"controller\"],\"author\":\"西门大官人\",\"ftlPath\":\"F:/basemf-sig/src/main/resources/template\",\"mulList\":[],\"filePath\":\"F:/basemf-sig/src/main/\",\"isLazyDept\":\"false\",\"isGenLeftDept\":\"false\",\"password\":\"root\",\"frontPath\":\"F:/base-front/src/\",\"connectionURL\":\"jdbc:mysql://localhost:3306/base-lf?characterEncoding=utf-8&useSSL=false&nullCatalogMeansCurrent=true\",\"driverName\":\"com.mysql.cj.jdbc.Driver\",\"packageName\":\"com.lanf.cust\",\"username\":\"root\"}', '{\"code\":200,\"message\":\"成功\"}', 1, '', '2023-05-02 00:35:30', '2023-05-02 00:35:30', '2023-05-02 00:35:30', 0);
INSERT INTO `sys_oper_log` VALUES ('1653076068999442434', '代码生成', 'INSERT', 'com.lanf.generator.CodeController.save()', 'POST', 'MANAGE', 'admin', '', '/code/generator/save', '192.168.56.1', '{\"tabName\":\"test_student_course_relation\",\"genList\":[\"po\",\"vo\",\"mapper\",\"xml\",\"service\",\"impl\"],\"author\":\"tanlingfei\",\"ftlPath\":\"F:/basemf-sig/src/main/resources/template\",\"mulList\":[],\"filePath\":\"F:/basemf-sig/src/main/\",\"isLazyDept\":\"false\",\"isGenLeftDept\":\"false\",\"password\":\"root\",\"frontPath\":\"F:/base-front/src/\",\"connectionURL\":\"jdbc:mysql://localhost:3306/base-lf?characterEncoding=utf-8&useSSL=false&nullCatalogMeansCurrent=true\",\"driverName\":\"com.mysql.cj.jdbc.Driver\",\"packageName\":\"com.lanf.cust\",\"username\":\"root\"}', '{\"code\":200,\"message\":\"成功\"}', 1, '', '2023-05-02 00:37:02', '2023-05-02 00:37:02', '2023-05-02 00:37:02', 0);
INSERT INTO `sys_oper_log` VALUES ('1653077993199316994', '代码生成', 'INSERT', 'com.lanf.generator.CodeController.save()', 'POST', 'MANAGE', 'admin', '', '/code/generator/save', '192.168.56.1', '{\"tabName\":\"test_student\",\"genList\":[\"po\",\"vo\",\"mapper\",\"xml\",\"service\",\"impl\"],\"author\":\"tanlingfei\",\"ftlPath\":\"F:/basemf-sig/src/main/resources/template\",\"mulList\":[{\"mulSecColum\":\"\",\"mod\":\"pop\",\"data\":\"test_classes\",\"pageDir\":\"cust\",\"modRemark\":\"选择班级\",\"isMul\":\"\",\"mulMainColum\":\"\",\"where\":\"\",\"mulTable\":\"\",\"value\":\"name\",\"key\":\"id\",\"target\":\"class_id\"},{\"mulSecColum\":\"\",\"mod\":\"radio\",\"data\":\"sys_dic_item\",\"pageDir\":\"system\",\"modRemark\":\"性别\",\"isMul\":\"\",\"mulMainColum\":\"\",\"where\":\"{\\\"dic_code\\\":\\\"1000\\\"}\",\"mulTable\":\"\",\"value\":\"name\",\"key\":\"code\",\"target\":\"sex_code\"},{\"mulSecColum\":\"\",\"mod\":\"pop\",\"data\":\"sys_dept\",\"pageDir\":\"system\",\"modRemark\":\"选择部门\",\"isMul\":\"\",\"mulMainColum\":\"\",\"where\":\"\",\"mulTable\":\"\",\"value\":\"name\",\"key\":\"id\",\"target\":\"dept_id\"},{\"mulSecColum\":\"course_id\",\"mod\":\"pop\",\"data\":\"test_student_course\",\"pageDir\":\"cust\",\"modRemark\":\"选择课程\",\"isMul\":\"\",\"mulMainColum\":\"student_id\",\"where\":\"\",\"mulTable\":\"test_student_course_relation\",\"value\":\"name\",\"key\":\"id\",\"target\":\"id\"}],\"filePath\":\"F:/basemf-sig/src/main/\",\"isLazyDept\":\"false\",\"isGenLeftDept\":\"true\",\"password\":\"root\",\"frontPath\":\"F:/base-front/src/\",\"connectionURL\":\"jdbc:mysql://localhost:3306/base-lf?characterEncoding=utf-8&useSSL=false&nullCatalogMeansCurrent=true\",\"driverName\":\"com.mysql.cj.jdbc.Driver\",\"packageName\":\"com.lanf.cust\",\"username\":\"root\"}', '{\"code\":200,\"message\":\"成功\"}', 1, '', '2023-05-02 00:44:41', '2023-05-02 00:44:41', '2023-05-02 00:44:41', 0);
INSERT INTO `sys_oper_log` VALUES ('1653078819636531201', '代码生成', 'INSERT', 'com.lanf.generator.CodeController.save()', 'POST', 'MANAGE', 'admin', '', '/code/generator/save', '192.168.56.1', '{\"tabName\":\"test_student\",\"genList\":[\"po\",\"vo\",\"mapper\",\"xml\",\"service\",\"impl\",\"api\",\"vue\",\"controller\"],\"author\":\"tanlingfei\",\"ftlPath\":\"F:/basemf-sig/src/main/resources/template\",\"mulList\":[{\"mulSecColum\":\"\",\"mod\":\"pop\",\"data\":\"test_classes\",\"pageDir\":\"cust\",\"modRemark\":\"选择班级\",\"isMul\":\"\",\"mulMainColum\":\"\",\"where\":\"\",\"mulTable\":\"\",\"value\":\"name\",\"key\":\"id\",\"target\":\"class_id\"},{\"mulSecColum\":\"\",\"mod\":\"radio\",\"data\":\"sys_dic_item\",\"pageDir\":\"system\",\"modRemark\":\"性别\",\"isMul\":\"\",\"mulMainColum\":\"\",\"where\":\"{\\\"dic_code\\\":\\\"1000\\\"}\",\"mulTable\":\"\",\"value\":\"name\",\"key\":\"code\",\"target\":\"sex_code\"},{\"mulSecColum\":\"\",\"mod\":\"pop\",\"data\":\"sys_dept\",\"pageDir\":\"system\",\"modRemark\":\"选择部门\",\"isMul\":\"\",\"mulMainColum\":\"\",\"where\":\"\",\"mulTable\":\"\",\"value\":\"name\",\"key\":\"id\",\"target\":\"dept_id\"},{\"mulSecColum\":\"course_id\",\"mod\":\"pop\",\"data\":\"test_student_course\",\"pageDir\":\"cust\",\"modRemark\":\"选择课程\",\"isMul\":\"\",\"mulMainColum\":\"student_id\",\"where\":\"\",\"mulTable\":\"test_student_course_relation\",\"value\":\"name\",\"key\":\"id\",\"target\":\"id\"}],\"filePath\":\"F:/basemf-sig/src/main/\",\"isLazyDept\":\"false\",\"isGenLeftDept\":\"true\",\"password\":\"root\",\"frontPath\":\"F:/base-front/src/\",\"connectionURL\":\"jdbc:mysql://localhost:3306/base-lf?characterEncoding=utf-8&useSSL=false&nullCatalogMeansCurrent=true\",\"driverName\":\"com.mysql.cj.jdbc.Driver\",\"packageName\":\"com.lanf.cust\",\"username\":\"root\"}', '{\"code\":200,\"message\":\"成功\"}', 1, '', '2023-05-02 00:47:58', '2023-05-02 00:47:58', '2023-05-02 00:47:58', 0);
INSERT INTO `sys_oper_log` VALUES ('1653080939639111681', '代码生成', 'INSERT', 'com.lanf.generator.CodeController.save()', 'POST', 'MANAGE', 'admin', '', '/code/generator/save', '192.168.56.1', '{\"tabName\":\"test_student\",\"genList\":[\"po\",\"vo\",\"mapper\",\"xml\",\"service\",\"impl\",\"api\",\"vue\",\"controller\"],\"author\":\"tanlingfei\",\"ftlPath\":\"F:/basemf-sig/src/main/resources/template\",\"mulList\":[{\"mulSecColum\":\"\",\"mod\":\"pop\",\"data\":\"test_classes\",\"pageDir\":\"cust\",\"modRemark\":\"选择班级\",\"isMul\":\"\",\"mulMainColum\":\"\",\"where\":\"\",\"mulTable\":\"\",\"value\":\"name\",\"key\":\"id\",\"target\":\"class_id\"},{\"mulSecColum\":\"\",\"mod\":\"radio\",\"data\":\"sys_dic_item\",\"pageDir\":\"system\",\"modRemark\":\"性别\",\"isMul\":\"\",\"mulMainColum\":\"\",\"where\":\"{\\\"dic_code\\\":\\\"1000\\\"}\",\"mulTable\":\"\",\"value\":\"name\",\"key\":\"code\",\"target\":\"sex_code\"},{\"mulSecColum\":\"\",\"mod\":\"pop\",\"data\":\"sys_dept\",\"pageDir\":\"system\",\"modRemark\":\"选择部门\",\"isMul\":\"\",\"mulMainColum\":\"\",\"where\":\"\",\"mulTable\":\"\",\"value\":\"name\",\"key\":\"id\",\"target\":\"dept_id\"},{\"mulSecColum\":\"course_id\",\"mod\":\"pop\",\"data\":\"test_student_course\",\"pageDir\":\"cust\",\"modRemark\":\"选择课程\",\"isMul\":\"\",\"mulMainColum\":\"student_id\",\"where\":\"\",\"mulTable\":\"test_student_course_relation\",\"value\":\"name\",\"key\":\"id\",\"target\":\"id\"}],\"filePath\":\"F:/basemf-sig/src/main/\",\"isLazyDept\":\"false\",\"isGenLeftDept\":\"true\",\"password\":\"root\",\"frontPath\":\"F:/base-front/src/\",\"connectionURL\":\"jdbc:mysql://localhost:3306/base-lf?characterEncoding=utf-8&useSSL=false&nullCatalogMeansCurrent=true\",\"driverName\":\"com.mysql.cj.jdbc.Driver\",\"packageName\":\"com.lanf.cust\",\"username\":\"root\"}', '{\"code\":200,\"message\":\"成功\"}', 1, '', '2023-05-02 00:56:23', '2023-05-02 00:56:23', '2023-05-02 00:56:23', 0);
INSERT INTO `sys_oper_log` VALUES ('1653083787131125761', '代码生成', 'INSERT', 'com.lanf.generator.CodeController.save()', 'POST', 'MANAGE', 'admin', '', '/code/generator/save', '192.168.56.1', '{\"tabName\":\"test_student\",\"genList\":[\"api\",\"vue\",\"po\",\"vo\",\"mapper\",\"xml\",\"service\",\"impl\",\"controller\"],\"author\":\"tanlingfei\",\"ftlPath\":\"F:/basemf-sig/src/main/resources/template\",\"mulList\":[{\"mulSecColum\":\"\",\"mod\":\"pop\",\"data\":\"test_classes\",\"pageDir\":\"cust\",\"modRemark\":\"选择班级\",\"isMul\":\"false\",\"mulMainColum\":\"\",\"where\":\"\",\"mulTable\":\"\",\"value\":\"name\",\"key\":\"id\",\"target\":\"class_id\"},{\"mulSecColum\":\"\",\"mod\":\"radio\",\"data\":\"sys_dic_item\",\"pageDir\":\"system\",\"modRemark\":\"性别\",\"isMul\":\"false\",\"mulMainColum\":\"\",\"where\":\"{\\\"dic_code\\\":\\\"1000\\\"}\",\"mulTable\":\"\",\"value\":\"name\",\"key\":\"code\",\"target\":\"sex_code\"},{\"mulSecColum\":\"\",\"mod\":\"pop\",\"data\":\"sys_dept\",\"pageDir\":\"system\",\"modRemark\":\"选择部门\",\"isMul\":\"false\",\"mulMainColum\":\"\",\"where\":\"\",\"mulTable\":\"\",\"value\":\"name\",\"key\":\"id\",\"target\":\"dept_id\"},{\"mulSecColum\":\"course_id\",\"mod\":\"pop\",\"data\":\"test_student_course\",\"pageDir\":\"cust\",\"modRemark\":\"选择课程\",\"isMul\":\"true\",\"mulMainColum\":\"student_id\",\"where\":\"\",\"mulTable\":\"test_student_course_relation\",\"value\":\"name\",\"key\":\"id\",\"target\":\"id\"}],\"filePath\":\"F:/basemf-sig/src/main/\",\"isLazyDept\":\"false\",\"isGenLeftDept\":\"true\",\"password\":\"root\",\"frontPath\":\"F:/base-front/src/\",\"connectionURL\":\"jdbc:mysql://localhost:3306/base-lf?characterEncoding=utf-8&useSSL=false&nullCatalogMeansCurrent=true\",\"driverName\":\"com.mysql.cj.jdbc.Driver\",\"packageName\":\"com.lanf.cust\",\"username\":\"root\"}', '{\"code\":200,\"message\":\"成功\"}', 1, '', '2023-05-02 01:07:42', '2023-05-02 01:07:42', '2023-05-02 01:07:42', 0);
INSERT INTO `sys_oper_log` VALUES ('1653084125976363010', '菜单管理', 'UPDATE', 'com.lanf.system.controller.SysMenuController.updateById()', 'POST', 'MANAGE', 'admin', '', '/admin/system/sysMenu/update', '192.168.56.1', '{\"select\":false,\"icon\":\"\",\"updateTime\":1682960943104,\"type\":2,\"parentId\":\"586efff0cc24c5f8a8cc74a25d3ee9b5\",\"path\":\"\",\"sortValue\":1,\"component\":\"\",\"parentName\":\"学生课程管理\",\"isDeleted\":0,\"createTime\":1682078176000,\"param\":{},\"name\":\"删除\",\"perms\":\"bnt.testStudentCourse.remove\",\"id\":\"4422f987e6d08dc0fcbadaf280c6b98c\",\"status\":1}', '{\"code\":200,\"message\":\"成功\"}', 1, '', '2023-05-02 01:09:03', '2023-05-02 01:09:03', '2023-05-02 01:09:03', 0);
INSERT INTO `sys_oper_log` VALUES ('1653084171253874689', '菜单管理', 'UPDATE', 'com.lanf.system.controller.SysMenuController.updateById()', 'POST', 'MANAGE', 'admin', '', '/admin/system/sysMenu/update', '192.168.56.1', '{\"select\":false,\"icon\":\"\",\"updateTime\":1682960953890,\"type\":2,\"parentId\":\"586efff0cc24c5f8a8cc74a25d3ee9b5\",\"path\":\"\",\"sortValue\":1,\"component\":\"\",\"parentName\":\"学生课程管理\",\"isDeleted\":0,\"createTime\":1682078144000,\"param\":{},\"name\":\"修改\",\"perms\":\"bnt.testStudentCourse.update\",\"id\":\"51f8eb07a83fa599bbc85db068a071c5\",\"status\":1}', '{\"code\":200,\"message\":\"成功\"}', 1, '', '2023-05-02 01:09:14', '2023-05-02 01:09:14', '2023-05-02 01:09:14', 0);
INSERT INTO `sys_oper_log` VALUES ('1653084210269290497', '菜单管理', 'UPDATE', 'com.lanf.system.controller.SysMenuController.updateById()', 'POST', 'MANAGE', 'admin', '', '/admin/system/sysMenu/update', '192.168.56.1', '{\"select\":false,\"icon\":\"\",\"updateTime\":1682960963190,\"type\":2,\"parentId\":\"586efff0cc24c5f8a8cc74a25d3ee9b5\",\"path\":\"\",\"sortValue\":1,\"component\":\"\",\"parentName\":\"学生课程管理\",\"isDeleted\":0,\"createTime\":1682078114000,\"param\":{},\"name\":\"添加\",\"perms\":\"bnt.testStudentCourse.add\",\"id\":\"b6f9eb1c88eae40f489c887635440bb0\",\"status\":1}', '{\"code\":200,\"message\":\"成功\"}', 1, '', '2023-05-02 01:09:23', '2023-05-02 01:09:23', '2023-05-02 01:09:23', 0);
INSERT INTO `sys_oper_log` VALUES ('1653084234092937218', '菜单管理', 'UPDATE', 'com.lanf.system.controller.SysMenuController.updateById()', 'POST', 'MANAGE', 'admin', '', '/admin/system/sysMenu/update', '192.168.56.1', '{\"select\":false,\"icon\":\"\",\"updateTime\":1682960968870,\"type\":2,\"parentId\":\"586efff0cc24c5f8a8cc74a25d3ee9b5\",\"path\":\"\",\"sortValue\":1,\"component\":\"\",\"parentName\":\"学生课程管理\",\"isDeleted\":0,\"createTime\":1682078033000,\"param\":{},\"name\":\"查询\",\"perms\":\"bnt.testStudentCourse.list\",\"id\":\"ea7c79a11b4a621ee2ce6f23addfa7d7\",\"status\":1}', '{\"code\":200,\"message\":\"成功\"}', 1, '', '2023-05-02 01:09:29', '2023-05-02 01:09:29', '2023-05-02 01:09:29', 0);
INSERT INTO `sys_oper_log` VALUES ('1653084607016935426', '学生', 'INSERT', 'com.lanf.cust.controller.TestStudentController.save()', 'POST', 'MANAGE', 'admin', '', '/cust/testStudent/save', '192.168.56.1', '{\"deptId\":\"2013\",\"updateTime\":1682961057762,\"courseIdList\":[\"a9beef202d9195ef0fdf03fd921a7877\"],\"realname\":\"tetete\",\"classId\":\"1653052215376068609\",\"sexCode\":\"1001\",\"isDeleted\":0,\"createTime\":1682961057762,\"param\":{},\"name\":\"tetete\",\"id\":\"1653084606861746177\",\"age\":333}', '{\"code\":200,\"message\":\"成功\"}', 1, '', '2023-05-02 01:10:58', '2023-05-02 01:10:58', '2023-05-02 01:10:58', 0);
INSERT INTO `sys_oper_log` VALUES ('1653084650872578049', '学生', 'UPDATE', 'com.lanf.cust.controller.TestStudentController.updateById()', 'PUT', 'MANAGE', 'admin', '', '/cust/testStudent/update', '192.168.56.1', '{\"deptName\":\"开发部\",\"deptId\":\"2013\",\"updateTime\":1682961068234,\"courseIdList\":[\"a9beef202d9195ef0fdf03fd921a7877\",\"c2c0362dc7f8e1d74bd3f8db510bf392\"],\"realname\":\"tetete\",\"classId\":\"1653052215376068609\",\"sexCode\":\"1001\",\"isDeleted\":0,\"createTime\":1682961058000,\"param\":{},\"name\":\"tetete\",\"id\":\"1653084606861746177\",\"age\":333}', '{\"code\":200,\"message\":\"成功\"}', 1, '', '2023-05-02 01:11:08', '2023-05-02 01:11:08', '2023-05-02 01:11:08', 0);
INSERT INTO `sys_oper_log` VALUES ('1653085216294117377', '菜单管理', 'UPDATE', 'com.lanf.system.controller.SysMenuController.updateById()', 'POST', 'MANAGE', 'admin', '', '/admin/system/sysMenu/update', '192.168.56.1', '{\"select\":false,\"icon\":\"el-icon-s-tools\",\"updateTime\":1682961203040,\"type\":1,\"parentId\":\"1646187339429044225\",\"path\":\"studentCourse\",\"sortValue\":3,\"component\":\"pages/cust/testStudentCourse\",\"parentName\":\"测试功能\",\"isDeleted\":0,\"createTime\":1682058894000,\"param\":{},\"name\":\"学生课程管理\",\"perms\":\"\",\"id\":\"586efff0cc24c5f8a8cc74a25d3ee9b5\",\"status\":1}', '{\"code\":200,\"message\":\"成功\"}', 1, '', '2023-05-02 01:13:23', '2023-05-02 01:13:23', '2023-05-02 01:13:23', 0);
INSERT INTO `sys_oper_log` VALUES ('1653085784240627714', '代码生成', 'INSERT', 'com.lanf.generator.CodeController.save()', 'POST', 'MANAGE', 'admin', '', '/code/generator/save', '192.168.56.1', '{\"tabName\":\"test_student_course\",\"genList\":[\"api\",\"vue\",\"po\",\"vo\",\"mapper\",\"xml\",\"service\",\"impl\",\"controller\"],\"author\":\"tanlingfei\",\"ftlPath\":\"F:/basemf-sig/src/main/resources/template\",\"mulList\":[{\"mulSecColum\":\"student_id\",\"mod\":\"pop\",\"data\":\"test_student\",\"pageDir\":\"cust\",\"modRemark\":\"选择学生\",\"isMul\":\"true\",\"mulMainColum\":\"course_id\",\"where\":\"\",\"mulTable\":\"test_student_course_relation\",\"value\":\"name\",\"key\":\"id\",\"target\":\"id\"}],\"filePath\":\"F:/basemf-sig/src/main/\",\"isLazyDept\":\"false\",\"isGenLeftDept\":\"false\",\"password\":\"root\",\"frontPath\":\"F:/base-front/src/\",\"connectionURL\":\"jdbc:mysql://localhost:3306/base-lf?characterEncoding=utf-8&useSSL=false&nullCatalogMeansCurrent=true\",\"driverName\":\"com.mysql.cj.jdbc.Driver\",\"packageName\":\"com.lanf.cust\",\"username\":\"root\"}', '{\"code\":200,\"message\":\"成功\"}', 1, '', '2023-05-02 01:15:38', '2023-05-02 01:15:38', '2023-05-02 01:15:38', 0);
INSERT INTO `sys_oper_log` VALUES ('1653086256666083330', '', 'UPDATE', 'com.lanf.cust.controller.TestStudentCourseController.updateById()', 'PUT', 'MANAGE', 'admin', '', '/cust/testStudentCourse/update', '192.168.56.1', '{\"isDeleted\":0,\"createTime\":1682126556000,\"param\":{},\"name\":\"艺术\",\"updateTime\":1682961451072,\"id\":\"5186141924cda67bbc34ced48367d4e5\",\"studentIdList\":[\"1653074750838747138\"]}', '{\"code\":200,\"message\":\"成功\"}', 1, '', '2023-05-02 01:17:31', '2023-05-02 01:17:31', '2023-05-02 01:17:31', 0);
INSERT INTO `sys_oper_log` VALUES ('1653088985513820162', '代码生成', 'INSERT', 'com.lanf.generator.CodeController.save()', 'POST', 'MANAGE', 'admin', '', '/code/generator/save', '192.168.56.1', '{\"tabName\":\"test_student\",\"genList\":[\"api\",\"vue\",\"po\",\"vo\",\"mapper\",\"xml\",\"service\",\"impl\",\"controller\"],\"author\":\"tanlingfei\",\"ftlPath\":\"F:/basemf-sig/src/main/resources/template\",\"mulList\":[{\"mulSecColum\":\"\",\"mod\":\"pop\",\"data\":\"test_classes\",\"pageDir\":\"cust\",\"modRemark\":\"选择班级\",\"isMul\":\"false\",\"mulMainColum\":\"\",\"where\":\"\",\"mulTable\":\"\",\"value\":\"name\",\"key\":\"id\",\"target\":\"class_id\"},{\"mulSecColum\":\"\",\"mod\":\"radio\",\"data\":\"sys_dic_item\",\"pageDir\":\"system\",\"modRemark\":\"性别\",\"isMul\":\"false\",\"mulMainColum\":\"\",\"where\":\"\",\"mulTable\":\"\",\"value\":\"name\",\"key\":\"code\",\"target\":\"sex_code\"},{\"mulSecColum\":\"\",\"mod\":\"pop\",\"data\":\"sys_dept\",\"pageDir\":\"system\",\"modRemark\":\"选择部门\",\"isMul\":\"false\",\"mulMainColum\":\"\",\"where\":\"\",\"mulTable\":\"\",\"value\":\"name\",\"key\":\"id\",\"target\":\"dept_id\"},{\"mulSecColum\":\"course_id\",\"mod\":\"pop\",\"data\":\"test_student_course\",\"pageDir\":\"\",\"modRemark\":\"选择课程\",\"isMul\":\"true\",\"mulMainColum\":\"student_id\",\"where\":\"\",\"mulTable\":\"test_student_course_relation\",\"value\":\"name\",\"key\":\"id\",\"target\":\"id\"}],\"filePath\":\"F:/basemf-sig/src/main/\",\"isLazyDept\":\"true\",\"isGenLeftDept\":\"true\",\"password\":\"root\",\"frontPath\":\"F:/base-front/src/\",\"connectionURL\":\"jdbc:mysql://localhost:3306/base-lf?characterEncoding=utf-8&useSSL=false&nullCatalogMeansCurrent=true\",\"driverName\":\"com.mysql.cj.jdbc.Driver\",\"packageName\":\"com.lanf.cust\",\"username\":\"root\"}', '{\"code\":200,\"message\":\"成功\"}', 1, '', '2023-05-02 01:28:22', '2023-05-02 01:28:22', '2023-05-02 01:28:22', 0);
INSERT INTO `sys_oper_log` VALUES ('1653090212419043330', '代码生成', 'INSERT', 'com.lanf.generator.CodeController.save()', 'POST', 'MANAGE', 'admin', '', '/code/generator/save', '192.168.56.1', '{\"tabName\":\"test_student\",\"genList\":[\"api\",\"vue\",\"po\",\"vo\",\"mapper\",\"xml\",\"service\",\"impl\",\"controller\"],\"author\":\"tanlingfei\",\"ftlPath\":\"F:/basemf-sig/src/main/resources/template\",\"mulList\":[{\"mulSecColum\":\"\",\"mod\":\"pop\",\"data\":\"test_classes\",\"pageDir\":\"cust\",\"modRemark\":\"选择班级\",\"isMul\":\"false\",\"mulMainColum\":\"\",\"where\":\"\",\"mulTable\":\"\",\"value\":\"name\",\"key\":\"id\",\"target\":\"class_id\"},{\"mulSecColum\":\"\",\"mod\":\"radio\",\"data\":\"sys_dic_item\",\"pageDir\":\"system\",\"modRemark\":\"性别\",\"isMul\":\"false\",\"mulMainColum\":\"\",\"where\":\"\",\"mulTable\":\"\",\"value\":\"name\",\"key\":\"code\",\"target\":\"sex_code\"},{\"mulSecColum\":\"\",\"mod\":\"pop\",\"data\":\"sys_dept\",\"pageDir\":\"system\",\"modRemark\":\"选择部门\",\"isMul\":\"false\",\"mulMainColum\":\"\",\"where\":\"\",\"mulTable\":\"\",\"value\":\"name\",\"key\":\"id\",\"target\":\"dept_id\"},{\"mulSecColum\":\"course_id\",\"mod\":\"pop\",\"data\":\"test_student_course\",\"pageDir\":\"cust\",\"modRemark\":\"选择课程\",\"isMul\":\"true\",\"mulMainColum\":\"student_id\",\"where\":\"\",\"mulTable\":\"test_student_course_relation\",\"value\":\"name\",\"key\":\"id\",\"target\":\"id\"}],\"filePath\":\"F:/basemf-sig/src/main/\",\"isLazyDept\":\"true\",\"isGenLeftDept\":\"true\",\"password\":\"root\",\"frontPath\":\"F:/base-front/src/\",\"connectionURL\":\"jdbc:mysql://localhost:3306/base-lf?characterEncoding=utf-8&useSSL=false&nullCatalogMeansCurrent=true\",\"driverName\":\"com.mysql.cj.jdbc.Driver\",\"packageName\":\"com.lanf.cust\",\"username\":\"root\"}', '{\"code\":200,\"message\":\"成功\"}', 1, '', '2023-05-02 01:33:14', '2023-05-02 01:33:14', '2023-05-02 01:33:14', 0);
INSERT INTO `sys_oper_log` VALUES ('1653113223851360257', '学生', 'UPDATE', 'com.lanf.cust.controller.TestStudentController.updateById()', 'PUT', 'MANAGE', 'admin', '', '/cust/testStudent/update', '192.168.56.1', '{\"deptName\":\"开发部\",\"deptId\":\"1025\",\"updateTime\":1682967880524,\"courseIdList\":[\"a9beef202d9195ef0fdf03fd921a7877\",\"c2c0362dc7f8e1d74bd3f8db510bf392\"],\"realname\":\"tetete\",\"classId\":\"1653052215376068609\",\"sexCode\":\"1001\",\"isDeleted\":0,\"createTime\":1682961058000,\"param\":{},\"name\":\"tetete\",\"id\":\"1653084606861746177\",\"age\":333}', '{\"code\":200,\"message\":\"成功\"}', 1, '', '2023-05-02 03:04:41', '2023-05-02 03:04:41', '2023-05-02 03:04:41', 0);
INSERT INTO `sys_oper_log` VALUES ('1653132455435673602', '代码生成', 'INSERT', 'com.lanf.generator.CodeController.save()', 'POST', 'MANAGE', 'admin', '', '/code/generator/save', '192.168.56.1', '{\"tabName\":\"test_student\",\"genList\":[\"api\",\"vue\",\"po\",\"vo\",\"mapper\",\"xml\",\"service\",\"impl\",\"controller\"],\"author\":\"tanlingfei\",\"ftlPath\":\"F:/basemf-sig/src/main/resources/template\",\"mulList\":[{\"mulSecColum\":\"\",\"mod\":\"pop\",\"data\":\"test_classes\",\"pageDir\":\"cust\",\"modRemark\":\"选择班级\",\"isMul\":\"false\",\"mulMainColum\":\"\",\"where\":\"\",\"mulTable\":\"\",\"value\":\"name\",\"key\":\"id\",\"target\":\"class_id\"},{\"mulSecColum\":\"\",\"mod\":\"radio\",\"data\":\"sys_dic_item\",\"pageDir\":\"system\",\"modRemark\":\"性别\",\"isMul\":\"false\",\"mulMainColum\":\"\",\"where\":\"{\\\"dic_code\\\":\\\"1000\\\"}\",\"mulTable\":\"\",\"value\":\"name\",\"key\":\"code\",\"target\":\"sex_code\"},{\"mulSecColum\":\"\",\"mod\":\"pop\",\"data\":\"sys_dept\",\"pageDir\":\"system\",\"modRemark\":\"选择部门\",\"isMul\":\"false\",\"mulMainColum\":\"\",\"where\":\"\",\"mulTable\":\"\",\"value\":\"name\",\"key\":\"id\",\"target\":\"dept_id\"},{\"mulSecColum\":\"course_id\",\"mod\":\"pop\",\"data\":\"test_student_course\",\"pageDir\":\"cust\",\"modRemark\":\"选择课程\",\"isMul\":\"true\",\"mulMainColum\":\"student_id\",\"where\":\"\",\"mulTable\":\"test_student_course_relation\",\"value\":\"name\",\"key\":\"id\",\"target\":\"id\"}],\"filePath\":\"F:/basemf-sig/src/main/\",\"isLazyDept\":\"false\",\"isGenLeftDept\":\"true\",\"password\":\"root\",\"frontPath\":\"F:/base-front/src/\",\"connectionURL\":\"jdbc:mysql://localhost:3306/base-lf?characterEncoding=utf-8&useSSL=false&nullCatalogMeansCurrent=true\",\"driverName\":\"com.mysql.cj.jdbc.Driver\",\"packageName\":\"com.lanf.cust\",\"username\":\"root\"}', '{\"code\":200,\"message\":\"成功\"}', 1, '', '2023-05-02 04:21:06', '2023-05-02 04:21:06', '2023-05-02 04:21:06', 0);
INSERT INTO `sys_oper_log` VALUES ('1653132962002731009', '代码生成', 'INSERT', 'com.lanf.generator.CodeController.save()', 'POST', 'MANAGE', 'admin', '', '/code/generator/save', '192.168.56.1', '{\"tabName\":\"test_student\",\"genList\":[\"api\",\"vue\",\"po\",\"vo\",\"mapper\",\"xml\",\"service\",\"impl\",\"controller\"],\"author\":\"tanlingfei\",\"ftlPath\":\"F:/basemf-sig/src/main/resources/template\",\"mulList\":[{\"mulSecColum\":\"\",\"mod\":\"pop\",\"data\":\"test_classes\",\"pageDir\":\"cust\",\"modRemark\":\"选择班级\",\"isMul\":\"false\",\"mulMainColum\":\"\",\"where\":\"\",\"mulTable\":\"\",\"value\":\"name\",\"key\":\"id\",\"target\":\"class_id\"},{\"mulSecColum\":\"\",\"mod\":\"radio\",\"data\":\"sys_dic_item\",\"pageDir\":\"system\",\"modRemark\":\"性别\",\"isMul\":\"false\",\"mulMainColum\":\"\",\"where\":\"{\\\"dic_code\\\":\\\"1000\\\"}\",\"mulTable\":\"\",\"value\":\"name\",\"key\":\"code\",\"target\":\"sex_code\"},{\"mulSecColum\":\"\",\"mod\":\"pop\",\"data\":\"sys_dept\",\"pageDir\":\"system\",\"modRemark\":\"选择部门\",\"isMul\":\"false\",\"mulMainColum\":\"\",\"where\":\"\",\"mulTable\":\"\",\"value\":\"name\",\"key\":\"id\",\"target\":\"dept_id\"},{\"mulSecColum\":\"course_id\",\"mod\":\"pop\",\"data\":\"test_student_course\",\"pageDir\":\"cust\",\"modRemark\":\"选择课程\",\"isMul\":\"true\",\"mulMainColum\":\"student_id\",\"where\":\"\",\"mulTable\":\"test_student_course_relation\",\"value\":\"name\",\"key\":\"id\",\"target\":\"id\"}],\"filePath\":\"F:/basemf-sig/src/main/\",\"isLazyDept\":\"true\",\"isGenLeftDept\":\"true\",\"password\":\"root\",\"frontPath\":\"F:/base-front/src/\",\"connectionURL\":\"jdbc:mysql://localhost:3306/base-lf?characterEncoding=utf-8&useSSL=false&nullCatalogMeansCurrent=true\",\"driverName\":\"com.mysql.cj.jdbc.Driver\",\"packageName\":\"com.lanf.cust\",\"username\":\"root\"}', '{\"code\":200,\"message\":\"成功\"}', 1, '', '2023-05-02 04:23:06', '2023-05-02 04:23:07', '2023-05-02 04:23:07', 0);
INSERT INTO `sys_oper_log` VALUES ('1653133892525850626', '代码生成', 'INSERT', 'com.lanf.generator.CodeController.save()', 'POST', 'MANAGE', 'admin', '', '/code/generator/save', '192.168.56.1', '{\"tabName\":\"test_employee\",\"genList\":[\"api\",\"vue\",\"po\",\"vo\",\"mapper\",\"xml\",\"service\",\"impl\",\"controller\"],\"author\":\"tanlingfei\",\"ftlPath\":\"F:/basemf-sig/src/main/resources/template\",\"mulList\":[{\"mulSecColum\":\"dept_id\",\"mod\":\"pop\",\"data\":\"sys_dept\",\"pageDir\":\"system\",\"modRemark\":\"选择部门\",\"isMul\":\"true\",\"mulMainColum\":\"employee_id\",\"where\":\"\",\"mulTable\":\"test_employee_dept\",\"value\":\"name\",\"key\":\"id\",\"target\":\"id\"}],\"filePath\":\"F:/basemf-sig/src/main/\",\"isLazyDept\":\"false\",\"isGenLeftDept\":\"true\",\"password\":\"root\",\"frontPath\":\"F:/base-front/src/\",\"connectionURL\":\"jdbc:mysql://localhost:3306/base-lf?characterEncoding=utf-8&useSSL=false&nullCatalogMeansCurrent=true\",\"driverName\":\"com.mysql.cj.jdbc.Driver\",\"packageName\":\"com.lanf.cust\",\"username\":\"root\"}', '{\"code\":200,\"message\":\"成功\"}', 1, '', '2023-05-02 04:26:48', '2023-05-02 04:26:48', '2023-05-02 04:26:48', 0);
INSERT INTO `sys_oper_log` VALUES ('1653137509672640513', '代码生成', 'INSERT', 'com.lanf.generator.CodeController.save()', 'POST', 'MANAGE', 'admin', '', '/code/generator/save', '192.168.56.1', '{\"tabName\":\"test_employee\",\"genList\":[\"po\",\"vo\",\"mapper\",\"xml\",\"service\",\"impl\"],\"author\":\"tanlingfei\",\"ftlPath\":\"F:/basemf-sig/src/main/resources/template\",\"mulList\":[{\"mulSecColum\":\"dept_id\",\"mod\":\"pop\",\"data\":\"sys_dept\",\"pageDir\":\"system\",\"modRemark\":\"选择部门\",\"isMul\":\"true\",\"mulMainColum\":\"employee_id\",\"where\":\"\",\"mulTable\":\"test_employee_dept\",\"value\":\"name\",\"key\":\"id\",\"target\":\"id\"}],\"filePath\":\"F:/basemf-sig/src/main/\",\"isLazyDept\":\"false\",\"isGenLeftDept\":\"true\",\"password\":\"root\",\"frontPath\":\"F:/base-front/src/\",\"connectionURL\":\"jdbc:mysql://localhost:3306/base-lf?characterEncoding=utf-8&useSSL=false&nullCatalogMeansCurrent=true\",\"driverName\":\"com.mysql.cj.jdbc.Driver\",\"packageName\":\"com.lanf.cust\",\"username\":\"root\"}', '{\"code\":200,\"message\":\"成功\"}', 1, '', '2023-05-02 04:41:11', '2023-05-02 04:41:11', '2023-05-02 04:41:11', 0);
INSERT INTO `sys_oper_log` VALUES ('1653137735653351425', '代码生成', 'INSERT', 'com.lanf.generator.CodeController.save()', 'POST', 'MANAGE', 'admin', '', '/code/generator/save', '192.168.56.1', '{\"tabName\":\"test_employee\",\"genList\":[\"po\",\"vo\",\"mapper\",\"xml\",\"service\",\"impl\",\"api\",\"vue\"],\"author\":\"tanlingfei\",\"ftlPath\":\"F:/basemf-sig/src/main/resources/template\",\"mulList\":[{\"mulSecColum\":\"dept_id\",\"mod\":\"pop\",\"data\":\"sys_dept\",\"pageDir\":\"system\",\"modRemark\":\"选择部门\",\"isMul\":\"true\",\"mulMainColum\":\"employee_id\",\"where\":\"\",\"mulTable\":\"test_employee_dept\",\"value\":\"name\",\"key\":\"id\",\"target\":\"id\"}],\"filePath\":\"F:/basemf-sig/src/main/\",\"isLazyDept\":\"false\",\"isGenLeftDept\":\"true\",\"password\":\"root\",\"frontPath\":\"F:/base-front/src/\",\"connectionURL\":\"jdbc:mysql://localhost:3306/base-lf?characterEncoding=utf-8&useSSL=false&nullCatalogMeansCurrent=true\",\"driverName\":\"com.mysql.cj.jdbc.Driver\",\"packageName\":\"com.lanf.cust\",\"username\":\"root\"}', '{\"code\":200,\"message\":\"成功\"}', 1, '', '2023-05-02 04:42:05', '2023-05-02 04:42:05', '2023-05-02 04:42:05', 0);
INSERT INTO `sys_oper_log` VALUES ('1653137977916350466', '代码生成', 'INSERT', 'com.lanf.generator.CodeController.save()', 'POST', 'MANAGE', 'admin', '', '/code/generator/save', '192.168.56.1', '{\"tabName\":\"test_employee\",\"genList\":[\"po\",\"vo\",\"mapper\",\"xml\",\"service\",\"impl\",\"api\",\"vue\",\"controller\"],\"author\":\"tanlingfei\",\"ftlPath\":\"F:/basemf-sig/src/main/resources/template\",\"mulList\":[{\"mulSecColum\":\"dept_id\",\"mod\":\"pop\",\"data\":\"sys_dept\",\"pageDir\":\"system\",\"modRemark\":\"选择部门\",\"isMul\":\"true\",\"mulMainColum\":\"employee_id\",\"where\":\"\",\"mulTable\":\"test_employee_dept\",\"value\":\"name\",\"key\":\"id\",\"target\":\"id\"}],\"filePath\":\"F:/basemf-sig/src/main/\",\"isLazyDept\":\"false\",\"isGenLeftDept\":\"true\",\"password\":\"root\",\"frontPath\":\"F:/base-front/src/\",\"connectionURL\":\"jdbc:mysql://localhost:3306/base-lf?characterEncoding=utf-8&useSSL=false&nullCatalogMeansCurrent=true\",\"driverName\":\"com.mysql.cj.jdbc.Driver\",\"packageName\":\"com.lanf.cust\",\"username\":\"root\"}', '{\"code\":200,\"message\":\"成功\"}', 1, '', '2023-05-02 04:43:02', '2023-05-02 04:43:02', '2023-05-02 04:43:02', 0);
INSERT INTO `sys_oper_log` VALUES ('1653138322189017090', '代码生成', 'INSERT', 'com.lanf.generator.CodeController.save()', 'POST', 'MANAGE', 'admin', '', '/code/generator/save', '192.168.56.1', '{\"tabName\":\"test_employee_dept\",\"genList\":[\"po\",\"vo\",\"mapper\",\"xml\",\"service\",\"impl\"],\"author\":\"tanlingfei\",\"ftlPath\":\"F:/basemf-sig/src/main/resources/template\",\"mulList\":[],\"filePath\":\"F:/basemf-sig/src/main/\",\"isLazyDept\":\"false\",\"isGenLeftDept\":\"false\",\"password\":\"root\",\"frontPath\":\"F:/base-front/src/\",\"connectionURL\":\"jdbc:mysql://localhost:3306/base-lf?characterEncoding=utf-8&useSSL=false&nullCatalogMeansCurrent=true\",\"driverName\":\"com.mysql.cj.jdbc.Driver\",\"packageName\":\"com.lanf.cust\",\"username\":\"root\"}', '{\"code\":200,\"message\":\"成功\"}', 1, '', '2023-05-02 04:44:24', '2023-05-02 04:44:24', '2023-05-02 04:44:24', 0);
INSERT INTO `sys_oper_log` VALUES ('1653138935488507905', '代码生成', 'INSERT', 'com.lanf.generator.CodeController.save()', 'POST', 'MANAGE', 'admin', '', '/code/generator/save', '192.168.56.1', '{\"tabName\":\"test_employee\",\"genList\":[\"po\",\"vo\",\"mapper\",\"xml\",\"service\",\"impl\",\"api\",\"vue\",\"controller\"],\"author\":\"tanlingfei\",\"ftlPath\":\"F:/basemf-sig/src/main/resources/template\",\"mulList\":[{\"mulSecColum\":\"dept_id\",\"mod\":\"pop\",\"data\":\"sys_dept\",\"pageDir\":\"system\",\"modRemark\":\"选择部门\",\"isMul\":\"true\",\"mulMainColum\":\"employee_id\",\"where\":\"\",\"mulTable\":\"test_employee_dept\",\"value\":\"name\",\"key\":\"id\",\"target\":\"id\"}],\"filePath\":\"F:/basemf-sig/src/main/\",\"isLazyDept\":\"true\",\"isGenLeftDept\":\"true\",\"password\":\"root\",\"frontPath\":\"F:/base-front/src/\",\"connectionURL\":\"jdbc:mysql://localhost:3306/base-lf?characterEncoding=utf-8&useSSL=false&nullCatalogMeansCurrent=true\",\"driverName\":\"com.mysql.cj.jdbc.Driver\",\"packageName\":\"com.lanf.cust\",\"username\":\"root\"}', '{\"code\":200,\"message\":\"成功\"}', 1, '', '2023-05-02 04:46:51', '2023-05-02 04:46:51', '2023-05-02 04:46:51', 0);
INSERT INTO `sys_oper_log` VALUES ('1653145896930070530', '代码生成', 'INSERT', 'com.lanf.generator.CodeController.save()', 'POST', 'MANAGE', 'admin', '', '/code/generator/save', '192.168.56.1', '{\"tabName\":\"test_actor\",\"genList\":[\"api\",\"vue\",\"po\",\"vo\",\"mapper\",\"xml\",\"service\",\"impl\",\"controller\"],\"author\":\"西门\",\"ftlPath\":\"F:/basemf-sig/src/main/resources/template\",\"mulList\":[],\"filePath\":\"F:/basemf-sig/src/main/\",\"isLazyDept\":\"false\",\"isGenLeftDept\":\"false\",\"password\":\"root\",\"frontPath\":\"F:/base-front/src/\",\"connectionURL\":\"jdbc:mysql://localhost:3306/base-lf?characterEncoding=utf-8&useSSL=false&nullCatalogMeansCurrent=true\",\"driverName\":\"com.mysql.cj.jdbc.Driver\",\"packageName\":\"com.lanf.cust\",\"username\":\"root\"}', '{\"code\":200,\"message\":\"成功\"}', 1, '', '2023-05-02 05:14:30', '2023-05-02 05:14:30', '2023-05-02 05:14:30', 0);
INSERT INTO `sys_oper_log` VALUES ('1653147062598475778', '', 'INSERT', 'com.lanf.cust.controller.TestActorController.save()', 'POST', 'MANAGE', 'admin', '', '/cust/testActor/save', '192.168.56.1', '{\"isDeleted\":0,\"createTime\":1682975948303,\"param\":{},\"phone\":\"55555555\",\"name\":\"小花\",\"updateTime\":1682975948303,\"id\":\"1653147062317457409\",\"age\":55,\"realname\":\"花花\"}', '{\"code\":200,\"message\":\"成功\"}', 1, '', '2023-05-02 05:19:08', '2023-05-02 05:19:08', '2023-05-02 05:19:08', 0);
INSERT INTO `sys_oper_log` VALUES ('1653147119292882946', '', 'UPDATE', 'com.lanf.cust.controller.TestActorController.updateById()', 'PUT', 'MANAGE', 'admin', '', '/cust/testActor/update', '192.168.56.1', '{\"isDeleted\":0,\"createTime\":1682975948000,\"param\":{},\"phone\":\"55555555\",\"name\":\"小花\",\"updateTime\":1682975961869,\"id\":\"1653147062317457409\",\"age\":55,\"realname\":\"花花88\"}', '{\"code\":200,\"message\":\"成功\"}', 1, '', '2023-05-02 05:19:22', '2023-05-02 05:19:22', '2023-05-02 05:19:22', 0);
INSERT INTO `sys_oper_log` VALUES ('1653147575318585345', '代码生成', 'INSERT', 'com.lanf.generator.CodeController.save()', 'POST', 'MANAGE', 'admin', '', '/code/generator/save', '192.168.56.1', '{\"tabName\":\"test_classes\",\"genList\":[\"api\",\"vue\",\"po\",\"vo\",\"mapper\",\"xml\",\"service\",\"impl\",\"controller\"],\"author\":\"tanlingfei\",\"ftlPath\":\"F:/basemf-sig/src/main/resources/template\",\"mulList\":[],\"filePath\":\"F:/basemf-sig/src/main/\",\"isLazyDept\":\"false\",\"isGenLeftDept\":\"false\",\"password\":\"root\",\"frontPath\":\"F:/base-front/src/\",\"connectionURL\":\"jdbc:mysql://localhost:3306/base-lf?characterEncoding=utf-8&useSSL=false&nullCatalogMeansCurrent=true\",\"driverName\":\"com.mysql.cj.jdbc.Driver\",\"packageName\":\"com.lanf.cust\",\"username\":\"root\"}', '{\"code\":200,\"message\":\"成功\"}', 1, '', '2023-05-02 05:21:11', '2023-05-02 05:21:11', '2023-05-02 05:21:11', 0);
INSERT INTO `sys_oper_log` VALUES ('1653148137460195329', '班级', 'INSERT', 'com.lanf.cust.controller.TestClassesController.save()', 'POST', 'MANAGE', 'admin', '', '/cust/testClasses/save', '192.168.56.1', '{\"isDeleted\":0,\"createTime\":1682976204555,\"param\":{},\"name\":\"2210班\",\"updateTime\":1682976204555,\"id\":\"1653148137124651010\"}', '{\"code\":200,\"message\":\"成功\"}', 1, '', '2023-05-02 05:23:25', '2023-05-02 05:23:25', '2023-05-02 05:23:25', 0);
INSERT INTO `sys_oper_log` VALUES ('1653148168414158850', '班级', 'INSERT', 'com.lanf.cust.controller.TestClassesController.save()', 'POST', 'MANAGE', 'admin', '', '/cust/testClasses/save', '192.168.56.1', '{\"isDeleted\":0,\"createTime\":1682976212002,\"param\":{},\"name\":\"2211班\",\"updateTime\":1682976212002,\"id\":\"1653148168363827201\"}', '{\"code\":200,\"message\":\"成功\"}', 1, '', '2023-05-02 05:23:32', '2023-05-02 05:23:32', '2023-05-02 05:23:32', 0);
INSERT INTO `sys_oper_log` VALUES ('1653148192195862530', '班级', 'INSERT', 'com.lanf.cust.controller.TestClassesController.save()', 'POST', 'MANAGE', 'admin', '', '/cust/testClasses/save', '192.168.56.1', '{\"isDeleted\":0,\"createTime\":1682976217669,\"param\":{},\"name\":\"2212班\",\"updateTime\":1682976217669,\"id\":\"1653148192132947970\"}', '{\"code\":200,\"message\":\"成功\"}', 1, '', '2023-05-02 05:23:38', '2023-05-02 05:23:38', '2023-05-02 05:23:38', 0);
INSERT INTO `sys_oper_log` VALUES ('1653149408216866817', '代码生成', 'INSERT', 'com.lanf.generator.CodeController.save()', 'POST', 'MANAGE', 'admin', '', '/code/generator/save', '192.168.56.1', '{\"tabName\":\"test_student\",\"genList\":[\"api\",\"vue\",\"po\",\"vo\",\"mapper\",\"xml\",\"service\",\"impl\",\"controller\"],\"author\":\"tanlingfei\",\"ftlPath\":\"F:/basemf-sig/src/main/resources/template\",\"mulList\":[{\"mulSecColum\":\"\",\"mod\":\"select\",\"data\":\"test_classes\",\"pageDir\":\"cust\",\"modRemark\":\"选择班级\",\"isMul\":\"false\",\"mulMainColum\":\"\",\"where\":\"\",\"mulTable\":\"\",\"value\":\"name\",\"key\":\"id\",\"target\":\"class_id\"}],\"filePath\":\"F:/basemf-sig/src/main/\",\"isLazyDept\":\"false\",\"isGenLeftDept\":\"false\",\"password\":\"root\",\"frontPath\":\"F:/base-front/src/\",\"connectionURL\":\"jdbc:mysql://localhost:3306/base-lf?characterEncoding=utf-8&useSSL=false&nullCatalogMeansCurrent=true\",\"driverName\":\"com.mysql.cj.jdbc.Driver\",\"packageName\":\"com.lanf.cust\",\"username\":\"root\"}', '{\"code\":200,\"message\":\"成功\"}', 1, '', '2023-05-02 05:28:28', '2023-05-02 05:28:28', '2023-05-02 05:28:28', 0);
INSERT INTO `sys_oper_log` VALUES ('1653149981309710337', '学生', 'INSERT', 'com.lanf.cust.controller.TestStudentController.save()', 'POST', 'MANAGE', 'admin', '', '/cust/testStudent/save', '192.168.56.1', '{\"classId\":\"1653148192132947970\",\"sexCode\":\"1\",\"isDeleted\":0,\"createTime\":1682976644170,\"param\":{},\"deptId\":\"33333\",\"name\":\"小明\",\"updateTime\":1682976644170,\"id\":\"1653149981003526146\",\"age\":22,\"realname\":\"谭小明\"}', '{\"code\":200,\"message\":\"成功\"}', 1, '', '2023-05-02 05:30:44', '2023-05-02 05:30:44', '2023-05-02 05:30:44', 0);
INSERT INTO `sys_oper_log` VALUES ('1653150083998855170', '学生', 'UPDATE', 'com.lanf.cust.controller.TestStudentController.updateById()', 'PUT', 'MANAGE', 'admin', '', '/cust/testStudent/update', '192.168.56.1', '{\"classId\":\"1653148192132947970\",\"sexCode\":\"55\",\"isDeleted\":0,\"createTime\":1682976644000,\"param\":{},\"deptId\":\"33333\",\"name\":\"小明444\",\"updateTime\":1682976668709,\"id\":\"1653149981003526146\",\"age\":22,\"realname\":\"谭小明444\"}', '{\"code\":200,\"message\":\"成功\"}', 1, '', '2023-05-02 05:31:09', '2023-05-02 05:31:09', '2023-05-02 05:31:09', 0);
INSERT INTO `sys_oper_log` VALUES ('1653152087940837377', '代码生成', 'INSERT', 'com.lanf.generator.CodeController.save()', 'POST', 'MANAGE', 'admin', '', '/code/generator/save', '192.168.56.1', '{\"tabName\":\"test_student\",\"genList\":[\"api\",\"vue\",\"po\",\"vo\",\"mapper\",\"xml\",\"service\",\"impl\",\"controller\"],\"author\":\"tanlingfei\",\"ftlPath\":\"F:/basemf-sig/src/main/resources/template\",\"mulList\":[{\"mulSecColum\":\"\",\"mod\":\"pop\",\"data\":\"test_classes\",\"pageDir\":\"cust\",\"modRemark\":\"选择班级\",\"isMul\":\"false\",\"mulMainColum\":\"\",\"where\":\"\",\"mulTable\":\"\",\"value\":\"name\",\"key\":\"id\",\"target\":\"class_id\"},{\"mulSecColum\":\"\",\"mod\":\"radio\",\"data\":\"sys_dic_item\",\"pageDir\":\"system\",\"modRemark\":\"选择性别\",\"isMul\":\"false\",\"mulMainColum\":\"\",\"where\":\"\",\"mulTable\":\"\",\"value\":\"name\",\"key\":\"code\",\"target\":\"sex_code\"},{\"mulSecColum\":\"\",\"mod\":\"pop\",\"data\":\"sys_dept\",\"pageDir\":\"system\",\"modRemark\":\"选择部门\",\"isMul\":\"false\",\"mulMainColum\":\"\",\"where\":\"\",\"mulTable\":\"\",\"value\":\"name\",\"key\":\"id\",\"target\":\"dept_id\"}],\"filePath\":\"F:/basemf-sig/src/main/\",\"isLazyDept\":\"false\",\"isGenLeftDept\":\"true\",\"password\":\"root\",\"frontPath\":\"F:/base-front/src/\",\"connectionURL\":\"jdbc:mysql://localhost:3306/base-lf?characterEncoding=utf-8&useSSL=false&nullCatalogMeansCurrent=true\",\"driverName\":\"com.mysql.cj.jdbc.Driver\",\"packageName\":\"com.lanf.cust\",\"username\":\"root\"}', '{\"code\":200,\"message\":\"成功\"}', 1, '', '2023-05-02 05:39:06', '2023-05-02 05:39:07', '2023-05-02 05:39:07', 0);
INSERT INTO `sys_oper_log` VALUES ('1653153586045612033', '代码生成', 'INSERT', 'com.lanf.generator.CodeController.save()', 'POST', 'MANAGE', 'admin', '', '/code/generator/save', '192.168.56.1', '{\"tabName\":\"test_student\",\"genList\":[\"api\",\"vue\",\"po\",\"vo\",\"mapper\",\"xml\",\"service\",\"impl\",\"controller\"],\"author\":\"tanlingfei\",\"ftlPath\":\"F:/basemf-sig/src/main/resources/template\",\"mulList\":[{\"mulSecColum\":\"\",\"mod\":\"pop\",\"data\":\"test_classes\",\"pageDir\":\"cust\",\"modRemark\":\"选择班级\",\"isMul\":\"false\",\"mulMainColum\":\"\",\"where\":\"\",\"mulTable\":\"\",\"value\":\"name\",\"key\":\"id\",\"target\":\"class_id\"},{\"mulSecColum\":\"\",\"mod\":\"radio\",\"data\":\"sys_dic_item\",\"pageDir\":\"system\",\"modRemark\":\"选择性别\",\"isMul\":\"false\",\"mulMainColum\":\"\",\"where\":\"{\\\"dic_code\\\":\\\"1000\\\"}\",\"mulTable\":\"\",\"value\":\"name\",\"key\":\"code\",\"target\":\"sex_code\"},{\"mulSecColum\":\"\",\"mod\":\"pop\",\"data\":\"sys_dept\",\"pageDir\":\"system\",\"modRemark\":\"选择部门\",\"isMul\":\"false\",\"mulMainColum\":\"\",\"where\":\"\",\"mulTable\":\"\",\"value\":\"name\",\"key\":\"id\",\"target\":\"dept_id\"}],\"filePath\":\"F:/basemf-sig/src/main/\",\"isLazyDept\":\"true\",\"isGenLeftDept\":\"true\",\"password\":\"root\",\"frontPath\":\"F:/base-front/src/\",\"connectionURL\":\"jdbc:mysql://localhost:3306/base-lf?characterEncoding=utf-8&useSSL=false&nullCatalogMeansCurrent=true\",\"driverName\":\"com.mysql.cj.jdbc.Driver\",\"packageName\":\"com.lanf.cust\",\"username\":\"root\"}', '{\"code\":200,\"message\":\"成功\"}', 1, '', '2023-05-02 05:45:04', '2023-05-02 05:45:04', '2023-05-02 05:45:04', 0);
INSERT INTO `sys_oper_log` VALUES ('1653154148472418306', '学生', 'INSERT', 'com.lanf.cust.controller.TestStudentController.save()', 'POST', 'MANAGE', 'admin', '', '/cust/testStudent/save', '192.168.56.1', '{\"deptId\":\"2013\",\"updateTime\":1682977637752,\"realname\":\"fdfdfdf\",\"classId\":\"1653148168363827201\",\"sexCode\":\"1002\",\"isDeleted\":0,\"createTime\":1682977637752,\"param\":{},\"name\":\"klklf\",\"id\":\"1653154148384337922\",\"age\":33}', '{\"code\":200,\"message\":\"成功\"}', 1, '', '2023-05-02 05:47:18', '2023-05-02 05:47:18', '2023-05-02 05:47:18', 0);
INSERT INTO `sys_oper_log` VALUES ('1653154232081674241', '学生', 'UPDATE', 'com.lanf.cust.controller.TestStudentController.updateById()', 'PUT', 'MANAGE', 'admin', '', '/cust/testStudent/update', '192.168.56.1', '{\"deptName\":\"开发部\",\"deptId\":\"2018\",\"updateTime\":1682977657690,\"realname\":\"郭美美\",\"classId\":\"1653148168363827201\",\"sexCode\":\"1002\",\"isDeleted\":0,\"createTime\":1682977638000,\"param\":{},\"name\":\"daguanren\",\"id\":\"1653154148384337922\",\"age\":33}', '{\"code\":200,\"message\":\"成功\"}', 1, '', '2023-05-02 05:47:38', '2023-05-02 05:47:38', '2023-05-02 05:47:38', 0);
INSERT INTO `sys_oper_log` VALUES ('1653154296082558978', '学生', 'UPDATE', 'com.lanf.cust.controller.TestStudentController.updateById()', 'PUT', 'MANAGE', 'admin', '', '/cust/testStudent/update', '192.168.56.1', '{\"deptId\":\"2017\",\"updateTime\":1682977672953,\"realname\":\"谭小明444\",\"classId\":\"1653148192132947970\",\"sexCode\":\"55\",\"isDeleted\":0,\"createTime\":1682976644000,\"param\":{},\"name\":\"小明444\",\"id\":\"1653149981003526146\",\"age\":22}', '{\"code\":200,\"message\":\"成功\"}', 1, '', '2023-05-02 05:47:53', '2023-05-02 05:47:53', '2023-05-02 05:47:53', 0);
INSERT INTO `sys_oper_log` VALUES ('1653154326583537665', '学生', 'UPDATE', 'com.lanf.cust.controller.TestStudentController.updateById()', 'PUT', 'MANAGE', 'admin', '', '/cust/testStudent/update', '192.168.56.1', '{\"deptName\":\"大数据组\",\"deptId\":\"2017\",\"updateTime\":1682977680228,\"realname\":\"谭小明444\",\"classId\":\"1653148192132947970\",\"sexCode\":\"1002\",\"isDeleted\":0,\"createTime\":1682976644000,\"param\":{},\"name\":\"小明444\",\"id\":\"1653149981003526146\",\"age\":22}', '{\"code\":200,\"message\":\"成功\"}', 1, '', '2023-05-02 05:48:00', '2023-05-02 05:48:00', '2023-05-02 05:48:00', 0);
INSERT INTO `sys_oper_log` VALUES ('1653155064885899265', '代码生成', 'INSERT', 'com.lanf.generator.CodeController.save()', 'POST', 'MANAGE', 'admin', '', '/code/generator/save', '192.168.56.1', '{\"tabName\":\"test_student_course_relation\",\"genList\":[\"po\",\"vo\",\"mapper\",\"xml\",\"service\",\"impl\"],\"author\":\"tanlingfei\",\"ftlPath\":\"F:/basemf-sig/src/main/resources/template\",\"mulList\":[],\"filePath\":\"F:/basemf-sig/src/main/\",\"isLazyDept\":\"false\",\"isGenLeftDept\":\"false\",\"password\":\"root\",\"frontPath\":\"F:/base-front/src/\",\"connectionURL\":\"jdbc:mysql://localhost:3306/base-lf?characterEncoding=utf-8&useSSL=false&nullCatalogMeansCurrent=true\",\"driverName\":\"com.mysql.cj.jdbc.Driver\",\"packageName\":\"com.lanf.cust\",\"username\":\"root\"}', '{\"code\":200,\"message\":\"成功\"}', 1, '', '2023-05-02 05:50:56', '2023-05-02 05:50:56', '2023-05-02 05:50:56', 0);
INSERT INTO `sys_oper_log` VALUES ('1653157175564529666', '代码生成', 'INSERT', 'com.lanf.generator.CodeController.save()', 'POST', 'MANAGE', 'admin', '', '/code/generator/save', '192.168.56.1', '{\"tabName\":\"test_student\",\"genList\":[\"po\",\"vo\",\"mapper\",\"xml\",\"service\",\"impl\"],\"author\":\"tanlingfei\",\"ftlPath\":\"F:/basemf-sig/src/main/resources/template\",\"mulList\":[{\"mulSecColum\":\"\",\"mod\":\"pop\",\"data\":\"test_classes\",\"pageDir\":\"cust\",\"modRemark\":\"选择班级\",\"isMul\":\"false\",\"mulMainColum\":\"\",\"where\":\"\",\"mulTable\":\"\",\"value\":\"name\",\"key\":\"id\",\"target\":\"class_id\"},{\"mulSecColum\":\"\",\"mod\":\"radio\",\"data\":\"sys_dic_item\",\"pageDir\":\"system\",\"modRemark\":\"性别\",\"isMul\":\"false\",\"mulMainColum\":\"\",\"where\":\"{\\\"dic_code\\\":\\\"1000\\\"}\",\"mulTable\":\"\",\"value\":\"name\",\"key\":\"code\",\"target\":\"sex_code\"},{\"mulSecColum\":\"\",\"mod\":\"pop\",\"data\":\"sys_dept\",\"pageDir\":\"system\",\"modRemark\":\"选择部门\",\"isMul\":\"false\",\"mulMainColum\":\"\",\"where\":\"\",\"mulTable\":\"\",\"value\":\"name\",\"key\":\"id\",\"target\":\"dept_id\"},{\"mulSecColum\":\"course_id\",\"mod\":\"pop\",\"data\":\"test_student_course\",\"pageDir\":\"cust\",\"modRemark\":\"选择课程\",\"isMul\":\"true\",\"mulMainColum\":\"student_id\",\"where\":\"\",\"mulTable\":\"test_student_course_relation\",\"value\":\"name\",\"key\":\"id\",\"target\":\"id\"}],\"filePath\":\"F:/basemf-sig/src/main/\",\"isLazyDept\":\"false\",\"isGenLeftDept\":\"true\",\"password\":\"root\",\"frontPath\":\"F:/base-front/src/\",\"connectionURL\":\"jdbc:mysql://localhost:3306/base-lf?characterEncoding=utf-8&useSSL=false&nullCatalogMeansCurrent=true\",\"driverName\":\"com.mysql.cj.jdbc.Driver\",\"packageName\":\"com.lanf.cust\",\"username\":\"root\"}', '{\"code\":200,\"message\":\"成功\"}', 1, '', '2023-05-02 05:59:19', '2023-05-02 05:59:19', '2023-05-02 05:59:19', 0);
INSERT INTO `sys_oper_log` VALUES ('1653157252966215682', '代码生成', 'INSERT', 'com.lanf.generator.CodeController.save()', 'POST', 'MANAGE', 'admin', '', '/code/generator/save', '192.168.56.1', '{\"tabName\":\"test_student\",\"genList\":[\"po\",\"vo\",\"mapper\",\"xml\",\"service\",\"impl\",\"api\",\"vue\",\"controller\"],\"author\":\"tanlingfei\",\"ftlPath\":\"F:/basemf-sig/src/main/resources/template\",\"mulList\":[{\"mulSecColum\":\"\",\"mod\":\"pop\",\"data\":\"test_classes\",\"pageDir\":\"cust\",\"modRemark\":\"选择班级\",\"isMul\":\"false\",\"mulMainColum\":\"\",\"where\":\"\",\"mulTable\":\"\",\"value\":\"name\",\"key\":\"id\",\"target\":\"class_id\"},{\"mulSecColum\":\"\",\"mod\":\"radio\",\"data\":\"sys_dic_item\",\"pageDir\":\"system\",\"modRemark\":\"性别\",\"isMul\":\"false\",\"mulMainColum\":\"\",\"where\":\"{\\\"dic_code\\\":\\\"1000\\\"}\",\"mulTable\":\"\",\"value\":\"name\",\"key\":\"code\",\"target\":\"sex_code\"},{\"mulSecColum\":\"\",\"mod\":\"pop\",\"data\":\"sys_dept\",\"pageDir\":\"system\",\"modRemark\":\"选择部门\",\"isMul\":\"false\",\"mulMainColum\":\"\",\"where\":\"\",\"mulTable\":\"\",\"value\":\"name\",\"key\":\"id\",\"target\":\"dept_id\"},{\"mulSecColum\":\"course_id\",\"mod\":\"pop\",\"data\":\"test_student_course\",\"pageDir\":\"cust\",\"modRemark\":\"选择课程\",\"isMul\":\"true\",\"mulMainColum\":\"student_id\",\"where\":\"\",\"mulTable\":\"test_student_course_relation\",\"value\":\"name\",\"key\":\"id\",\"target\":\"id\"}],\"filePath\":\"F:/basemf-sig/src/main/\",\"isLazyDept\":\"false\",\"isGenLeftDept\":\"true\",\"password\":\"root\",\"frontPath\":\"F:/base-front/src/\",\"connectionURL\":\"jdbc:mysql://localhost:3306/base-lf?characterEncoding=utf-8&useSSL=false&nullCatalogMeansCurrent=true\",\"driverName\":\"com.mysql.cj.jdbc.Driver\",\"packageName\":\"com.lanf.cust\",\"username\":\"root\"}', '{\"code\":200,\"message\":\"成功\"}', 1, '', '2023-05-02 05:59:38', '2023-05-02 05:59:38', '2023-05-02 05:59:38', 0);
INSERT INTO `sys_oper_log` VALUES ('1653158491581935618', '代码生成', 'INSERT', 'com.lanf.generator.CodeController.save()', 'POST', 'MANAGE', 'admin', '', '/code/generator/save', '192.168.56.1', '{\"tabName\":\"test_student_course\",\"genList\":[\"api\",\"vue\",\"po\",\"vo\",\"mapper\",\"xml\",\"service\",\"impl\",\"controller\"],\"author\":\"tanlingfei\",\"ftlPath\":\"F:/basemf-sig/src/main/resources/template\",\"mulList\":[{\"mulSecColum\":\"student_id\",\"mod\":\"pop\",\"data\":\"test_student\",\"pageDir\":\"cust\",\"modRemark\":\"选择学生\",\"isMul\":\"true\",\"mulMainColum\":\"course_id\",\"where\":\"\",\"mulTable\":\"test_student_course_relation\",\"value\":\"name\",\"key\":\"id\",\"target\":\"id\"}],\"filePath\":\"F:/basemf-sig/src/main/\",\"isLazyDept\":\"false\",\"isGenLeftDept\":\"false\",\"password\":\"root\",\"frontPath\":\"F:/base-front/src/\",\"connectionURL\":\"jdbc:mysql://localhost:3306/base-lf?characterEncoding=utf-8&useSSL=false&nullCatalogMeansCurrent=true\",\"driverName\":\"com.mysql.cj.jdbc.Driver\",\"packageName\":\"com.lanf.cust\",\"username\":\"root\"}', '{\"code\":200,\"message\":\"成功\"}', 1, '', '2023-05-02 06:04:33', '2023-05-02 06:04:33', '2023-05-02 06:04:33', 0);
INSERT INTO `sys_oper_log` VALUES ('1653159022735958017', '', 'INSERT', 'com.lanf.cust.controller.TestStudentCourseController.save()', 'POST', 'MANAGE', 'admin', '', '/cust/testStudentCourse/save', '192.168.56.1', '{\"isDeleted\":0,\"createTime\":1682978799811,\"param\":{},\"name\":\"语文\",\"updateTime\":1682978799811,\"id\":\"1653159022408802305\",\"studentIdList\":[\"1653154148384337922\",\"1653149981003526146\"]}', '{\"code\":200,\"message\":\"成功\"}', 1, '', '2023-05-02 06:06:40', '2023-05-02 06:06:40', '2023-05-02 06:06:40', 0);
INSERT INTO `sys_oper_log` VALUES ('1653159101278494722', '', 'INSERT', 'com.lanf.cust.controller.TestStudentCourseController.save()', 'POST', 'MANAGE', 'admin', '', '/cust/testStudentCourse/save', '192.168.56.1', '{\"isDeleted\":0,\"createTime\":1682978818596,\"param\":{},\"name\":\"数学\",\"updateTime\":1682978818596,\"id\":\"1653159101211385857\",\"studentIdList\":[\"1653154148384337922\"]}', '{\"code\":200,\"message\":\"成功\"}', 1, '', '2023-05-02 06:06:59', '2023-05-02 06:06:59', '2023-05-02 06:06:59', 0);
INSERT INTO `sys_oper_log` VALUES ('1653160493900668929', '代码生成', 'INSERT', 'com.lanf.generator.CodeController.save()', 'POST', 'MANAGE', 'admin', '', '/code/generator/save', '192.168.56.1', '{\"tabName\":\"test_student\",\"genList\":[\"api\",\"vue\",\"po\",\"vo\",\"mapper\",\"xml\",\"service\",\"impl\",\"controller\"],\"author\":\"tanlingfei\",\"ftlPath\":\"F:/basemf-sig/src/main/resources/template\",\"mulList\":[{\"mulSecColum\":\"\",\"mod\":\"pop\",\"data\":\"test_classes\",\"pageDir\":\"cust\",\"modRemark\":\"选择班级\",\"isMul\":\"false\",\"mulMainColum\":\"\",\"where\":\"\",\"mulTable\":\"\",\"value\":\"name\",\"key\":\"id\",\"target\":\"class_id\"},{\"mulSecColum\":\"\",\"mod\":\"radio\",\"data\":\"sys_dic_item\",\"pageDir\":\"system\",\"modRemark\":\"性别\",\"isMul\":\"false\",\"mulMainColum\":\"\",\"where\":\"{\\\"dic_code\\\":\\\"1000\\\"}\",\"mulTable\":\"\",\"value\":\"name\",\"key\":\"code\",\"target\":\"sex_code\"},{\"mulSecColum\":\"\",\"mod\":\"pop\",\"data\":\"sys_dept\",\"pageDir\":\"system\",\"modRemark\":\"选择部门\",\"isMul\":\"false\",\"mulMainColum\":\"\",\"where\":\"\",\"mulTable\":\"\",\"value\":\"name\",\"key\":\"id\",\"target\":\"dept_id\"},{\"mulSecColum\":\"course_id\",\"mod\":\"pop\",\"data\":\"test_student_course\",\"pageDir\":\"cust\",\"modRemark\":\"选择课程\",\"isMul\":\"true\",\"mulMainColum\":\"student_id\",\"where\":\"\",\"mulTable\":\"test_student_course_relation\",\"value\":\"name\",\"key\":\"id\",\"target\":\"id\"}],\"filePath\":\"F:/basemf-sig/src/main/\",\"isLazyDept\":\"false\",\"isGenLeftDept\":\"true\",\"password\":\"root\",\"frontPath\":\"F:/base-front/src/\",\"connectionURL\":\"jdbc:mysql://localhost:3306/base-lf?characterEncoding=utf-8&useSSL=false&nullCatalogMeansCurrent=true\",\"driverName\":\"com.mysql.cj.jdbc.Driver\",\"packageName\":\"com.lanf.cust\",\"username\":\"root\"}', '{\"code\":200,\"message\":\"成功\"}', 1, '', '2023-05-02 06:12:31', '2023-05-02 06:12:31', '2023-05-02 06:12:31', 0);
INSERT INTO `sys_oper_log` VALUES ('1653160892460216321', '学生', 'INSERT', 'com.lanf.cust.controller.TestStudentController.save()', 'POST', 'MANAGE', 'admin', '', '/cust/testStudent/save', '192.168.56.1', '{\"deptId\":\"2013\",\"updateTime\":1682979245605,\"courseIdList\":[\"1653159022408802305\"],\"realname\":\"美女\",\"classId\":\"1653148192132947970\",\"sexCode\":\"1002\",\"isDeleted\":0,\"createTime\":1682979245605,\"param\":{},\"name\":\"小妞\",\"id\":\"1653160892212752386\",\"age\":33}', '{\"code\":200,\"message\":\"成功\"}', 1, '', '2023-05-02 06:14:06', '2023-05-02 06:14:06', '2023-05-02 06:14:06', 0);
INSERT INTO `sys_oper_log` VALUES ('1653162520756137985', '代码生成', 'INSERT', 'com.lanf.generator.CodeController.save()', 'POST', 'MANAGE', 'admin', '', '/code/generator/save', '192.168.56.1', '{\"tabName\":\"test_employee\",\"genList\":[\"api\",\"vue\",\"po\",\"vo\",\"mapper\",\"xml\",\"service\",\"impl\",\"controller\"],\"author\":\"tanlingfei\",\"ftlPath\":\"F:/basemf-sig/src/main/resources/template\",\"mulList\":[{\"mulSecColum\":\"dept_id\",\"mod\":\"pop\",\"data\":\"sys_dept\",\"pageDir\":\"system\",\"modRemark\":\"选择部门\",\"isMul\":\"true\",\"mulMainColum\":\"employee_id\",\"where\":\"\",\"mulTable\":\"test_employee_dept\",\"value\":\"name\",\"key\":\"id\",\"target\":\"id\"}],\"filePath\":\"F:/basemf-sig/src/main/\",\"isLazyDept\":\"false\",\"isGenLeftDept\":\"true\",\"password\":\"root\",\"frontPath\":\"F:/base-front/src/\",\"connectionURL\":\"jdbc:mysql://localhost:3306/base-lf?characterEncoding=utf-8&useSSL=false&nullCatalogMeansCurrent=true\",\"driverName\":\"com.mysql.cj.jdbc.Driver\",\"packageName\":\"com.lanf.cust\",\"username\":\"root\"}', '{\"code\":200,\"message\":\"成功\"}', 1, '', '2023-05-02 06:20:34', '2023-05-02 06:20:34', '2023-05-02 06:20:34', 0);
INSERT INTO `sys_oper_log` VALUES ('1653162938064220161', '代码生成', 'INSERT', 'com.lanf.generator.CodeController.save()', 'POST', 'MANAGE', 'admin', '', '/code/generator/save', '192.168.56.1', '{\"tabName\":\"test_employee_dept\",\"genList\":[\"po\",\"vo\",\"mapper\",\"xml\",\"service\",\"impl\"],\"author\":\"tanlingfei\",\"ftlPath\":\"F:/basemf-sig/src/main/resources/template\",\"mulList\":[],\"filePath\":\"F:/basemf-sig/src/main/\",\"isLazyDept\":\"false\",\"isGenLeftDept\":\"false\",\"password\":\"root\",\"frontPath\":\"F:/base-front/src/\",\"connectionURL\":\"jdbc:mysql://localhost:3306/base-lf?characterEncoding=utf-8&useSSL=false&nullCatalogMeansCurrent=true\",\"driverName\":\"com.mysql.cj.jdbc.Driver\",\"packageName\":\"com.lanf.cust\",\"username\":\"root\"}', '{\"code\":200,\"message\":\"成功\"}', 1, '', '2023-05-02 06:22:13', '2023-05-02 06:22:13', '2023-05-02 06:22:13', 0);
INSERT INTO `sys_oper_log` VALUES ('1653163563552391170', '菜单管理', 'UPDATE', 'com.lanf.system.controller.SysMenuController.updateById()', 'POST', 'MANAGE', 'admin', '', '/admin/system/sysMenu/update', '192.168.56.1', '{\"select\":false,\"icon\":\"el-icon-s-tools\",\"updateTime\":1682979882442,\"type\":1,\"parentId\":\"1646187339429044225\",\"path\":\"employee\",\"sortValue\":4,\"component\":\"pages/cust/testEmployee\",\"parentName\":\"测试功能\",\"isDeleted\":0,\"createTime\":1682272120000,\"param\":{},\"name\":\"员工管理\",\"perms\":\"\",\"id\":\"fd551946189361ff79ee445e7788d7ae\",\"status\":1}', '{\"code\":200,\"message\":\"成功\"}', 1, '', '2023-05-02 06:24:42', '2023-05-02 06:24:43', '2023-05-02 06:24:43', 0);
INSERT INTO `sys_oper_log` VALUES ('1653164569656868865', '员工信息', 'INSERT', 'com.lanf.cust.controller.TestEmployeeController.save()', 'POST', 'MANAGE', 'admin', '', '/cust/testEmployee/save', '192.168.56.1', '{\"deptIdList\":[\"20\",\"2012\",\"2016\",\"2017\"],\"deptId\":\"88888\",\"updateTime\":1682980122344,\"postId\":\"33333\",\"realName\":\"小周周\",\"sexCode\":\"44\",\"isDeleted\":0,\"createTime\":1682980122344,\"param\":{},\"name\":\"周老虎\",\"id\":\"1653164569518456833\",\"age\":22}', '{\"code\":200,\"message\":\"成功\"}', 1, '', '2023-05-02 06:28:42', '2023-05-02 06:28:42', '2023-05-02 06:28:42', 0);
INSERT INTO `sys_oper_log` VALUES ('1653166580561395714', '代码生成', 'INSERT', 'com.lanf.generator.CodeController.save()', 'POST', 'MANAGE', 'admin', '', '/code/generator/save', '192.168.56.1', '{\"tabName\":\"test_employee_dept\",\"genList\":[\"po\",\"vo\",\"mapper\",\"xml\",\"service\",\"impl\"],\"author\":\"tanlingfei\",\"ftlPath\":\"F:/basemf-sig/src/main/resources/template\",\"mulList\":[],\"filePath\":\"F:/basemf-sig/src/main/\",\"isLazyDept\":\"false\",\"isGenLeftDept\":\"false\",\"password\":\"root\",\"frontPath\":\"F:/base-front/src/\",\"connectionURL\":\"jdbc:mysql://localhost:3306/base-lf?characterEncoding=utf-8&useSSL=false&nullCatalogMeansCurrent=true\",\"driverName\":\"com.mysql.cj.jdbc.Driver\",\"packageName\":\"com.lanf.cust\",\"username\":\"root\"}', '{\"code\":200,\"message\":\"成功\"}', 1, '', '2023-05-02 06:36:42', '2023-05-02 06:36:42', '2023-05-02 06:36:42', 0);
INSERT INTO `sys_oper_log` VALUES ('1653166648223907842', '员工信息', 'UPDATE', 'com.lanf.cust.controller.TestEmployeeController.updateById()', 'PUT', 'MANAGE', 'admin', '', '/cust/testEmployee/update', '192.168.56.1', '{\"deptIdList\":[\"1010\",\"1021\",\"1022\",\"1024\",\"20\",\"2012\",\"2016\",\"2017\"],\"deptId\":\"88888\",\"updateTime\":1682980617905,\"postId\":\"33333\",\"realName\":\"小周周\",\"sexCode\":\"44\",\"isDeleted\":0,\"createTime\":1682980122000,\"param\":{},\"name\":\"周老虎\",\"id\":\"1653164569518456833\",\"age\":22}', '{\"code\":200,\"message\":\"成功\"}', 1, '', '2023-05-02 06:36:58', '2023-05-02 06:36:58', '2023-05-02 06:36:58', 0);
INSERT INTO `sys_oper_log` VALUES ('1653296735363612674', '用户管理', 'UPDATE', 'com.lanf.system.controller.SysUserController.updateById()', 'POST', 'MANAGE', 'admin', '', '/admin/system/sysUser/update', '127.0.0.1', '{\"updateTime\":1683011628647,\"password\":\"96e79218965eb72c92a549dd5a330112\",\"isDeleted\":0,\"createTime\":1682608477000,\"param\":{},\"phone\":\"13800138000\",\"name\":\"珍珍\",\"deptIds\":[\"30\",\"2013\",\"2018\"],\"id\":\"85fcd7e29ce8908e27d63ad6144a8bca\",\"status\":1,\"username\":\"zhenzhen\"}', '{\"code\":200,\"message\":\"成功\"}', 1, '', '2023-05-02 15:13:48', '2023-05-02 15:13:53', '2023-05-02 15:13:53', 0);
INSERT INTO `sys_oper_log` VALUES ('1653296807413366785', '部门管理', 'UPDATE', 'com.lanf.system.controller.SysDeptController.updateById()', 'PUT', 'MANAGE', 'admin', '', '/admin/system/sysDept/update', '127.0.0.1', '{\"leader\":\"霍元甲\",\"level\":1,\"updateTime\":1683011650263,\"parentId\":\"0\",\"sortValue\":1,\"isDeleted\":0,\"createTime\":1682008835000,\"param\":{},\"phone\":\"13888888888\",\"name\":\"蓝飞集团\",\"id\":\"1\",\"treePath\":\",1,\",\"status\":1}', '{\"code\":200,\"message\":\"成功\"}', 1, '', '2023-05-02 15:14:10', '2023-05-02 15:14:10', '2023-05-02 15:14:10', 0);
INSERT INTO `sys_oper_log` VALUES ('1687900815788392449', '用户管理', 'UPDATE', 'com.lanf.system.controller.SysUserController.updateById()', 'POST', 'MANAGE', 'admin', '', '/admin/system/sysUser/update', '0:0:0:0:0:0:0:1', '{\"deptId\":\"2013\",\"updateTime\":1691261888754,\"password\":\"9b4da352f6e432d64f545e1704590b53\",\"isDeleted\":0,\"createTime\":1681410518000,\"param\":{},\"phone\":\"333333\",\"name\":\"发的地方\",\"deptIds\":[\"30\",\"2013\",\"2018\"],\"id\":\"dd59e1b7fd2e900869775ebe1127afb5\",\"status\":1,\"username\":\"浮动幅度\"}', '{\"code\":200,\"message\":\"成功\"}', 1, '', '2023-08-06 02:58:09', '2023-08-06 02:58:09', '2023-08-06 02:58:09', 0);
INSERT INTO `sys_oper_log` VALUES ('1687901066083483650', '菜单管理', 'DELETE', 'com.lanf.system.controller.SysMenuController.remove()', 'DELETE', 'MANAGE', 'admin', '', '/admin/system/sysMenu/remove/1646193464044019714', '0:0:0:0:0:0:0:1', '', '{\"code\":200,\"message\":\"成功\"}', 1, '', '2023-08-06 02:59:09', '2023-08-06 02:59:09', '2023-08-06 02:59:09', 0);
INSERT INTO `sys_oper_log` VALUES ('1687901074602115073', '菜单管理', 'DELETE', 'com.lanf.system.controller.SysMenuController.remove()', 'DELETE', 'MANAGE', 'admin', '', '/admin/system/sysMenu/remove/1646193551625281538', '0:0:0:0:0:0:0:1', '', '{\"code\":200,\"message\":\"成功\"}', 1, '', '2023-08-06 02:59:11', '2023-08-06 02:59:11', '2023-08-06 02:59:11', 0);
INSERT INTO `sys_oper_log` VALUES ('1687901082680344577', '菜单管理', 'DELETE', 'com.lanf.system.controller.SysMenuController.remove()', 'DELETE', 'MANAGE', 'admin', '', '/admin/system/sysMenu/remove/1646193617203224578', '0:0:0:0:0:0:0:1', '', '{\"code\":200,\"message\":\"成功\"}', 1, '', '2023-08-06 02:59:12', '2023-08-06 02:59:12', '2023-08-06 02:59:12', 0);
INSERT INTO `sys_oper_log` VALUES ('1687901092495015938', '菜单管理', 'DELETE', 'com.lanf.system.controller.SysMenuController.remove()', 'DELETE', 'MANAGE', 'admin', '', '/admin/system/sysMenu/remove/1646193698593693697', '0:0:0:0:0:0:0:1', '', '{\"code\":200,\"message\":\"成功\"}', 1, '', '2023-08-06 02:59:15', '2023-08-06 02:59:15', '2023-08-06 02:59:15', 0);
INSERT INTO `sys_oper_log` VALUES ('1687901100418056194', '菜单管理', 'DELETE', 'com.lanf.system.controller.SysMenuController.remove()', 'DELETE', 'MANAGE', 'admin', '', '/admin/system/sysMenu/remove/1646187845945778178', '0:0:0:0:0:0:0:1', '', '{\"code\":200,\"message\":\"成功\"}', 1, '', '2023-08-06 02:59:17', '2023-08-06 02:59:17', '2023-08-06 02:59:17', 0);
INSERT INTO `sys_oper_log` VALUES ('1687901121829978114', '菜单管理', 'DELETE', 'com.lanf.system.controller.SysMenuController.remove()', 'DELETE', 'MANAGE', 'admin', '', '/admin/system/sysMenu/remove/1646193783066976258', '0:0:0:0:0:0:0:1', '', '{\"code\":200,\"message\":\"成功\"}', 1, '', '2023-08-06 02:59:22', '2023-08-06 02:59:22', '2023-08-06 02:59:22', 0);
INSERT INTO `sys_oper_log` VALUES ('1687901129941762050', '菜单管理', 'DELETE', 'com.lanf.system.controller.SysMenuController.remove()', 'DELETE', 'MANAGE', 'admin', '', '/admin/system/sysMenu/remove/1646193851681595394', '0:0:0:0:0:0:0:1', '', '{\"code\":200,\"message\":\"成功\"}', 1, '', '2023-08-06 02:59:24', '2023-08-06 02:59:24', '2023-08-06 02:59:24', 0);
INSERT INTO `sys_oper_log` VALUES ('1687901139261505538', '菜单管理', 'DELETE', 'com.lanf.system.controller.SysMenuController.remove()', 'DELETE', 'MANAGE', 'admin', '', '/admin/system/sysMenu/remove/1646193933130784770', '0:0:0:0:0:0:0:1', '', '{\"code\":200,\"message\":\"成功\"}', 1, '', '2023-08-06 02:59:26', '2023-08-06 02:59:26', '2023-08-06 02:59:26', 0);
INSERT INTO `sys_oper_log` VALUES ('1687901147369095170', '菜单管理', 'DELETE', 'com.lanf.system.controller.SysMenuController.remove()', 'DELETE', 'MANAGE', 'admin', '', '/admin/system/sysMenu/remove/1646194051976388610', '0:0:0:0:0:0:0:1', '', '{\"code\":200,\"message\":\"成功\"}', 1, '', '2023-08-06 02:59:28', '2023-08-06 02:59:28', '2023-08-06 02:59:28', 0);
INSERT INTO `sys_oper_log` VALUES ('1687901159343833089', '菜单管理', 'DELETE', 'com.lanf.system.controller.SysMenuController.remove()', 'DELETE', 'MANAGE', 'admin', '', '/admin/system/sysMenu/remove/1646191837765558273', '0:0:0:0:0:0:0:1', '', '{\"code\":200,\"message\":\"成功\"}', 1, '', '2023-08-06 02:59:31', '2023-08-06 02:59:31', '2023-08-06 02:59:31', 0);
INSERT INTO `sys_oper_log` VALUES ('1687901175454154753', '菜单管理', 'DELETE', 'com.lanf.system.controller.SysMenuController.remove()', 'DELETE', 'MANAGE', 'admin', '', '/admin/system/sysMenu/remove/4422f987e6d08dc0fcbadaf280c6b98c', '0:0:0:0:0:0:0:1', '', '{\"code\":200,\"message\":\"成功\"}', 1, '', '2023-08-06 02:59:35', '2023-08-06 02:59:35', '2023-08-06 02:59:35', 0);
INSERT INTO `sys_oper_log` VALUES ('1687901185306574850', '菜单管理', 'DELETE', 'com.lanf.system.controller.SysMenuController.remove()', 'DELETE', 'MANAGE', 'admin', '', '/admin/system/sysMenu/remove/51f8eb07a83fa599bbc85db068a071c5', '0:0:0:0:0:0:0:1', '', '{\"code\":200,\"message\":\"成功\"}', 1, '', '2023-08-06 02:59:37', '2023-08-06 02:59:37', '2023-08-06 02:59:37', 0);
INSERT INTO `sys_oper_log` VALUES ('1687901193430941697', '菜单管理', 'DELETE', 'com.lanf.system.controller.SysMenuController.remove()', 'DELETE', 'MANAGE', 'admin', '', '/admin/system/sysMenu/remove/b6f9eb1c88eae40f489c887635440bb0', '0:0:0:0:0:0:0:1', '', '{\"code\":200,\"message\":\"成功\"}', 1, '', '2023-08-06 02:59:39', '2023-08-06 02:59:39', '2023-08-06 02:59:39', 0);
INSERT INTO `sys_oper_log` VALUES ('1687901201815355393', '菜单管理', 'DELETE', 'com.lanf.system.controller.SysMenuController.remove()', 'DELETE', 'MANAGE', 'admin', '', '/admin/system/sysMenu/remove/ea7c79a11b4a621ee2ce6f23addfa7d7', '0:0:0:0:0:0:0:1', '', '{\"code\":200,\"message\":\"成功\"}', 1, '', '2023-08-06 02:59:41', '2023-08-06 02:59:41', '2023-08-06 02:59:41', 0);
INSERT INTO `sys_oper_log` VALUES ('1687901213265805313', '菜单管理', 'DELETE', 'com.lanf.system.controller.SysMenuController.remove()', 'DELETE', 'MANAGE', 'admin', '', '/admin/system/sysMenu/remove/586efff0cc24c5f8a8cc74a25d3ee9b5', '0:0:0:0:0:0:0:1', '', '{\"code\":200,\"message\":\"成功\"}', 1, '', '2023-08-06 02:59:44', '2023-08-06 02:59:44', '2023-08-06 02:59:44', 0);
INSERT INTO `sys_oper_log` VALUES ('1687901236430946306', '菜单管理', 'DELETE', 'com.lanf.system.controller.SysMenuController.remove()', 'DELETE', 'MANAGE', 'admin', '', '/admin/system/sysMenu/remove/3d1fbce191f8b6b2db3ed024048d32ce', '0:0:0:0:0:0:0:1', '', '{\"code\":200,\"message\":\"成功\"}', 1, '', '2023-08-06 02:59:49', '2023-08-06 02:59:49', '2023-08-06 02:59:49', 0);
INSERT INTO `sys_oper_log` VALUES ('1687901245738106882', '菜单管理', 'DELETE', 'com.lanf.system.controller.SysMenuController.remove()', 'DELETE', 'MANAGE', 'admin', '', '/admin/system/sysMenu/remove/41733d2b33b439205270bcb3ef5f8be4', '0:0:0:0:0:0:0:1', '', '{\"code\":200,\"message\":\"成功\"}', 1, '', '2023-08-06 02:59:51', '2023-08-06 02:59:51', '2023-08-06 02:59:51', 0);
INSERT INTO `sys_oper_log` VALUES ('1687901255036878849', '菜单管理', 'DELETE', 'com.lanf.system.controller.SysMenuController.remove()', 'DELETE', 'MANAGE', 'admin', '', '/admin/system/sysMenu/remove/48c31335315f09ea0afc356cf8637d77', '0:0:0:0:0:0:0:1', '', '{\"code\":200,\"message\":\"成功\"}', 1, '', '2023-08-06 02:59:54', '2023-08-06 02:59:54', '2023-08-06 02:59:54', 0);
INSERT INTO `sys_oper_log` VALUES ('1687901263295463425', '菜单管理', 'DELETE', 'com.lanf.system.controller.SysMenuController.remove()', 'DELETE', 'MANAGE', 'admin', '', '/admin/system/sysMenu/remove/650a50a4708f3f042a64d3592a355413', '0:0:0:0:0:0:0:1', '', '{\"code\":200,\"message\":\"成功\"}', 1, '', '2023-08-06 02:59:56', '2023-08-06 02:59:56', '2023-08-06 02:59:56', 0);
INSERT INTO `sys_oper_log` VALUES ('1687901273235963906', '菜单管理', 'DELETE', 'com.lanf.system.controller.SysMenuController.remove()', 'DELETE', 'MANAGE', 'admin', '', '/admin/system/sysMenu/remove/9d30bd9aaf360737e01806f5e72c689c', '0:0:0:0:0:0:0:1', '', '{\"code\":200,\"message\":\"成功\"}', 1, '', '2023-08-06 02:59:58', '2023-08-06 02:59:58', '2023-08-06 02:59:58', 0);
INSERT INTO `sys_oper_log` VALUES ('1687901401007046657', '菜单管理', 'DELETE', 'com.lanf.system.controller.SysMenuController.remove()', 'DELETE', 'MANAGE', 'admin', '', '/admin/system/sysMenu/remove/163022f07fff73b6ab81af9dff5ab16c', '0:0:0:0:0:0:0:1', '', '{\"code\":200,\"message\":\"成功\"}', 1, '', '2023-08-06 03:00:28', '2023-08-06 03:00:28', '2023-08-06 03:00:28', 0);
INSERT INTO `sys_oper_log` VALUES ('1687901409869611010', '菜单管理', 'DELETE', 'com.lanf.system.controller.SysMenuController.remove()', 'DELETE', 'MANAGE', 'admin', '', '/admin/system/sysMenu/remove/39bbbb9e424d18d72104153fe6fd36df', '0:0:0:0:0:0:0:1', '', '{\"code\":200,\"message\":\"成功\"}', 1, '', '2023-08-06 03:00:30', '2023-08-06 03:00:30', '2023-08-06 03:00:30', 0);
INSERT INTO `sys_oper_log` VALUES ('1687901417247391745', '菜单管理', 'DELETE', 'com.lanf.system.controller.SysMenuController.remove()', 'DELETE', 'MANAGE', 'admin', '', '/admin/system/sysMenu/remove/527342d2d2182f9d1c0ffc7d10029a49', '0:0:0:0:0:0:0:1', '', '{\"code\":200,\"message\":\"成功\"}', 1, '', '2023-08-06 03:00:32', '2023-08-06 03:00:32', '2023-08-06 03:00:32', 0);
INSERT INTO `sys_oper_log` VALUES ('1687901426382585857', '菜单管理', 'DELETE', 'com.lanf.system.controller.SysMenuController.remove()', 'DELETE', 'MANAGE', 'admin', '', '/admin/system/sysMenu/remove/9eeb25ad142bcbfee574c1c12698c2af', '0:0:0:0:0:0:0:1', '', '{\"code\":200,\"message\":\"成功\"}', 1, '', '2023-08-06 03:00:34', '2023-08-06 03:00:34', '2023-08-06 03:00:34', 0);
INSERT INTO `sys_oper_log` VALUES ('1687901437489102850', '菜单管理', 'DELETE', 'com.lanf.system.controller.SysMenuController.remove()', 'DELETE', 'MANAGE', 'admin', '', '/admin/system/sysMenu/remove/fd551946189361ff79ee445e7788d7ae', '0:0:0:0:0:0:0:1', '', '{\"code\":200,\"message\":\"成功\"}', 1, '', '2023-08-06 03:00:37', '2023-08-06 03:00:37', '2023-08-06 03:00:37', 0);
INSERT INTO `sys_oper_log` VALUES ('1687901450059431938', '菜单管理', 'DELETE', 'com.lanf.system.controller.SysMenuController.remove()', 'DELETE', 'MANAGE', 'admin', '', '/admin/system/sysMenu/remove/1646187339429044225', '0:0:0:0:0:0:0:1', '', '{\"code\":200,\"message\":\"成功\"}', 1, '', '2023-08-06 03:00:40', '2023-08-06 03:00:40', '2023-08-06 03:00:40', 0);
INSERT INTO `sys_oper_log` VALUES ('1687905036159991809', '用户管理', 'EXPORT', 'com.lanf.system.controller.SysUserController.exportUser()', 'GET', 'MANAGE', '', '', '/admin/system/sysUser/export', '0:0:0:0:0:0:0:1', '', '', 1, '', '2023-08-06 03:14:55', '2023-08-06 03:14:55', '2023-08-06 03:14:55', 0);
INSERT INTO `sys_oper_log` VALUES ('1687905191974191105', '用户管理', 'EXPORT', 'com.lanf.system.controller.SysUserController.exportUser()', 'GET', 'MANAGE', '', '', '/admin/system/sysUser/export', '0:0:0:0:0:0:0:1', '', '', 1, '', '2023-08-06 03:15:32', '2023-08-06 03:15:32', '2023-08-06 03:15:32', 0);
INSERT INTO `sys_oper_log` VALUES ('1688101616351752193', '代码生成', 'INSERT', 'com.lanf.generator.CodeController.save()', 'POST', 'MANAGE', 'admin', '', '/code/generator/save', '0:0:0:0:0:0:0:1', '{\"tabName\":\"kc_gs_group\",\"genList\":[\"api\",\"vue\",\"po\",\"vo\",\"mapper\",\"xml\",\"service\",\"impl\",\"controller\"],\"author\":\"tangtang\",\"ftlPath\":\"F:/basemf-sig/src/main/resources/template\",\"mulList\":[],\"filePath\":\"F:/basemf-sig/src/main/\",\"isLazyDept\":\"false\",\"isGenLeftDept\":\"false\",\"password\":\"root\",\"frontPath\":\"F:/basemf-sig/base-front/src/\",\"connectionURL\":\"jdbc:mysql://localhost:3306/base-kc?characterEncoding=utf-8&useSSL=false&nullCatalogMeansCurrent=true\",\"driverName\":\"com.mysql.cj.jdbc.Driver\",\"genType\":\"0\",\"packageName\":\"com.lanf.business\",\"username\":\"root\"}', '', 0, '代码生成失败，请检查配置信息是否填写正确', '2023-08-06 16:16:03', '2023-08-06 16:16:03', '2023-08-06 16:16:03', 0);
INSERT INTO `sys_oper_log` VALUES ('1688104363801227266', '代码生成', 'INSERT', 'com.lanf.generator.CodeController.save()', 'POST', 'MANAGE', 'admin', '', '/code/generator/save', '0:0:0:0:0:0:0:1', '{\"tabName\":\"kc_gs_group\",\"genList\":[\"api\",\"vue\",\"po\",\"vo\",\"mapper\",\"xml\",\"service\",\"impl\",\"controller\"],\"author\":\"tangtang\",\"ftlPath\":\"F:/project/kcmg/basemf-sig/src/main/resources/template\",\"mulList\":[],\"filePath\":\"F:/project/kcmg/basemf-sig/src/main\",\"isLazyDept\":\"false\",\"isGenLeftDept\":\"false\",\"password\":\"root\",\"frontPath\":\"F:/project/kcmg/basemf-sig/base-front/src/\",\"connectionURL\":\"jdbc:mysql://localhost:3306/base-kc?characterEncoding=utf-8&useSSL=false&nullCatalogMeansCurrent=true\",\"driverName\":\"com.mysql.cj.jdbc.Driver\",\"genType\":\"0\",\"packageName\":\"com.lanf.business\",\"username\":\"root\"}', '{\"code\":200,\"message\":\"成功\"}', 1, '', '2023-08-06 16:26:58', '2023-08-06 16:26:58', '2023-08-06 16:26:58', 0);
INSERT INTO `sys_oper_log` VALUES ('1688107062278025218', '代码生成', 'INSERT', 'com.lanf.generator.CodeController.save()', 'POST', 'MANAGE', 'admin', '', '/code/generator/save', '0:0:0:0:0:0:0:1', '{\"tabName\":\"kc_gs_group\",\"genList\":[\"api\",\"vue\",\"po\",\"vo\",\"mapper\",\"xml\",\"service\",\"impl\",\"controller\"],\"author\":\"tangtang\",\"ftlPath\":\"F:/project/kcmg/basemf-sig/src/main/resources/template\",\"mulList\":[],\"filePath\":\"F:/project/kcmg/basemf-sig/src/main/\",\"isLazyDept\":\"false\",\"isGenLeftDept\":\"false\",\"password\":\"root\",\"frontPath\":\"F:/project/kcmg/basemf-sig/base-front/src/\",\"connectionURL\":\"jdbc:mysql://localhost:3306/base-kc?characterEncoding=utf-8&useSSL=false&nullCatalogMeansCurrent=true\",\"driverName\":\"com.mysql.cj.jdbc.Driver\",\"genType\":\"0\",\"packageName\":\"com.lanf.business\",\"username\":\"root\"}', '{\"code\":200,\"message\":\"成功\"}', 1, '', '2023-08-06 16:37:42', '2023-08-06 16:37:42', '2023-08-06 16:37:42', 0);
INSERT INTO `sys_oper_log` VALUES ('1688114492017836033', '代码生成', 'INSERT', 'com.lanf.generator.CodeController.save()', 'POST', 'MANAGE', 'admin', '', '/code/generator/save', '0:0:0:0:0:0:0:1', '{\"tabName\":\"kc_gs_group\",\"genList\":[\"api\",\"vue\",\"po\",\"vo\",\"mapper\",\"xml\",\"service\",\"impl\",\"controller\"],\"author\":\"tangtang\",\"ftlPath\":\"F:/project/kcmg/src/main/resources/template\",\"mulList\":[],\"filePath\":\"F:/project/kcmg/basemf-sig/src/main/\",\"isLazyDept\":\"false\",\"isGenLeftDept\":\"false\",\"password\":\"root\",\"frontPath\":\"F:/project/kcmg/basemf-sig/base-front/src/\",\"connectionURL\":\"jdbc:mysql://localhost:3306/base-lf?characterEncoding=utf-8&useSSL=false&nullCatalogMeansCurrent=true\",\"driverName\":\"com.mysql.cj.jdbc.Driver\",\"genType\":\"0\",\"packageName\":\"com.lanf.business\",\"username\":\"root\"}', '', 0, '代码生成失败，请检查配置信息是否填写正确', '2023-08-06 17:07:13', '2023-08-06 17:07:13', '2023-08-06 17:07:13', 0);
INSERT INTO `sys_oper_log` VALUES ('1688115467000578049', '代码生成', 'INSERT', 'com.lanf.generator.CodeController.save()', 'POST', 'MANAGE', 'admin', '', '/code/generator/save', '0:0:0:0:0:0:0:1', '{\"tabName\":\"kc_gs_group\",\"genList\":[\"api\",\"vue\",\"po\",\"vo\",\"mapper\",\"xml\",\"service\",\"impl\",\"controller\"],\"author\":\"tangtang\",\"ftlPath\":\"F:/project/kcmg/basemf-sig/src/main/resources/template\",\"mulList\":[],\"filePath\":\"F:/project/kcmg/basemf-sig/src/main/\",\"isLazyDept\":\"false\",\"isGenLeftDept\":\"false\",\"password\":\"root\",\"frontPath\":\"F:/project/kcmg/basemf-sig/base-front/src/\",\"connectionURL\":\"jdbc:mysql://localhost:3306/base-lf?characterEncoding=utf-8&useSSL=false&nullCatalogMeansCurrent=true\",\"driverName\":\"com.mysql.cj.jdbc.Driver\",\"genType\":\"0\",\"packageName\":\"com.lanf.business\",\"username\":\"root\"}', '', 0, '代码生成失败，请检查配置信息是否填写正确', '2023-08-06 17:11:06', '2023-08-06 17:11:06', '2023-08-06 17:11:06', 0);
INSERT INTO `sys_oper_log` VALUES ('1688115652258791425', '代码生成', 'INSERT', 'com.lanf.generator.CodeController.save()', 'POST', 'MANAGE', 'admin', '', '/code/generator/save', '0:0:0:0:0:0:0:1', '{\"tabName\":\"kc_gs_group\",\"genList\":[\"api\",\"vue\",\"po\",\"vo\",\"mapper\",\"xml\",\"service\",\"impl\",\"controller\"],\"author\":\"tangtang\",\"ftlPath\":\"F:/project/kcmg/basemf-sig/src/main/resources/template\",\"mulList\":[],\"filePath\":\"F:/project/kcmg/basemf-sig/src/main/\",\"isLazyDept\":\"false\",\"isGenLeftDept\":\"false\",\"password\":\"root\",\"frontPath\":\"F:/project/kcmg/basemf-sig/base-front/src/\",\"connectionURL\":\"jdbc:mysql://localhost:3306/base-lf?characterEncoding=utf-8&useSSL=false&nullCatalogMeansCurrent=true\",\"driverName\":\"com.mysql.cj.jdbc.Driver\",\"genType\":\"0\",\"packageName\":\"com.lanf.business\",\"username\":\"root\"}', '', 0, '代码生成失败，请检查配置信息是否填写正确', '2023-08-06 17:11:50', '2023-08-06 17:11:50', '2023-08-06 17:11:50', 0);
INSERT INTO `sys_oper_log` VALUES ('1688115930731216898', '代码生成', 'INSERT', 'com.lanf.generator.CodeController.save()', 'POST', 'MANAGE', 'admin', '', '/code/generator/save', '0:0:0:0:0:0:0:1', '{\"tabName\":\"kc_gs_group\",\"genList\":[\"api\",\"vue\",\"po\",\"vo\",\"mapper\",\"xml\",\"service\",\"impl\",\"controller\"],\"author\":\"tangtang\",\"ftlPath\":\"F:/project/kcmg/basemf-sig/src/main/resources/template\",\"mulList\":[],\"filePath\":\"F:/project/kcmg/basemf-sig/src/main/\",\"isLazyDept\":\"false\",\"isGenLeftDept\":\"false\",\"password\":\"root\",\"frontPath\":\"F:/project/kcmg/basemf-sig/base-front/src/\",\"connectionURL\":\"jdbc:mysql://localhost:3306/base-kc?characterEncoding=utf-8&useSSL=false&nullCatalogMeansCurrent=true\",\"driverName\":\"com.mysql.cj.jdbc.Driver\",\"genType\":\"0\",\"packageName\":\"com.lanf.business\",\"username\":\"root\"}', '{\"code\":200,\"message\":\"成功\"}', 1, '', '2023-08-06 17:12:56', '2023-08-06 17:12:56', '2023-08-06 17:12:56', 0);
INSERT INTO `sys_oper_log` VALUES ('1688118276500594690', '代码生成', 'INSERT', 'com.lanf.generator.CodeController.save()', 'POST', 'MANAGE', 'admin', '', '/code/generator/save', '0:0:0:0:0:0:0:1', '{\"tabName\":\"kc_gs_group\",\"genList\":[\"api\",\"vue\",\"po\",\"vo\",\"mapper\",\"xml\",\"service\",\"impl\",\"controller\"],\"author\":\"tangtang\",\"ftlPath\":\"F:/project/kcmg/basemf-sig/src/main/resources/template\",\"mulList\":[],\"filePath\":\"F:/project/kcmg/basemf-sig/src/main/\",\"isLazyDept\":\"false\",\"isGenLeftDept\":\"false\",\"password\":\"root\",\"frontPath\":\"F:/project/kcmg/basemf-sig/base-front/src/\",\"connectionURL\":\"jdbc:mysql://localhost:3306/base-kc?characterEncoding=utf-8&useSSL=false&nullCatalogMeansCurrent=true\",\"driverName\":\"com.mysql.cj.jdbc.Driver\",\"genType\":\"0\",\"packageName\":\"com.lanf.business\",\"username\":\"root\"}', '{\"code\":200,\"message\":\"成功\"}', 1, '', '2023-08-06 17:22:15', '2023-08-06 17:22:16', '2023-08-06 17:22:16', 0);
INSERT INTO `sys_oper_log` VALUES ('1688120813094039553', '代码生成', 'INSERT', 'com.lanf.generator.CodeController.save()', 'POST', 'MANAGE', 'admin', '', '/code/generator/save', '0:0:0:0:0:0:0:1', '{\"tabName\":\"kc_gs_group\",\"genList\":[\"api\",\"vue\",\"po\",\"vo\",\"mapper\",\"xml\",\"service\",\"impl\",\"controller\"],\"author\":\"tangtang\",\"ftlPath\":\"F:/project/kcmg/basemf-sig/src/main/resources/template\",\"mulList\":[],\"filePath\":\"F:/project/kcmg/basemf-sig/src/main/\",\"isLazyDept\":\"false\",\"isGenLeftDept\":\"false\",\"password\":\"root\",\"frontPath\":\"F:/project/kcmg/basemf-sig/base-front/src/\",\"connectionURL\":\"jdbc:mysql://localhost:3306/base-kc?characterEncoding=utf-8&useSSL=false&nullCatalogMeansCurrent=true\",\"driverName\":\"com.mysql.cj.jdbc.Driver\",\"genType\":\"0\",\"packageName\":\"com.lanf.business\",\"username\":\"root\"}', '{\"code\":200,\"message\":\"成功\"}', 1, '', '2023-08-06 17:32:20', '2023-08-06 17:32:20', '2023-08-06 17:32:20', 0);
INSERT INTO `sys_oper_log` VALUES ('1688121713342668801', '代码生成', 'INSERT', 'com.lanf.generator.CodeController.save()', 'POST', 'MANAGE', 'admin', '', '/code/generator/save', '0:0:0:0:0:0:0:1', '{\"tabName\":\"kc_gs_group\",\"genList\":[\"api\",\"vue\",\"po\",\"vo\",\"mapper\",\"xml\",\"service\",\"impl\",\"controller\"],\"author\":\"tangtang\",\"ftlPath\":\"F:/project/kcmg/basemf-sig/src/main/resources/template\",\"mulList\":[],\"filePath\":\"F:/project/kcmg/basemf-sig/src/main/\",\"isLazyDept\":\"false\",\"isGenLeftDept\":\"false\",\"password\":\"root\",\"frontPath\":\"F:/project/kcmg/basemf-sig/base-front/src/\",\"connectionURL\":\"jdbc:mysql://localhost:3306/base-kc?characterEncoding=utf-8&useSSL=false&nullCatalogMeansCurrent=true\",\"driverName\":\"com.mysql.cj.jdbc.Driver\",\"genType\":\"0\",\"packageName\":\"com.lanf.business\",\"username\":\"root\"}', '{\"code\":200,\"message\":\"成功\"}', 1, '', '2023-08-06 17:35:55', '2023-08-06 17:35:55', '2023-08-06 17:35:55', 0);
INSERT INTO `sys_oper_log` VALUES ('1688123213724889089', '菜单管理', 'INSERT', 'com.lanf.system.controller.SysMenuController.save()', 'POST', 'MANAGE', 'admin', '', '/admin/system/sysMenu/save', '0:0:0:0:0:0:0:1', '{\"select\":false,\"icon\":\"el-icon-s-tools\",\"updateTime\":1691314912563,\"type\":0,\"parentId\":\"0\",\"path\":\"kc\",\"sortValue\":1,\"component\":\"Layout\",\"isDeleted\":0,\"createTime\":1691314912563,\"param\":{},\"name\":\"库存管理\",\"perms\":\"\",\"id\":\"1688123213473230850\",\"status\":1}', '{\"code\":200,\"message\":\"成功\"}', 1, '', '2023-08-06 17:41:53', '2023-08-06 17:41:53', '2023-08-06 17:41:53', 0);
INSERT INTO `sys_oper_log` VALUES ('1688123283786543105', '菜单管理', 'UPDATE', 'com.lanf.system.controller.SysMenuController.updateById()', 'POST', 'MANAGE', 'admin', '', '/admin/system/sysMenu/update', '0:0:0:0:0:0:0:1', '{\"select\":false,\"icon\":\"el-icon-s-tools\",\"updateTime\":1691314929316,\"type\":0,\"parentId\":\"0\",\"path\":\"/kc\",\"sortValue\":1,\"component\":\"Layout\",\"isDeleted\":0,\"createTime\":1691314913000,\"param\":{},\"name\":\"库存管理\",\"perms\":\"\",\"id\":\"1688123213473230850\",\"status\":1}', '{\"code\":200,\"message\":\"成功\"}', 1, '', '2023-08-06 17:42:09', '2023-08-06 17:42:09', '2023-08-06 17:42:09', 0);
INSERT INTO `sys_oper_log` VALUES ('1688123841486368770', '菜单管理', 'INSERT', 'com.lanf.system.controller.SysMenuController.save()', 'POST', 'MANAGE', 'admin', '', '/admin/system/sysMenu/save', '0:0:0:0:0:0:0:1', '{\"select\":false,\"icon\":\"el-icon-s-tools\",\"updateTime\":1691315062293,\"type\":1,\"parentId\":\"1688123213473230850\",\"path\":\"goods\",\"sortValue\":1,\"component\":\"pages/business/kcGsGroup\",\"parentName\":\"库存管理\",\"isDeleted\":0,\"createTime\":1691315062293,\"param\":{},\"name\":\"物品管理\",\"perms\":\"\",\"id\":\"1688123841486368769\",\"status\":1}', '{\"code\":200,\"message\":\"成功\"}', 1, '', '2023-08-06 17:44:22', '2023-08-06 17:44:22', '2023-08-06 17:44:22', 0);
INSERT INTO `sys_oper_log` VALUES ('1688123924076408834', '菜单管理', 'UPDATE', 'com.lanf.system.controller.SysMenuController.updateById()', 'POST', 'MANAGE', 'admin', '', '/admin/system/sysMenu/update', '0:0:0:0:0:0:0:1', '{\"select\":false,\"icon\":\"el-icon-s-tools\",\"updateTime\":1691315081981,\"type\":0,\"parentId\":\"0\",\"path\":\"/kc\",\"sortValue\":2,\"component\":\"Layout\",\"isDeleted\":0,\"createTime\":1691314913000,\"param\":{},\"name\":\"库存管理\",\"perms\":\"\",\"id\":\"1688123213473230850\",\"status\":1}', '{\"code\":200,\"message\":\"成功\"}', 1, '', '2023-08-06 17:44:42', '2023-08-06 17:44:42', '2023-08-06 17:44:42', 0);
INSERT INTO `sys_oper_log` VALUES ('1688124249902526466', '菜单管理', 'INSERT', 'com.lanf.system.controller.SysMenuController.save()', 'POST', 'MANAGE', 'admin', '', '/admin/system/sysMenu/save', '0:0:0:0:0:0:0:1', '{\"select\":false,\"icon\":\"\",\"updateTime\":1691315159656,\"type\":2,\"parentId\":\"1688123841486368769\",\"path\":\"\",\"sortValue\":1,\"component\":\"\",\"parentName\":\"物品管理\",\"isDeleted\":0,\"createTime\":1691315159656,\"param\":{},\"name\":\"新增\",\"perms\":\"bnt.kcGsGroup.add\",\"id\":\"1688124249835417602\",\"status\":1}', '{\"code\":200,\"message\":\"成功\"}', 1, '', '2023-08-06 17:46:00', '2023-08-06 17:46:00', '2023-08-06 17:46:00', 0);
INSERT INTO `sys_oper_log` VALUES ('1688124309902045186', '菜单管理', 'INSERT', 'com.lanf.system.controller.SysMenuController.save()', 'POST', 'MANAGE', 'admin', '', '/admin/system/sysMenu/save', '0:0:0:0:0:0:0:1', '{\"select\":false,\"icon\":\"\",\"updateTime\":1691315173961,\"type\":2,\"parentId\":\"1688123841486368769\",\"path\":\"\",\"sortValue\":1,\"component\":\"\",\"parentName\":\"物品管理\",\"isDeleted\":0,\"createTime\":1691315173961,\"param\":{},\"name\":\"修改\",\"perms\":\"bnt.kcGsGroup.update\",\"id\":\"1688124309843324929\",\"status\":1}', '{\"code\":200,\"message\":\"成功\"}', 1, '', '2023-08-06 17:46:14', '2023-08-06 17:46:14', '2023-08-06 17:46:14', 0);
INSERT INTO `sys_oper_log` VALUES ('1688124364138590209', '菜单管理', 'INSERT', 'com.lanf.system.controller.SysMenuController.save()', 'POST', 'MANAGE', 'admin', '', '/admin/system/sysMenu/save', '0:0:0:0:0:0:0:1', '{\"select\":false,\"icon\":\"\",\"updateTime\":1691315186893,\"type\":2,\"parentId\":\"1688123841486368769\",\"path\":\"\",\"sortValue\":1,\"component\":\"\",\"parentName\":\"物品管理\",\"isDeleted\":0,\"createTime\":1691315186893,\"param\":{},\"name\":\"删除\",\"perms\":\"bnt.kcGsGroup.remove\",\"id\":\"1688124364067287041\",\"status\":1}', '{\"code\":200,\"message\":\"成功\"}', 1, '', '2023-08-06 17:46:27', '2023-08-06 17:46:27', '2023-08-06 17:46:27', 0);
INSERT INTO `sys_oper_log` VALUES ('1688124407813877762', '菜单管理', 'INSERT', 'com.lanf.system.controller.SysMenuController.save()', 'POST', 'MANAGE', 'admin', '', '/admin/system/sysMenu/save', '0:0:0:0:0:0:0:1', '{\"select\":false,\"icon\":\"\",\"updateTime\":1691315197323,\"type\":2,\"parentId\":\"1688123841486368769\",\"path\":\"\",\"sortValue\":1,\"component\":\"\",\"parentName\":\"物品管理\",\"isDeleted\":0,\"createTime\":1691315197323,\"param\":{},\"name\":\"查询\",\"perms\":\"bnt.kcGsGroup.list\",\"id\":\"1688124407813877761\",\"status\":1}', '{\"code\":200,\"message\":\"成功\"}', 1, '', '2023-08-06 17:46:37', '2023-08-06 17:46:37', '2023-08-06 17:46:37', 0);
INSERT INTO `sys_oper_log` VALUES ('1688124483621728258', '物品分组表', 'INSERT', 'com.lanf.business.controller.KcGsGroupController.save()', 'POST', 'MANAGE', 'admin', '', '/business/kcGsGroup/save', '0:0:0:0:0:0:0:1', '{\"isDeleted\":0,\"createTime\":1691315215375,\"param\":{},\"name\":\"办公用品\",\"updateTime\":1691315215375,\"id\":\"1688124483550425090\"}', '{\"code\":200,\"message\":\"成功\"}', 1, '', '2023-08-06 17:46:55', '2023-08-06 17:46:55', '2023-08-06 17:46:55', 0);
INSERT INTO `sys_oper_log` VALUES ('1688124498893189121', '物品分组表', 'UPDATE', 'com.lanf.business.controller.KcGsGroupController.updateById()', 'PUT', 'MANAGE', 'admin', '', '/business/kcGsGroup/update', '0:0:0:0:0:0:0:1', '{\"isDeleted\":0,\"createTime\":1691315215000,\"param\":{},\"name\":\"办公用品\",\"updateTime\":1691315219021,\"id\":\"1688124483550425090\"}', '{\"code\":200,\"message\":\"成功\"}', 1, '', '2023-08-06 17:46:59', '2023-08-06 17:46:59', '2023-08-06 17:46:59', 0);
INSERT INTO `sys_oper_log` VALUES ('1688127067854057474', '代码生成', 'INSERT', 'com.lanf.generator.CodeController.save()', 'POST', 'MANAGE', 'admin', '', '/code/generator/save', '0:0:0:0:0:0:0:1', '{\"tabName\":\"kc_gs_group\",\"genList\":[\"vue\"],\"author\":\"tangtang\",\"ftlPath\":\"F:/project/kcmg/basemf-sig/src/main/resources/template\",\"mulList\":[],\"filePath\":\"F:/project/kcmg/basemf-sig/src/main/\",\"isLazyDept\":\"false\",\"isGenLeftDept\":\"false\",\"password\":\"root\",\"frontPath\":\"F:/project/kcmg/basemf-sig/base-front/src/\",\"connectionURL\":\"jdbc:mysql://localhost:3306/base-kc?characterEncoding=utf-8&useSSL=false&nullCatalogMeansCurrent=true\",\"driverName\":\"com.mysql.cj.jdbc.Driver\",\"genType\":\"0\",\"packageName\":\"com.lanf.business\",\"username\":\"root\"}', '{\"code\":200,\"message\":\"成功\"}', 1, '', '2023-08-06 17:57:11', '2023-08-06 17:57:12', '2023-08-06 17:57:12', 0);
INSERT INTO `sys_oper_log` VALUES ('1688128498212278274', '代码生成', 'INSERT', 'com.lanf.generator.CodeController.save()', 'POST', 'MANAGE', 'admin', '', '/code/generator/save', '0:0:0:0:0:0:0:1', '{\"tabName\":\"kc_gs_group\",\"genList\":[\"vue\"],\"author\":\"tangtang\",\"ftlPath\":\"F:/project/kcmg/basemf-sig/src/main/resources/template\",\"mulList\":[],\"filePath\":\"F:/project/kcmg/basemf-sig/src/main/\",\"isLazyDept\":\"false\",\"isGenLeftDept\":\"false\",\"password\":\"root\",\"frontPath\":\"F:/project/kcmg/basemf-sig/base-front/src/\",\"connectionURL\":\"jdbc:mysql://localhost:3306/base-kc?characterEncoding=utf-8&useSSL=false&nullCatalogMeansCurrent=true\",\"driverName\":\"com.mysql.cj.jdbc.Driver\",\"genType\":\"0\",\"packageName\":\"com.lanf.business\",\"username\":\"root\"}', '{\"code\":200,\"message\":\"成功\"}', 1, '', '2023-08-06 18:02:52', '2023-08-06 18:02:53', '2023-08-06 18:02:53', 0);
INSERT INTO `sys_oper_log` VALUES ('1688128657172205570', '物品分组表', 'EXPORT', 'com.lanf.business.controller.KcGsGroupController.exportUser()', 'GET', 'MANAGE', '', '', '/business/kcGsGroup/export', '0:0:0:0:0:0:0:1', '', '', 1, '', '2023-08-06 18:03:30', '2023-08-06 18:03:30', '2023-08-06 18:03:30', 0);
INSERT INTO `sys_oper_log` VALUES ('1688156592151203841', '代码生成', 'INSERT', 'com.lanf.generator.CodeController.save()', 'POST', 'MANAGE', 'admin', '', '/code/generator/save', '0:0:0:0:0:0:0:1', '{\"tabName\":\"kc_goods\",\"genList\":[\"vue\",\"api\",\"xml\",\"service\",\"po\",\"impl\",\"vo\",\"mapper\",\"controller\"],\"author\":\"tangtang\",\"ftlPath\":\"F:/project/kcmg/basemf-sig/src/main/resources/template\",\"mulList\":[{\"mulSecColum\":\"\",\"mod\":\"select\",\"data\":\"kc_gs_group\",\"pageDir\":\"business\",\"modRemark\":\"分组\",\"isMul\":\"\",\"mulMainColum\":\"\",\"where\":\"\",\"mulTable\":\"\",\"value\":\"name\",\"key\":\"id\",\"target\":\"group_id\"}],\"filePath\":\"F:/project/kcmg/basemf-sig/src/main/\",\"isLazyDept\":\"false\",\"isGenLeftDept\":\"false\",\"password\":\"root\",\"frontPath\":\"F:/project/kcmg/basemf-sig/base-front/src/\",\"connectionURL\":\"jdbc:mysql://localhost:3306/base-kc?characterEncoding=utf-8&useSSL=false&nullCatalogMeansCurrent=true\",\"driverName\":\"com.mysql.cj.jdbc.Driver\",\"genType\":\"0\",\"packageName\":\"com.lanf.business\",\"username\":\"root\"}', '{\"code\":200,\"message\":\"成功\"}', 1, '', '2023-08-06 19:54:31', '2023-08-06 19:54:31', '2023-08-06 19:54:31', 0);
INSERT INTO `sys_oper_log` VALUES ('1688157118733565954', '菜单管理', 'UPDATE', 'com.lanf.system.controller.SysMenuController.updateById()', 'POST', 'MANAGE', 'admin', '', '/admin/system/sysMenu/update', '0:0:0:0:0:0:0:1', '{\"select\":false,\"icon\":\"el-icon-s-tools\",\"updateTime\":1691322996169,\"type\":1,\"parentId\":\"1688123213473230850\",\"path\":\"goods\",\"sortValue\":1,\"component\":\"pages/business/kcGsGroup\",\"parentName\":\"库存管理\",\"isDeleted\":0,\"createTime\":1691315062000,\"param\":{},\"name\":\"物品分组\",\"perms\":\"\",\"id\":\"1688123841486368769\",\"status\":1}', '{\"code\":200,\"message\":\"成功\"}', 1, '', '2023-08-06 19:56:36', '2023-08-06 19:56:36', '2023-08-06 19:56:36', 0);
INSERT INTO `sys_oper_log` VALUES ('1688157462494527490', '菜单管理', 'INSERT', 'com.lanf.system.controller.SysMenuController.save()', 'POST', 'MANAGE', 'admin', '', '/admin/system/sysMenu/save', '0:0:0:0:0:0:0:1', '{\"select\":false,\"icon\":\"el-icon-s-tools\",\"updateTime\":1691323078161,\"type\":1,\"parentId\":\"1688123213473230850\",\"path\":\"kcGoods\",\"sortValue\":2,\"component\":\"business/kcGoods\",\"parentName\":\"库存管理\",\"isDeleted\":0,\"createTime\":1691323078161,\"param\":{},\"name\":\"物品管理\",\"perms\":\"\",\"id\":\"1688157462419030018\",\"status\":1}', '{\"code\":200,\"message\":\"成功\"}', 1, '', '2023-08-06 19:57:58', '2023-08-06 19:57:58', '2023-08-06 19:57:58', 0);
INSERT INTO `sys_oper_log` VALUES ('1688157530341588993', '菜单管理', 'UPDATE', 'com.lanf.system.controller.SysMenuController.updateById()', 'POST', 'MANAGE', 'admin', '', '/admin/system/sysMenu/update', '0:0:0:0:0:0:0:1', '{\"select\":false,\"icon\":\"el-icon-s-tools\",\"updateTime\":1691323094333,\"type\":1,\"parentId\":\"1688123213473230850\",\"path\":\"group\",\"sortValue\":1,\"component\":\"pages/business/kcGsGroup\",\"parentName\":\"库存管理\",\"isDeleted\":0,\"createTime\":1691315062000,\"param\":{},\"name\":\"物品分组\",\"perms\":\"\",\"id\":\"1688123841486368769\",\"status\":1}', '{\"code\":200,\"message\":\"成功\"}', 1, '', '2023-08-06 19:58:14', '2023-08-06 19:58:14', '2023-08-06 19:58:14', 0);
INSERT INTO `sys_oper_log` VALUES ('1688157721404719105', '菜单管理', 'INSERT', 'com.lanf.system.controller.SysMenuController.save()', 'POST', 'MANAGE', 'admin', '', '/admin/system/sysMenu/save', '0:0:0:0:0:0:0:1', '{\"select\":false,\"icon\":\"\",\"updateTime\":1691323139890,\"type\":2,\"parentId\":\"1688157462419030018\",\"path\":\"\",\"sortValue\":1,\"component\":\"\",\"parentName\":\"物品管理\",\"isDeleted\":0,\"createTime\":1691323139890,\"param\":{},\"name\":\"查询\",\"perms\":\"bnt.kcGoods.list\",\"id\":\"1688157721341804546\",\"status\":1}', '{\"code\":200,\"message\":\"成功\"}', 1, '', '2023-08-06 19:59:00', '2023-08-06 19:59:00', '2023-08-06 19:59:00', 0);
INSERT INTO `sys_oper_log` VALUES ('1688157772499730435', '菜单管理', 'INSERT', 'com.lanf.system.controller.SysMenuController.save()', 'POST', 'MANAGE', 'admin', '', '/admin/system/sysMenu/save', '0:0:0:0:0:0:0:1', '{\"select\":false,\"icon\":\"\",\"updateTime\":1691323152076,\"type\":2,\"parentId\":\"1688157462419030018\",\"path\":\"\",\"sortValue\":1,\"component\":\"\",\"parentName\":\"物品管理\",\"isDeleted\":0,\"createTime\":1691323152076,\"param\":{},\"name\":\"新增\",\"perms\":\"bnt.kcGoods.add\",\"id\":\"1688157772499730434\",\"status\":1}', '{\"code\":200,\"message\":\"成功\"}', 1, '', '2023-08-06 19:59:12', '2023-08-06 19:59:12', '2023-08-06 19:59:12', 0);
INSERT INTO `sys_oper_log` VALUES ('1688157815650729986', '菜单管理', 'INSERT', 'com.lanf.system.controller.SysMenuController.save()', 'POST', 'MANAGE', 'admin', '', '/admin/system/sysMenu/save', '0:0:0:0:0:0:0:1', '{\"select\":false,\"icon\":\"\",\"updateTime\":1691323162364,\"type\":2,\"parentId\":\"1688157462419030018\",\"path\":\"\",\"sortValue\":1,\"component\":\"\",\"parentName\":\"物品管理\",\"isDeleted\":0,\"createTime\":1691323162364,\"param\":{},\"name\":\"修改\",\"perms\":\"bnt.kcGoods.update\",\"id\":\"1688157815650729985\",\"status\":1}', '{\"code\":200,\"message\":\"成功\"}', 1, '', '2023-08-06 19:59:22', '2023-08-06 19:59:22', '2023-08-06 19:59:22', 0);
INSERT INTO `sys_oper_log` VALUES ('1688157859149856770', '菜单管理', 'INSERT', 'com.lanf.system.controller.SysMenuController.save()', 'POST', 'MANAGE', 'admin', '', '/admin/system/sysMenu/save', '0:0:0:0:0:0:0:1', '{\"select\":false,\"icon\":\"\",\"updateTime\":1691323172738,\"type\":2,\"parentId\":\"1688157462419030018\",\"path\":\"\",\"sortValue\":1,\"component\":\"\",\"parentName\":\"物品管理\",\"isDeleted\":0,\"createTime\":1691323172738,\"param\":{},\"name\":\"删除\",\"perms\":\"bnt.kcGoods.remove\",\"id\":\"1688157859149856769\",\"status\":1}', '{\"code\":200,\"message\":\"成功\"}', 1, '', '2023-08-06 19:59:33', '2023-08-06 19:59:33', '2023-08-06 19:59:33', 0);
INSERT INTO `sys_oper_log` VALUES ('1688157991329153026', '菜单管理', 'UPDATE', 'com.lanf.system.controller.SysMenuController.updateById()', 'POST', 'MANAGE', 'admin', '', '/admin/system/sysMenu/update', '0:0:0:0:0:0:0:1', '{\"select\":false,\"icon\":\"el-icon-s-tools\",\"updateTime\":1691323204244,\"type\":1,\"parentId\":\"1688123213473230850\",\"path\":\"kcGoods\",\"sortValue\":2,\"component\":\"pages/business/kcGoods\",\"parentName\":\"库存管理\",\"isDeleted\":0,\"createTime\":1691323078000,\"param\":{},\"name\":\"物品管理\",\"perms\":\"\",\"id\":\"1688157462419030018\",\"status\":1}', '{\"code\":200,\"message\":\"成功\"}', 1, '', '2023-08-06 20:00:04', '2023-08-06 20:00:04', '2023-08-06 20:00:04', 0);
INSERT INTO `sys_oper_log` VALUES ('1688158293163851777', '物品表', 'EXPORT', 'com.lanf.business.controller.KcGoodsController.exportUser()', 'GET', 'MANAGE', '', '', '/business/kcGoods/export', '0:0:0:0:0:0:0:1', '', '', 1, '', '2023-08-06 20:01:16', '2023-08-06 20:01:16', '2023-08-06 20:01:16', 0);
INSERT INTO `sys_oper_log` VALUES ('1688180501789622274', '代码生成', 'INSERT', 'com.lanf.generator.CodeController.save()', 'POST', 'MANAGE', 'admin', '', '/code/generator/save', '0:0:0:0:0:0:0:1', '{\"tabName\":\"kc_goods\",\"genList\":[\"api\",\"vue\",\"po\",\"vo\",\"mapper\",\"xml\",\"service\",\"impl\",\"controller\"],\"author\":\"tangtang\",\"ftlPath\":\"F:/basemf-sig/src/main/resources/template\",\"mulList\":[{\"mulSecColum\":\"\",\"mod\":\"select\",\"data\":\"kc_gs_group\",\"pageDir\":\"business\",\"modRemark\":\"分组\",\"isMul\":\"false\",\"mulMainColum\":\"\",\"where\":\"\",\"mulTable\":\"\",\"value\":\"name\",\"key\":\"id\",\"target\":\"group_id\"},{\"mulSecColum\":\"\",\"mod\":\"pop\",\"data\":\"sys_dept\",\"pageDir\":\"system\",\"modRemark\":\"所属部门\",\"isMul\":\"false\",\"mulMainColum\":\"\",\"where\":\"\",\"mulTable\":\"\",\"value\":\"name\",\"key\":\"id\",\"target\":\"dept_id\"}],\"filePath\":\"F:/project/kcmg/basemf-sig/src/main/\",\"isLazyDept\":\"false\",\"isGenLeftDept\":\"true\",\"password\":\"root\",\"frontPath\":\"F:/project/kcmg/basemf-sig/base-front/src/\",\"connectionURL\":\"jdbc:mysql://localhost:3306/base-kc?characterEncoding=utf-8&useSSL=false&nullCatalogMeansCurrent=true\",\"driverName\":\"com.mysql.cj.jdbc.Driver\",\"genType\":\"0\",\"packageName\":\"com.lanf.business\",\"username\":\"root\"}', '', 0, '', '2023-08-06 21:29:31', '2023-08-06 21:29:31', '2023-08-06 21:29:31', 0);
INSERT INTO `sys_oper_log` VALUES ('1688184295554289665', '代码生成', 'INSERT', 'com.lanf.generator.CodeController.save()', 'POST', 'MANAGE', 'admin', '', '/code/generator/save', '0:0:0:0:0:0:0:1', '{\"tabName\":\"kc_goods\",\"genList\":[\"api\",\"vue\",\"po\",\"vo\",\"mapper\",\"xml\",\"service\",\"impl\",\"controller\"],\"author\":\"tangtang\",\"ftlPath\":\"C:\\\\Users\\\\ADMINI~1\\\\AppData\\\\Local\\\\Temp\\\\tomcat-docbase.6620592808014221688.5240\",\"mulList\":[{\"mulSecColum\":\"\",\"mod\":\"select\",\"data\":\"kc_gs_group\",\"pageDir\":\"business\",\"modRemark\":\"分组\",\"isMul\":\"false\",\"mulMainColum\":\"\",\"where\":\"\",\"mulTable\":\"\",\"value\":\"name\",\"key\":\"id\",\"target\":\"group_id\"},{\"mulSecColum\":\"\",\"mod\":\"pop\",\"data\":\"sys_dept\",\"pageDir\":\"system\",\"modRemark\":\"所属部门\",\"isMul\":\"false\",\"mulMainColum\":\"\",\"where\":\"\",\"mulTable\":\"\",\"value\":\"name\",\"key\":\"id\",\"target\":\"dept_id\"}],\"filePath\":\"F:/project/kcmg/basemf-sig/src/main/\",\"isLazyDept\":\"false\",\"isGenLeftDept\":\"true\",\"password\":\"root\",\"frontPath\":\"F:/project/kcmg/basemf-sig/base-front/src/\",\"connectionURL\":\"jdbc:mysql://localhost:3306/base-kc?characterEncoding=utf-8&useSSL=false&nullCatalogMeansCurrent=true\",\"driverName\":\"com.mysql.cj.jdbc.Driver\",\"genType\":\"0\",\"packageName\":\"com.lanf.business\",\"username\":\"root\"}', '', 0, '代码生成失败，请检查配置信息是否填写正确', '2023-08-06 21:44:36', '2023-08-06 21:44:36', '2023-08-06 21:44:36', 0);
INSERT INTO `sys_oper_log` VALUES ('1688189726326628354', '代码生成', 'INSERT', 'com.lanf.generator.CodeController.save()', 'POST', 'MANAGE', 'admin', '', '/code/generator/save', '0:0:0:0:0:0:0:1', '{\"tabName\":\"kc_goods\",\"genList\":[\"api\",\"vue\",\"po\",\"vo\",\"mapper\",\"xml\",\"service\",\"impl\",\"controller\"],\"author\":\"tangtang\",\"ftlPath\":\"F:/basemf-sig/src/main/resources/template\",\"mulList\":[{\"mulSecColum\":\"\",\"mod\":\"select\",\"data\":\"kc_gs_group\",\"pageDir\":\"business\",\"modRemark\":\"分组\",\"isMul\":\"false\",\"mulMainColum\":\"\",\"where\":\"\",\"mulTable\":\"\",\"value\":\"name\",\"key\":\"id\",\"target\":\"group_id\"},{\"mulSecColum\":\"\",\"mod\":\"pop\",\"data\":\"sys_dept\",\"pageDir\":\"system\",\"modRemark\":\"所属部门\",\"isMul\":\"false\",\"mulMainColum\":\"\",\"where\":\"\",\"mulTable\":\"\",\"value\":\"name\",\"key\":\"id\",\"target\":\"dept_id\"}],\"filePath\":\"F:/project/kcmg/basemf-sig/src/main/\",\"isLazyDept\":\"false\",\"isGenLeftDept\":\"true\",\"password\":\"root\",\"frontPath\":\"F:/project/kcmg/basemf-sig/base-front/src/\",\"connectionURL\":\"jdbc:mysql://localhost:3306/base-kc?characterEncoding=utf-8&useSSL=false&nullCatalogMeansCurrent=true\",\"driverName\":\"com.mysql.cj.jdbc.Driver\",\"genType\":\"0\",\"packageName\":\"com.lanf.business\",\"username\":\"root\"}', '', 0, '代码生成失败，请检查配置信息是否填写正确', '2023-08-06 22:06:10', '2023-08-06 22:06:10', '2023-08-06 22:06:10', 0);
INSERT INTO `sys_oper_log` VALUES ('1688191283638108161', '代码生成', 'INSERT', 'com.lanf.generator.CodeController.save()', 'POST', 'MANAGE', 'admin', '', '/code/generator/save', '0:0:0:0:0:0:0:1', '{\"tabName\":\"kc_goods\",\"genList\":[\"api\",\"vue\",\"po\",\"vo\",\"mapper\",\"xml\",\"service\",\"impl\",\"controller\"],\"author\":\"tangtang\",\"ftlPath\":\"F:/basemf-sig/src/main/resources/template\",\"mulList\":[{\"mulSecColum\":\"\",\"mod\":\"select\",\"data\":\"kc_gs_group\",\"pageDir\":\"business\",\"modRemark\":\"分组\",\"isMul\":\"false\",\"mulMainColum\":\"\",\"where\":\"\",\"mulTable\":\"\",\"value\":\"name\",\"key\":\"id\",\"target\":\"group_id\"},{\"mulSecColum\":\"\",\"mod\":\"pop\",\"data\":\"sys_dept\",\"pageDir\":\"system\",\"modRemark\":\"所属部门\",\"isMul\":\"false\",\"mulMainColum\":\"\",\"where\":\"\",\"mulTable\":\"\",\"value\":\"name\",\"key\":\"id\",\"target\":\"dept_id\"}],\"filePath\":\"F:/project/kcmg/basemf-sig/src/main/\",\"isLazyDept\":\"false\",\"isGenLeftDept\":\"true\",\"password\":\"root\",\"frontPath\":\"F:/project/kcmg/basemf-sig/base-front/src/\",\"connectionURL\":\"jdbc:mysql://localhost:3306/base-kc?characterEncoding=utf-8&useSSL=false&nullCatalogMeansCurrent=true\",\"driverName\":\"com.mysql.cj.jdbc.Driver\",\"genType\":\"0\",\"packageName\":\"com.lanf.business\",\"username\":\"root\"}', '{\"code\":200,\"message\":\"成功\"}', 1, '', '2023-08-06 22:12:22', '2023-08-06 22:12:22', '2023-08-06 22:12:22', 0);
INSERT INTO `sys_oper_log` VALUES ('1688191884505743361', '物品表', 'INSERT', 'com.lanf.business.controller.KcGoodsController.save()', 'POST', 'MANAGE', 'admin', '', '/business/kcGoods/save', '0:0:0:0:0:0:0:1', '{\"quantity\":0,\"groupId\":\"1688124483550425090\",\"deptId\":\"1010\",\"description\":\"苹果一体机\",\"updateTime\":1691331284977,\"isDeleted\":0,\"createTime\":1691331284977,\"param\":{},\"price\":8000,\"name\":\"一体机\",\"id\":\"1688191884358942721\"}', '{\"code\":200,\"message\":\"成功\"}', 1, '', '2023-08-06 22:14:45', '2023-08-06 22:14:45', '2023-08-06 22:14:45', 0);
INSERT INTO `sys_oper_log` VALUES ('1693216183230722050', '代码生成', 'INSERT', 'com.lanf.generator.CodeController.save()', 'POST', 'MANAGE', 'admin', '', '/code/generator/save', '0:0:0:0:0:0:0:1', '{\"tabName\":\"kc_sales_records\",\"genList\":[\"api\",\"vue\",\"po\",\"vo\",\"mapper\",\"xml\",\"service\",\"impl\",\"controller\"],\"author\":\"tanlingfei\",\"ftlPath\":\"F:/basemf-sig/src/main/resources/template\",\"mulList\":[],\"filePath\":\"F:/project/kcmg/basemf-sig/src/main/\",\"isLazyDept\":\"false\",\"isGenLeftDept\":\"false\",\"password\":\"root\",\"frontPath\":\"F:/project/kcmg/basemf-sig/base-front/src/\",\"connectionURL\":\"jdbc:mysql://localhost:3306/base-kc?characterEncoding=utf-8&useSSL=false&nullCatalogMeansCurrent=true\",\"driverName\":\"com.mysql.cj.jdbc.Driver\",\"genType\":\"0\",\"packageName\":\"com.lanf.business\",\"username\":\"root\"}', '{\"code\":200,\"message\":\"成功\"}', 1, '', '2023-08-20 18:59:31', '2023-08-20 18:59:31', '2023-08-20 18:59:31', 0);
INSERT INTO `sys_oper_log` VALUES ('1693218293485752322', '菜单管理', 'UPDATE', 'com.lanf.system.controller.SysMenuController.updateById()', 'POST', 'MANAGE', 'admin', '', '/admin/system/sysMenu/update', '0:0:0:0:0:0:0:1', '{\"select\":false,\"icon\":\"el-icon-s-tools\",\"updateTime\":1692529674226,\"type\":0,\"parentId\":\"0\",\"path\":\"/kc\",\"sortValue\":0,\"component\":\"Layout\",\"isDeleted\":0,\"createTime\":1691314913000,\"param\":{},\"name\":\"库存管理\",\"perms\":\"\",\"id\":\"1688123213473230850\",\"status\":1}', '{\"code\":200,\"message\":\"成功\"}', 1, '', '2023-08-20 19:07:54', '2023-08-20 19:07:54', '2023-08-20 19:07:54', 0);
INSERT INTO `sys_oper_log` VALUES ('1693219709205958658', '代码生成', 'INSERT', 'com.lanf.generator.CodeController.save()', 'POST', 'MANAGE', 'admin', '', '/code/generator/save', '0:0:0:0:0:0:0:1', '{\"tabName\":\"kc_stock_records\",\"genList\":[\"api\",\"vue\",\"po\",\"vo\",\"mapper\",\"xml\",\"service\",\"impl\",\"controller\"],\"author\":\"tanlingfei\",\"ftlPath\":\"F:/basemf-sig/src/main/resources/template\",\"mulList\":[],\"filePath\":\"F:/project/kcmg/basemf-sig/src/main/\",\"isLazyDept\":\"false\",\"isGenLeftDept\":\"false\",\"password\":\"root\",\"frontPath\":\"F:/project/kcmg/basemf-sig/base-front/src/\",\"connectionURL\":\"jdbc:mysql://localhost:3306/base-kc?characterEncoding=utf-8&useSSL=false&nullCatalogMeansCurrent=true\",\"driverName\":\"com.mysql.cj.jdbc.Driver\",\"genType\":\"0\",\"packageName\":\"com.lanf.business\",\"username\":\"root\"}', '{\"code\":200,\"message\":\"成功\"}', 1, '', '2023-08-20 19:13:32', '2023-08-20 19:13:32', '2023-08-20 19:13:32', 0);
INSERT INTO `sys_oper_log` VALUES ('1693220558791577602', '菜单管理', 'INSERT', 'com.lanf.system.controller.SysMenuController.save()', 'POST', 'MANAGE', 'admin', '', '/admin/system/sysMenu/save', '0:0:0:0:0:0:0:1', '{\"select\":false,\"icon\":\"el-icon-s-tools\",\"updateTime\":1692530214358,\"type\":1,\"parentId\":\"1688123213473230850\",\"path\":\"\",\"sortValue\":3,\"component\":\"sales\",\"parentName\":\"库存管理\",\"isDeleted\":0,\"createTime\":1692530214358,\"param\":{},\"name\":\"销售管理\",\"perms\":\"\",\"id\":\"1693220558657359874\",\"status\":1}', '{\"code\":200,\"message\":\"成功\"}', 1, '', '2023-08-20 19:16:54', '2023-08-20 19:16:54', '2023-08-20 19:16:54', 0);
INSERT INTO `sys_oper_log` VALUES ('1693221030625611778', '菜单管理', 'UPDATE', 'com.lanf.system.controller.SysMenuController.updateById()', 'POST', 'MANAGE', 'admin', '', '/admin/system/sysMenu/update', '0:0:0:0:0:0:0:1', '{\"select\":false,\"icon\":\"el-icon-s-tools\",\"updateTime\":1692530326886,\"type\":1,\"parentId\":\"1688123213473230850\",\"path\":\"sales\",\"sortValue\":3,\"component\":\"pages/business/kcSalesRecords\",\"parentName\":\"库存管理\",\"isDeleted\":0,\"createTime\":1692530214000,\"param\":{},\"name\":\"销售管理\",\"perms\":\"\",\"id\":\"1693220558657359874\",\"status\":1}', '{\"code\":200,\"message\":\"成功\"}', 1, '', '2023-08-20 19:18:47', '2023-08-20 19:18:47', '2023-08-20 19:18:47', 0);
INSERT INTO `sys_oper_log` VALUES ('1693221302559117314', '菜单管理', 'INSERT', 'com.lanf.system.controller.SysMenuController.save()', 'POST', 'MANAGE', 'admin', '', '/admin/system/sysMenu/save', '0:0:0:0:0:0:0:1', '{\"select\":false,\"icon\":\"\",\"updateTime\":1692530391718,\"type\":2,\"parentId\":\"1693220558657359874\",\"path\":\"\",\"sortValue\":1,\"component\":\"\",\"parentName\":\"销售管理\",\"isDeleted\":0,\"createTime\":1692530391718,\"param\":{},\"name\":\"查看\",\"perms\":\"bnt.kcSalesRecords.list\",\"id\":\"1693221302559117313\",\"status\":1}', '{\"code\":200,\"message\":\"成功\"}', 1, '', '2023-08-20 19:19:52', '2023-08-20 19:19:52', '2023-08-20 19:19:52', 0);
INSERT INTO `sys_oper_log` VALUES ('1693221551247790081', '菜单管理', 'INSERT', 'com.lanf.system.controller.SysMenuController.save()', 'POST', 'MANAGE', 'admin', '', '/admin/system/sysMenu/save', '0:0:0:0:0:0:0:1', '{\"select\":false,\"icon\":\"el-icon-s-tools\",\"updateTime\":1692530451007,\"type\":1,\"parentId\":\"1688123213473230850\",\"path\":\"stock\",\"sortValue\":4,\"component\":\"\",\"parentName\":\"库存管理\",\"isDeleted\":0,\"createTime\":1692530451007,\"param\":{},\"name\":\"入库管理\",\"perms\":\"\",\"id\":\"1693221551184875522\",\"status\":1}', '{\"code\":200,\"message\":\"成功\"}', 1, '', '2023-08-20 19:20:51', '2023-08-20 19:20:51', '2023-08-20 19:20:51', 0);
INSERT INTO `sys_oper_log` VALUES ('1693221730592034817', '菜单管理', 'UPDATE', 'com.lanf.system.controller.SysMenuController.updateById()', 'POST', 'MANAGE', 'admin', '', '/admin/system/sysMenu/update', '0:0:0:0:0:0:0:1', '{\"select\":false,\"icon\":\"el-icon-s-tools\",\"updateTime\":1692530493779,\"type\":1,\"parentId\":\"1688123213473230850\",\"path\":\"stock\",\"sortValue\":4,\"component\":\"pages/business/kcStockRecords\",\"parentName\":\"库存管理\",\"isDeleted\":0,\"createTime\":1692530451000,\"param\":{},\"name\":\"入库管理\",\"perms\":\"\",\"id\":\"1693221551184875522\",\"status\":1}', '{\"code\":200,\"message\":\"成功\"}', 1, '', '2023-08-20 19:21:34', '2023-08-20 19:21:34', '2023-08-20 19:21:34', 0);
INSERT INTO `sys_oper_log` VALUES ('1693221902340395009', '菜单管理', 'INSERT', 'com.lanf.system.controller.SysMenuController.save()', 'POST', 'MANAGE', 'admin', '', '/admin/system/sysMenu/save', '0:0:0:0:0:0:0:1', '{\"select\":false,\"icon\":\"\",\"updateTime\":1692530534709,\"type\":2,\"parentId\":\"1693221551184875522\",\"path\":\"\",\"sortValue\":1,\"component\":\"\",\"parentName\":\"入库管理\",\"isDeleted\":0,\"createTime\":1692530534709,\"param\":{},\"name\":\"查看\",\"perms\":\"bnt.kcStockRecords.list\",\"id\":\"1693221902269091841\",\"status\":1}', '{\"code\":200,\"message\":\"成功\"}', 1, '', '2023-08-20 19:22:15', '2023-08-20 19:22:15', '2023-08-20 19:22:15', 0);
INSERT INTO `sys_oper_log` VALUES ('1693231037270265858', '物品销售记录表', 'EXPORT', 'com.lanf.business.controller.KcSalesRecordsController.exportUser()', 'GET', 'MANAGE', '', '', '/business/kcSalesRecords/export', '0:0:0:0:0:0:0:1', '', '', 1, '', '2023-08-20 19:58:33', '2023-08-20 19:58:33', '2023-08-20 19:58:33', 0);
INSERT INTO `sys_oper_log` VALUES ('1693232989697806338', '菜单管理', 'UPDATE', 'com.lanf.system.controller.SysMenuController.updateById()', 'POST', 'MANAGE', 'admin', '', '/admin/system/sysMenu/update', '0:0:0:0:0:0:0:1', '{\"select\":false,\"icon\":\"el-icon-s-tools\",\"updateTime\":1692533178146,\"type\":1,\"parentId\":\"1688123213473230850\",\"path\":\"sales\",\"sortValue\":3,\"component\":\"pages/business/kcSalesRecords\",\"parentName\":\"库存管理\",\"isDeleted\":0,\"createTime\":1692530214000,\"param\":{},\"name\":\"销售记录\",\"perms\":\"\",\"id\":\"1693220558657359874\",\"status\":1}', '{\"code\":200,\"message\":\"成功\"}', 1, '', '2023-08-20 20:06:18', '2023-08-20 20:06:18', '2023-08-20 20:06:18', 0);
INSERT INTO `sys_oper_log` VALUES ('1693233084371636226', '菜单管理', 'UPDATE', 'com.lanf.system.controller.SysMenuController.updateById()', 'POST', 'MANAGE', 'admin', '', '/admin/system/sysMenu/update', '0:0:0:0:0:0:0:1', '{\"select\":false,\"icon\":\"el-icon-s-tools\",\"updateTime\":1692533200714,\"type\":1,\"parentId\":\"1688123213473230850\",\"path\":\"stock\",\"sortValue\":4,\"component\":\"pages/business/kcStockRecords\",\"parentName\":\"库存管理\",\"isDeleted\":0,\"createTime\":1692530451000,\"param\":{},\"name\":\"入库记录\",\"perms\":\"\",\"id\":\"1693221551184875522\",\"status\":1}', '{\"code\":200,\"message\":\"成功\"}', 1, '', '2023-08-20 20:06:41', '2023-08-20 20:06:41', '2023-08-20 20:06:41', 0);
INSERT INTO `sys_oper_log` VALUES ('1693235321034575873', '菜单管理', 'UPDATE', 'com.lanf.system.controller.SysMenuController.updateById()', 'POST', 'MANAGE', 'admin', '', '/admin/system/sysMenu/update', '0:0:0:0:0:0:0:1', '{\"select\":false,\"icon\":\"el-icon-s-tools\",\"updateTime\":1692533733987,\"type\":1,\"parentId\":\"1688123213473230850\",\"path\":\"sales\",\"sortValue\":3,\"component\":\"pages/business/kcSalesRecords\",\"parentName\":\"库存管理\",\"isDeleted\":0,\"createTime\":1692530214000,\"param\":{},\"name\":\"销售管理\",\"perms\":\"\",\"id\":\"1693220558657359874\",\"status\":1}', '{\"code\":200,\"message\":\"成功\"}', 1, '', '2023-08-20 20:15:34', '2023-08-20 20:15:34', '2023-08-20 20:15:34', 0);
INSERT INTO `sys_oper_log` VALUES ('1693235362218446850', '菜单管理', 'UPDATE', 'com.lanf.system.controller.SysMenuController.updateById()', 'POST', 'MANAGE', 'admin', '', '/admin/system/sysMenu/update', '0:0:0:0:0:0:0:1', '{\"select\":false,\"icon\":\"el-icon-s-tools\",\"updateTime\":1692533743796,\"type\":1,\"parentId\":\"1688123213473230850\",\"path\":\"stock\",\"sortValue\":4,\"component\":\"pages/business/kcStockRecords\",\"parentName\":\"库存管理\",\"isDeleted\":0,\"createTime\":1692530451000,\"param\":{},\"name\":\"入库管理\",\"perms\":\"\",\"id\":\"1693221551184875522\",\"status\":1}', '{\"code\":200,\"message\":\"成功\"}', 1, '', '2023-08-20 20:15:44', '2023-08-20 20:15:44', '2023-08-20 20:15:44', 0);
INSERT INTO `sys_oper_log` VALUES ('1693235562764898307', '菜单管理', 'INSERT', 'com.lanf.system.controller.SysMenuController.save()', 'POST', 'MANAGE', 'admin', '', '/admin/system/sysMenu/save', '0:0:0:0:0:0:0:1', '{\"select\":false,\"icon\":\"\",\"updateTime\":1692533791624,\"type\":2,\"parentId\":\"1693220558657359874\",\"path\":\"\",\"sortValue\":1,\"component\":\"\",\"parentName\":\"销售管理\",\"isDeleted\":0,\"createTime\":1692533791624,\"param\":{},\"name\":\"修改\",\"perms\":\"bnt.kcSalesRecords.update\",\"id\":\"1693235562764898306\",\"status\":1}', '{\"code\":200,\"message\":\"成功\"}', 1, '', '2023-08-20 20:16:32', '2023-08-20 20:16:32', '2023-08-20 20:16:32', 0);
INSERT INTO `sys_oper_log` VALUES ('1693235624777682946', '菜单管理', 'INSERT', 'com.lanf.system.controller.SysMenuController.save()', 'POST', 'MANAGE', 'admin', '', '/admin/system/sysMenu/save', '0:0:0:0:0:0:0:1', '{\"select\":false,\"icon\":\"\",\"updateTime\":1692533806407,\"type\":2,\"parentId\":\"1693220558657359874\",\"path\":\"\",\"sortValue\":1,\"component\":\"\",\"parentName\":\"销售管理\",\"isDeleted\":0,\"createTime\":1692533806407,\"param\":{},\"name\":\"添加\",\"perms\":\"bnt.kcSalesRecords.add\",\"id\":\"1693235624777682945\",\"status\":1}', '{\"code\":200,\"message\":\"成功\"}', 1, '', '2023-08-20 20:16:46', '2023-08-20 20:16:46', '2023-08-20 20:16:46', 0);
INSERT INTO `sys_oper_log` VALUES ('1693235643857571842', '菜单管理', 'DELETE', 'com.lanf.system.controller.SysMenuController.remove()', 'DELETE', 'MANAGE', 'admin', '', '/admin/system/sysMenu/remove/1693235562764898306', '0:0:0:0:0:0:0:1', '', '{\"code\":200,\"message\":\"成功\"}', 1, '', '2023-08-20 20:16:51', '2023-08-20 20:16:51', '2023-08-20 20:16:51', 0);
INSERT INTO `sys_oper_log` VALUES ('1693235944249430018', '菜单管理', 'UPDATE', 'com.lanf.system.controller.SysMenuController.updateById()', 'POST', 'MANAGE', 'admin', '', '/admin/system/sysMenu/update', '0:0:0:0:0:0:0:1', '{\"select\":false,\"icon\":\"\",\"updateTime\":1692533882574,\"type\":2,\"parentId\":\"1693220558657359874\",\"path\":\"\",\"sortValue\":1,\"component\":\"\",\"parentName\":\"销售管理\",\"isDeleted\":0,\"createTime\":1692533806000,\"param\":{},\"name\":\"销售\",\"perms\":\"bnt.kcSalesRecords.add\",\"id\":\"1693235624777682945\",\"status\":1}', '{\"code\":200,\"message\":\"成功\"}', 1, '', '2023-08-20 20:18:03', '2023-08-20 20:18:03', '2023-08-20 20:18:03', 0);
INSERT INTO `sys_oper_log` VALUES ('1693237866524119041', '菜单管理', 'UPDATE', 'com.lanf.system.controller.SysMenuController.updateById()', 'POST', 'MANAGE', 'admin', '', '/admin/system/sysMenu/update', '0:0:0:0:0:0:0:1', '{\"select\":false,\"icon\":\"\",\"updateTime\":1692534340878,\"type\":2,\"parentId\":\"1693220558657359874\",\"path\":\"\",\"sortValue\":1,\"component\":\"\",\"parentName\":\"销售管理\",\"isDeleted\":0,\"createTime\":1692533806000,\"param\":{},\"name\":\"添加\",\"perms\":\"bnt.kcSalesRecords.add\",\"id\":\"1693235624777682945\",\"status\":1}', '{\"code\":200,\"message\":\"成功\"}', 1, '', '2023-08-20 20:25:41', '2023-08-20 20:25:41', '2023-08-20 20:25:41', 0);
INSERT INTO `sys_oper_log` VALUES ('1693237943388934147', '菜单管理', 'INSERT', 'com.lanf.system.controller.SysMenuController.save()', 'POST', 'MANAGE', 'admin', '', '/admin/system/sysMenu/save', '0:0:0:0:0:0:0:1', '{\"select\":false,\"icon\":\"\",\"updateTime\":1692534359209,\"type\":2,\"parentId\":\"1693221551184875522\",\"path\":\"\",\"sortValue\":1,\"component\":\"\",\"parentName\":\"入库管理\",\"isDeleted\":0,\"createTime\":1692534359209,\"param\":{},\"name\":\"添加\",\"perms\":\"bnt.kcStockRecords.add\",\"id\":\"1693237943388934146\",\"status\":1}', '{\"code\":200,\"message\":\"成功\"}', 1, '', '2023-08-20 20:25:59', '2023-08-20 20:25:59', '2023-08-20 20:25:59', 0);
INSERT INTO `sys_oper_log` VALUES ('1693240540845903874', '代码生成', 'INSERT', 'com.lanf.generator.CodeController.save()', 'POST', 'MANAGE', 'admin', '', '/code/generator/save', '0:0:0:0:0:0:0:1', '{\"tabName\":\"kc_sales_records\",\"genList\":[\"api\",\"vue\",\"po\",\"vo\",\"mapper\",\"xml\",\"service\",\"impl\",\"controller\"],\"author\":\"tanlingfei\",\"ftlPath\":\"F:/basemf-sig/src/main/resources/template\",\"mulList\":[{\"mulSecColum\":\"\",\"mod\":\"pop\",\"data\":\"kc_goods\",\"pageDir\":\"business\",\"modRemark\":\"物品\",\"isMul\":\"\",\"mulMainColum\":\"\",\"where\":\"\",\"mulTable\":\"\",\"value\":\"name\",\"key\":\"id\",\"target\":\"goods_id\"}],\"filePath\":\"F:/project/kcmg/basemf-sig/src/main/\",\"isLazyDept\":\"false\",\"isGenLeftDept\":\"false\",\"password\":\"root\",\"frontPath\":\"F:/project/kcmg/basemf-sig/base-front/src/\",\"connectionURL\":\"jdbc:mysql://localhost:3306/base-kc?characterEncoding=utf-8&useSSL=false&nullCatalogMeansCurrent=true\",\"driverName\":\"com.mysql.cj.jdbc.Driver\",\"genType\":\"0\",\"packageName\":\"com.lanf.business\",\"username\":\"root\"}', '{\"code\":200,\"message\":\"成功\"}', 1, '', '2023-08-20 20:36:18', '2023-08-20 20:36:18', '2023-08-20 20:36:18', 0);
INSERT INTO `sys_oper_log` VALUES ('1693241341014245378', '代码生成', 'INSERT', 'com.lanf.generator.CodeController.save()', 'POST', 'MANAGE', 'admin', '', '/code/generator/save', '0:0:0:0:0:0:0:1', '{\"tabName\":\"kc_stock_records\",\"genList\":[\"api\",\"vue\",\"po\",\"vo\",\"mapper\",\"xml\",\"service\",\"impl\",\"controller\"],\"author\":\"tanlingfei\",\"ftlPath\":\"F:/basemf-sig/src/main/resources/template\",\"mulList\":[{\"mulSecColum\":\"\",\"mod\":\"pop\",\"data\":\"kc_goods\",\"pageDir\":\"business\",\"modRemark\":\"物品\",\"isMul\":\"false\",\"mulMainColum\":\"\",\"where\":\"\",\"mulTable\":\"\",\"value\":\"name\",\"key\":\"id\",\"target\":\"goods_id\"}],\"filePath\":\"F:/project/kcmg/basemf-sig/src/main/\",\"isLazyDept\":\"false\",\"isGenLeftDept\":\"false\",\"password\":\"root\",\"frontPath\":\"F:/project/kcmg/basemf-sig/base-front/src/\",\"connectionURL\":\"jdbc:mysql://localhost:3306/base-kc?characterEncoding=utf-8&useSSL=false&nullCatalogMeansCurrent=true\",\"driverName\":\"com.mysql.cj.jdbc.Driver\",\"genType\":\"0\",\"packageName\":\"com.lanf.business\",\"username\":\"root\"}', '{\"code\":200,\"message\":\"成功\"}', 1, '', '2023-08-20 20:39:29', '2023-08-20 20:39:29', '2023-08-20 20:39:29', 0);
INSERT INTO `sys_oper_log` VALUES ('1693241915432595457', '入库记录表', 'INSERT', 'com.lanf.business.controller.KcStockRecordsController.save()', 'POST', 'MANAGE', 'admin', '', '/business/kcStockRecords/save', '0:0:0:0:0:0:0:1', '{\"isDeleted\":0,\"createTime\":1692535306203,\"param\":{},\"updateTime\":1692535306203,\"id\":\"1693241915369680898\"}', '{\"code\":200,\"message\":\"成功\"}', 1, '', '2023-08-20 20:41:46', '2023-08-20 20:41:46', '2023-08-20 20:41:46', 0);
INSERT INTO `sys_oper_log` VALUES ('1693242092956512259', '菜单管理', 'INSERT', 'com.lanf.system.controller.SysMenuController.save()', 'POST', 'MANAGE', 'admin', '', '/admin/system/sysMenu/save', '0:0:0:0:0:0:0:1', '{\"select\":false,\"icon\":\"\",\"updateTime\":1692535348534,\"type\":2,\"parentId\":\"1693220558657359874\",\"path\":\"\",\"sortValue\":1,\"component\":\"\",\"parentName\":\"销售管理\",\"isDeleted\":0,\"createTime\":1692535348534,\"param\":{},\"name\":\"删除\",\"perms\":\"bnt.kcSalesRecords.remove\",\"id\":\"1693242092956512258\",\"status\":1}', '{\"code\":200,\"message\":\"成功\"}', 1, '', '2023-08-20 20:42:29', '2023-08-20 20:42:29', '2023-08-20 20:42:29', 0);
INSERT INTO `sys_oper_log` VALUES ('1693242190042066945', '菜单管理', 'INSERT', 'com.lanf.system.controller.SysMenuController.save()', 'POST', 'MANAGE', 'admin', '', '/admin/system/sysMenu/save', '0:0:0:0:0:0:0:1', '{\"select\":false,\"icon\":\"\",\"updateTime\":1692535371676,\"type\":2,\"parentId\":\"1693221551184875522\",\"path\":\"\",\"sortValue\":1,\"component\":\"\",\"parentName\":\"入库管理\",\"isDeleted\":0,\"createTime\":1692535371676,\"param\":{},\"name\":\"删除\",\"perms\":\"bnt.kcStockRecords.remove\",\"id\":\"1693242189974958081\",\"status\":1}', '{\"code\":200,\"message\":\"成功\"}', 1, '', '2023-08-20 20:42:52', '2023-08-20 20:42:52', '2023-08-20 20:42:52', 0);
INSERT INTO `sys_oper_log` VALUES ('1693242242751885314', '入库记录表', 'DELETE', 'com.lanf.business.controller.KcStockRecordsController.remove()', 'DELETE', 'MANAGE', 'admin', '', '/business/kcStockRecords/remove/1693241915369680898', '0:0:0:0:0:0:0:1', '', '{\"code\":200,\"message\":\"成功\"}', 1, '', '2023-08-20 20:43:04', '2023-08-20 20:43:04', '2023-08-20 20:43:04', 0);
INSERT INTO `sys_oper_log` VALUES ('1693246096105107457', '物品销售记录表', 'INSERT', 'com.lanf.business.controller.KcSalesRecordsController.save()', 'POST', 'MANAGE', 'admin', '', '/business/kcSalesRecords/save', '0:0:0:0:0:0:0:1', '{\"isDeleted\":0,\"createTime\":1692536302894,\"param\":{},\"updateTime\":1692536302894,\"id\":\"1693246095786340353\"}', '', 0, '\r\n### Error updating database.  Cause: java.sql.SQLException: Field \'goods_id\' doesn\'t have a default value\r\n### The error may exist in com/lanf/business/mapper/KcSalesRecordsMapper.java (best guess)\r\n### The error may involve com.lanf.business.mapper.KcSalesRecordsMapper.insert-Inline\r\n### The error occurred while setting parameters\r\n### SQL: INSERT INTO kc_sales_records  ( id,     create_time, update_time, is_deleted )  VALUES  ( ?,     ?, ?, ? )\r\n### Cause: java.sql.SQLException: Field \'goods_id\' doesn\'t have a default value\n; Field \'goods_id\' doesn\'t have a default value; nested exception is java.sql.SQLException: Field \'goods_id\' doesn\'t have a default value', '2023-08-20 20:58:23', '2023-08-20 20:58:23', '2023-08-20 20:58:23', 0);
INSERT INTO `sys_oper_log` VALUES ('1693252592570298369', '代码生成', 'INSERT', 'com.lanf.generator.CodeController.save()', 'POST', 'MANAGE', 'admin', '', '/code/generator/save', '0:0:0:0:0:0:0:1', '{\"tabName\":\"kc_sales_records\",\"genList\":[\"api\",\"vue\",\"po\",\"vo\",\"mapper\",\"xml\",\"service\",\"impl\",\"controller\"],\"author\":\"tanlingfei\",\"ftlPath\":\"F:/basemf-sig/src/main/resources/template\",\"mulList\":[{\"mulSecColum\":\"\",\"mod\":\"pop\",\"data\":\"kc_goods\",\"pageDir\":\"business\",\"modRemark\":\"物品\",\"isMul\":\"false\",\"mulMainColum\":\"\",\"where\":\"\",\"mulTable\":\"\",\"value\":\"name\",\"key\":\"id\",\"target\":\"goods_id\"}],\"filePath\":\"F:/project/kcmg/basemf-sig/src/main/\",\"isLazyDept\":\"false\",\"isGenLeftDept\":\"false\",\"password\":\"root\",\"frontPath\":\"F:/project/kcmg/basemf-sig/base-front/src/\",\"connectionURL\":\"jdbc:mysql://localhost:3306/base-kc?characterEncoding=utf-8&useSSL=false&nullCatalogMeansCurrent=true\",\"driverName\":\"com.mysql.cj.jdbc.Driver\",\"genType\":\"0\",\"packageName\":\"com.lanf.business\",\"username\":\"root\"}', '{\"code\":200,\"message\":\"成功\"}', 1, '', '2023-08-20 21:24:12', '2023-08-20 21:24:12', '2023-08-20 21:24:12', 0);
INSERT INTO `sys_oper_log` VALUES ('1693253483578900482', '代码生成', 'INSERT', 'com.lanf.generator.CodeController.save()', 'POST', 'MANAGE', 'admin', '', '/code/generator/save', '0:0:0:0:0:0:0:1', '{\"tabName\":\"kc_stock_records\",\"genList\":[\"api\",\"vue\",\"po\",\"vo\",\"mapper\",\"xml\",\"service\",\"impl\",\"controller\"],\"author\":\"tanlingfei\",\"ftlPath\":\"F:/basemf-sig/src/main/resources/template\",\"mulList\":[{\"mulSecColum\":\"\",\"mod\":\"pop\",\"data\":\"kc_goods\",\"pageDir\":\"business\",\"modRemark\":\"物品\",\"isMul\":\"false\",\"mulMainColum\":\"\",\"where\":\"\",\"mulTable\":\"\",\"value\":\"name\",\"key\":\"id\",\"target\":\"goods_id\"}],\"filePath\":\"F:/project/kcmg/basemf-sig/src/main/\",\"isLazyDept\":\"false\",\"isGenLeftDept\":\"false\",\"password\":\"root\",\"frontPath\":\"F:/project/kcmg/basemf-sig/base-front/src/\",\"connectionURL\":\"jdbc:mysql://localhost:3306/base-kc?characterEncoding=utf-8&useSSL=false&nullCatalogMeansCurrent=true\",\"driverName\":\"com.mysql.cj.jdbc.Driver\",\"genType\":\"0\",\"packageName\":\"com.lanf.business\",\"username\":\"root\"}', '{\"code\":200,\"message\":\"成功\"}', 1, '', '2023-08-20 21:27:44', '2023-08-20 21:27:44', '2023-08-20 21:27:44', 0);
INSERT INTO `sys_oper_log` VALUES ('1693270041306963969', '物品表', 'EXPORT', 'com.lanf.business.controller.KcGoodsController.exportUser()', 'GET', 'MANAGE', '', '', '/business/kcGoods/export', '0:0:0:0:0:0:0:1', '', '', 1, '', '2023-08-20 22:33:32', '2023-08-20 22:33:32', '2023-08-20 22:33:32', 0);
INSERT INTO `sys_oper_log` VALUES ('1695816509674864641', '用户管理', 'UPDATE', 'com.lanf.system.controller.SysUserController.updateById()', 'POST', 'MANAGE', 'admin', '', '/admin/system/sysUser/update', '0:0:0:0:0:0:0:1', '{\"updateTime\":1693149137274,\"postId\":\"9\",\"password\":\"96e79218965eb72c92a549dd5a330112\",\"isDeleted\":0,\"createTime\":1682608477000,\"param\":{},\"phone\":\"13800138000\",\"name\":\"珍珍\",\"deptIds\":[\"30\",\"2013\",\"2018\"],\"id\":\"85fcd7e29ce8908e27d63ad6144a8bca\",\"status\":1,\"username\":\"zhenzhen\"}', '{\"code\":200,\"message\":\"成功\"}', 1, '', '2023-08-27 23:12:17', '2023-08-27 23:12:17', '2023-08-27 23:12:17', 0);
INSERT INTO `sys_oper_log` VALUES ('1699828429750894594', '物品表', 'INSERT', 'com.lanf.business.controller.KcGoodsController.save()', 'POST', 'MANAGE', 'admin', '', '/business/kcGoods/save', '0:0:0:0:0:0:0:1', '{\"groupId\":\"1688124483550425090\",\"deptId\":\"1021\",\"description\":\"542543\",\"param\":{},\"price\":44,\"name\":\"545454\"}', '', 0, '', '2023-09-08 00:54:14', '2023-09-08 00:54:14', '2023-09-08 00:54:14', 0);
INSERT INTO `sys_oper_log` VALUES ('1699828724564328450', '物品表', 'INSERT', 'com.lanf.business.controller.KcGoodsController.save()', 'POST', 'MANAGE', 'admin', '', '/business/kcGoods/save', '0:0:0:0:0:0:0:1', '{\"groupId\":\"1688124483550425090,1688124483550425090\",\"deptId\":\"1021,1021\",\"description\":\"542543,542543\",\"param\":{},\"price\":44,\"name\":\"545454,545454\"}', '', 0, '', '2023-09-08 00:55:24', '2023-09-08 00:55:24', '2023-09-08 00:55:24', 0);
INSERT INTO `sys_oper_log` VALUES ('1699828935168679937', '物品表', 'INSERT', 'com.lanf.business.controller.KcGoodsController.save()', 'POST', 'MANAGE', 'admin', '', '/business/kcGoods/save', '0:0:0:0:0:0:0:1', '{\"groupId\":\"1688124483550425090,1688124483550425090,1688124483550425090\",\"deptId\":\"1021,1021,1021\",\"description\":\"542543,542543,542543\",\"param\":{},\"price\":44,\"name\":\"545454,545454,545454\"}', '', 0, '', '2023-09-08 00:56:14', '2023-09-08 00:56:14', '2023-09-08 00:56:14', 0);
INSERT INTO `sys_oper_log` VALUES ('1699830915039567874', '物品表', 'INSERT', 'com.lanf.business.controller.KcGoodsController.save()', 'POST', 'MANAGE', 'admin', '', '/business/kcGoods/save', '0:0:0:0:0:0:0:1', '{\"groupId\":\"1688124483550425090\",\"deptId\":\"1021\",\"description\":\"undefined\",\"param\":{},\"price\":333,\"name\":\"343434\"}', '', 0, '', '2023-09-08 01:04:06', '2023-09-08 01:04:06', '2023-09-08 01:04:06', 0);
INSERT INTO `sys_oper_log` VALUES ('1699832196017778689', '物品表', 'INSERT', 'com.lanf.business.controller.KcGoodsController.save()', 'POST', 'MANAGE', 'admin', '', '/business/kcGoods/save', '0:0:0:0:0:0:0:1', '{\"groupId\":\"undefined\",\"deptId\":\"1020\",\"description\":\"432432\",\"param\":{},\"price\":33,\"name\":\"54523\"}', '', 0, '', '2023-09-08 01:09:12', '2023-09-08 01:09:12', '2023-09-08 01:09:12', 0);
INSERT INTO `sys_oper_log` VALUES ('1699983336358318082', '物品表', 'INSERT', 'com.lanf.business.controller.KcGoodsController.save()', 'POST', 'MANAGE', 'admin', '', '/business/kcGoods/save', '0:0:0:0:0:0:0:1', '{\"groupId\":\"1688124483550425090\",\"deptId\":\"20\",\"description\":\"45354\",\"param\":{},\"price\":44,\"name\":\"54545\"}', '', 0, '', '2023-09-08 11:09:46', '2023-09-08 11:09:46', '2023-09-08 11:09:46', 0);
INSERT INTO `sys_oper_log` VALUES ('1699985921161035777', '物品表', 'INSERT', 'com.lanf.business.controller.KcGoodsController.save()', 'POST', 'MANAGE', 'admin', '', '/business/kcGoods/save', '0:0:0:0:0:0:0:1', '{\"groupId\":\"1688124483550425090\",\"deptId\":\"20\",\"description\":\"5454\",\"param\":{},\"price\":55,\"name\":\"543543\"}', '', 0, '', '2023-09-08 11:20:02', '2023-09-08 11:20:02', '2023-09-08 11:20:02', 0);
INSERT INTO `sys_oper_log` VALUES ('1700046897570955265', '物品表', 'INSERT', 'com.lanf.business.controller.KcGoodsController.save()', 'POST', 'MANAGE', 'admin', '', '/business/kcGoods/save', '0:0:0:0:0:0:0:1', '{\"groupId\":\"1688124483550425090\",\"deptId\":\"20\",\"description\":\"545\",\"param\":{},\"price\":44,\"name\":\"4545\"}', '', 0, '', '2023-09-08 15:22:20', '2023-09-08 15:22:20', '2023-09-08 15:22:20', 0);
INSERT INTO `sys_oper_log` VALUES ('1700050681651015681', '物品表', 'INSERT', 'com.lanf.business.controller.KcGoodsController.save()', 'POST', 'MANAGE', 'admin', '', '/business/kcGoods/save', '0:0:0:0:0:0:0:1', '', '', 0, '', '2023-09-08 15:37:23', '2023-09-08 15:37:23', '2023-09-08 15:37:23', 0);
INSERT INTO `sys_oper_log` VALUES ('1700054481900154881', '物品表', 'INSERT', 'com.lanf.business.controller.KcGoodsController.save()', 'POST', 'MANAGE', 'admin', '', '/business/kcGoods/save', '0:0:0:0:0:0:0:1', '', '', 0, '', '2023-09-08 15:52:29', '2023-09-08 15:52:29', '2023-09-08 15:52:29', 0);
INSERT INTO `sys_oper_log` VALUES ('1700059582266093569', '物品表', 'INSERT', 'com.lanf.business.controller.KcGoodsController.save()', 'POST', 'MANAGE', 'admin', '', '/business/kcGoods/save', '0:0:0:0:0:0:0:1', '', '{\"code\":200,\"message\":\"成功\"}', 1, '', '2023-09-08 16:12:45', '2023-09-08 16:12:45', '2023-09-08 16:12:45', 0);
INSERT INTO `sys_oper_log` VALUES ('1700064343673581569', '物品表', 'INSERT', 'com.lanf.business.controller.KcGoodsController.save()', 'POST', 'MANAGE', 'admin', '', '/business/kcGoods/save', '0:0:0:0:0:0:0:1', '', '{\"code\":200,\"message\":\"成功\"}', 1, '', '2023-09-08 16:31:40', '2023-09-08 16:31:40', '2023-09-08 16:31:40', 0);
INSERT INTO `sys_oper_log` VALUES ('1700067125726023681', '物品表', 'INSERT', 'com.lanf.business.controller.KcGoodsController.save()', 'POST', 'MANAGE', 'admin', '', '/business/kcGoods/save', '0:0:0:0:0:0:0:1', '{\"param\":{}}', '', 0, '', '2023-09-08 16:42:43', '2023-09-08 16:42:43', '2023-09-08 16:42:43', 0);
INSERT INTO `sys_oper_log` VALUES ('1700068531782553601', '物品表', 'INSERT', 'com.lanf.business.controller.KcGoodsController.save()', 'POST', 'MANAGE', 'admin', '', '/business/kcGoods/save', '0:0:0:0:0:0:0:1', '', '{\"code\":200,\"message\":\"成功\"}', 1, '', '2023-09-08 16:48:18', '2023-09-08 16:48:18', '2023-09-08 16:48:18', 0);
INSERT INTO `sys_oper_log` VALUES ('1700556682631409666', '物品表', 'INSERT', 'com.lanf.business.controller.KcGoodsController.save()', 'POST', 'MANAGE', 'admin', '', '/business/kcGoods/save', '0:0:0:0:0:0:0:1', '', '', 0, '上传文件失败', '2023-09-10 01:08:03', '2023-09-10 01:08:03', '2023-09-10 01:08:03', 0);
INSERT INTO `sys_oper_log` VALUES ('1700556973451866114', '物品表', 'INSERT', 'com.lanf.business.controller.KcGoodsController.save()', 'POST', 'MANAGE', 'admin', '', '/business/kcGoods/save', '0:0:0:0:0:0:0:1', '', '', 0, '上传文件失败', '2023-09-10 01:09:12', '2023-09-10 01:09:12', '2023-09-10 01:09:12', 0);
INSERT INTO `sys_oper_log` VALUES ('1700558430834094082', '物品表', 'INSERT', 'com.lanf.business.controller.KcGoodsController.save()', 'POST', 'MANAGE', 'admin', '', '/business/kcGoods/save', '0:0:0:0:0:0:0:1', '', '', 0, '上传文件失败', '2023-09-10 01:14:59', '2023-09-10 01:14:59', '2023-09-10 01:14:59', 0);
INSERT INTO `sys_oper_log` VALUES ('1700560122464006146', '物品表', 'INSERT', 'com.lanf.business.controller.KcGoodsController.save()', 'POST', 'MANAGE', 'admin', '', '/business/kcGoods/save', '0:0:0:0:0:0:0:1', '', '', 0, '\r\n### Error updating database.  Cause: java.sql.SQLException: Field \'quantity\' doesn\'t have a default value\r\n### The error may exist in com/lanf/business/mapper/KcGoodsMapper.java (best guess)\r\n### The error may involve com.lanf.business.mapper.KcGoodsMapper.insert-Inline\r\n### The error occurred while setting parameters\r\n### SQL: INSERT INTO kc_goods  ( id, dept_id, group_id, name, description, price,  logo,  create_time, update_time, is_deleted )  VALUES  ( ?, ?, ?, ?, ?, ?,  ?,  ?, ?, ? )\r\n### Cause: java.sql.SQLException: Field \'quantity\' doesn\'t have a default value\n; Field \'quantity\' doesn\'t have a default value; nested exception is java.sql.SQLException: Field \'quantity\' doesn\'t have a default value', '2023-09-10 01:21:43', '2023-09-10 01:21:43', '2023-09-10 01:21:43', 0);
INSERT INTO `sys_oper_log` VALUES ('1700560505718534146', '物品表', 'INSERT', 'com.lanf.business.controller.KcGoodsController.save()', 'POST', 'MANAGE', 'admin', '', '/business/kcGoods/save', '0:0:0:0:0:0:0:1', '', '{\"code\":200,\"message\":\"成功\"}', 1, '', '2023-09-10 01:23:14', '2023-09-10 01:23:14', '2023-09-10 01:23:14', 0);
INSERT INTO `sys_oper_log` VALUES ('1700566685425688577', '物品表', 'DELETE', 'com.lanf.business.controller.KcGoodsController.remove()', 'DELETE', 'MANAGE', 'admin', '', '/business/kcGoods/remove/1700560505647230977', '0:0:0:0:0:0:0:1', '', '{\"code\":200,\"message\":\"成功\"}', 1, '', '2023-09-10 01:47:47', '2023-09-10 01:47:47', '2023-09-10 01:47:47', 0);
INSERT INTO `sys_oper_log` VALUES ('1700566858331676673', '物品表', 'INSERT', 'com.lanf.business.controller.KcGoodsController.save()', 'POST', 'MANAGE', 'admin', '', '/business/kcGoods/save', '0:0:0:0:0:0:0:1', '', '{\"code\":200,\"message\":\"成功\"}', 1, '', '2023-09-10 01:48:29', '2023-09-10 01:48:29', '2023-09-10 01:48:29', 0);
INSERT INTO `sys_oper_log` VALUES ('1700571722495381505', '物品表', 'UPDATE', 'com.lanf.business.controller.KcGoodsController.updateById()', 'PUT', 'MANAGE', 'admin', '', '/business/kcGoods/update', '0:0:0:0:0:0:0:1', '{\"param\":{}}', '', 0, '', '2023-09-10 02:07:48', '2023-09-10 02:07:48', '2023-09-10 02:07:48', 0);
INSERT INTO `sys_oper_log` VALUES ('1700590081605718018', '物品表', 'UPDATE', 'com.lanf.business.controller.KcGoodsController.updateById()', 'PUT', 'MANAGE', 'admin', '', '/business/kcGoods/update', '0:0:0:0:0:0:0:1', '{\"updateTime\":1694287245542,\"param\":{}}', '{\"code\":200,\"message\":\"成功\"}', 1, '', '2023-09-10 03:20:46', '2023-09-10 03:20:46', '2023-09-10 03:20:46', 0);
INSERT INTO `sys_oper_log` VALUES ('1700590212358950914', '物品表', 'INSERT', 'com.lanf.business.controller.KcGoodsController.save()', 'POST', 'MANAGE', 'admin', '', '/business/kcGoods/save', '0:0:0:0:0:0:0:1', '', '{\"code\":200,\"message\":\"成功\"}', 1, '', '2023-09-10 03:21:17', '2023-09-10 03:21:17', '2023-09-10 03:21:17', 0);
INSERT INTO `sys_oper_log` VALUES ('1700591003526320131', '物品表', 'INSERT', 'com.lanf.business.controller.KcGoodsController.save()', 'POST', 'MANAGE', 'admin', '', '/business/kcGoods/save', '0:0:0:0:0:0:0:1', '', '{\"code\":200,\"message\":\"成功\"}', 1, '', '2023-09-10 03:24:25', '2023-09-10 03:24:25', '2023-09-10 03:24:25', 0);
INSERT INTO `sys_oper_log` VALUES ('1700748291406921729', '物品表', 'INSERT', 'com.lanf.business.controller.KcGoodsController.save()', 'POST', 'MANAGE', 'admin', '', '/business/kcGoods/save', '0:0:0:0:0:0:0:1', '{\"groupId\":\"undefined\",\"deptId\":\"1022\",\"description\":\"666\",\"updateTime\":1694324965682,\"isDeleted\":0,\"createTime\":1694324965682,\"param\":{},\"price\":9999,\"name\":\"4444\",\"id\":\"1700748291276898305\"}', '{\"code\":200,\"message\":\"成功\"}', 1, '', '2023-09-10 13:49:26', '2023-09-10 13:49:26', '2023-09-10 13:49:26', 0);
INSERT INTO `sys_oper_log` VALUES ('1700749473659584513', '物品表', 'INSERT', 'com.lanf.business.controller.KcGoodsController.save()', 'POST', 'MANAGE', 'admin', '', '/business/kcGoods/save', '0:0:0:0:0:0:0:1', '{\"groupId\":\"1688124483550425090\",\"deptId\":\"2017\",\"description\":\"undefined\",\"updateTime\":1694325247559,\"isDeleted\":0,\"createTime\":1694325247559,\"param\":{},\"price\":88,\"name\":\"1010\",\"id\":\"1700749473584087041\"}', '{\"code\":200,\"message\":\"成功\"}', 1, '', '2023-09-10 13:54:08', '2023-09-10 13:54:08', '2023-09-10 13:54:08', 0);
INSERT INTO `sys_oper_log` VALUES ('1700765738558128130', '物品表', 'INSERT', 'com.lanf.business.controller.KcGoodsController.save()', 'POST', 'MANAGE', 'admin', '', '/business/kcGoods/save', '0:0:0:0:0:0:0:1', '{\"groupId\":\"undefined\",\"deptId\":\"20\",\"description\":\"undefined\",\"updateTime\":1694329125421,\"isDeleted\":0,\"createTime\":1694329125421,\"param\":{},\"price\":88,\"name\":\"54545\",\"id\":\"1700765738495213570\"}', '{\"code\":200,\"message\":\"成功\"}', 1, '', '2023-09-10 14:58:45', '2023-09-10 14:58:45', '2023-09-10 14:58:45', 0);
INSERT INTO `sys_oper_log` VALUES ('1700766841223872513', '物品表', 'DELETE', 'com.lanf.business.controller.KcGoodsController.remove()', 'DELETE', 'MANAGE', 'admin', '', '/business/kcGoods/remove/1700765738495213570', '0:0:0:0:0:0:0:1', '', '{\"code\":200,\"message\":\"成功\"}', 1, '', '2023-09-10 15:03:08', '2023-09-10 15:03:08', '2023-09-10 15:03:08', 0);
INSERT INTO `sys_oper_log` VALUES ('1700766856893792258', '物品表', 'DELETE', 'com.lanf.business.controller.KcGoodsController.remove()', 'DELETE', 'MANAGE', 'admin', '', '/business/kcGoods/remove/1700748291276898305', '0:0:0:0:0:0:0:1', '', '{\"code\":200,\"message\":\"成功\"}', 1, '', '2023-09-10 15:03:12', '2023-09-10 15:03:12', '2023-09-10 15:03:12', 0);
INSERT INTO `sys_oper_log` VALUES ('1700768594526830593', '物品表', 'INSERT', 'com.lanf.business.controller.KcGoodsController.save()', 'POST', 'MANAGE', 'admin', '', '/business/kcGoods/save', '0:0:0:0:0:0:0:1', '', '{\"code\":200,\"message\":\"成功\"}', 1, '', '2023-09-10 15:10:06', '2023-09-10 15:10:06', '2023-09-10 15:10:06', 0);
INSERT INTO `sys_oper_log` VALUES ('1700785054150131714', '物品表', 'INSERT', 'com.lanf.business.controller.KcGoodsController.save()', 'POST', 'MANAGE', 'admin', '', '/business/kcGoods/save', '0:0:0:0:0:0:0:1', '', '{\"code\":200,\"message\":\"成功\"}', 1, '', '2023-09-10 16:15:31', '2023-09-10 16:15:31', '2023-09-10 16:15:31', 0);
INSERT INTO `sys_oper_log` VALUES ('1700787759035809794', '物品表', 'DELETE', 'com.lanf.business.controller.KcGoodsController.remove()', 'DELETE', 'MANAGE', 'admin', '', '/business/kcGoods/remove/1700749473584087041', '0:0:0:0:0:0:0:1', '', '{\"code\":200,\"message\":\"成功\"}', 1, '', '2023-09-10 16:26:16', '2023-09-10 16:26:16', '2023-09-10 16:26:16', 0);
INSERT INTO `sys_oper_log` VALUES ('1700787863536893954', '物品表', 'INSERT', 'com.lanf.business.controller.KcGoodsController.save()', 'POST', 'MANAGE', 'admin', '', '/business/kcGoods/save', '0:0:0:0:0:0:0:1', '', '{\"code\":200,\"message\":\"成功\"}', 1, '', '2023-09-10 16:26:40', '2023-09-10 16:26:40', '2023-09-10 16:26:40', 0);
INSERT INTO `sys_oper_log` VALUES ('1700787944516321281', '物品表', 'UPDATE', 'com.lanf.business.controller.KcGoodsController.updateById()', 'PUT', 'MANAGE', 'admin', '', '/business/kcGoods/update', '0:0:0:0:0:0:0:1', '{\"updateTime\":1694334419742,\"param\":{}}', '{\"code\":200,\"message\":\"成功\"}', 1, '', '2023-09-10 16:27:00', '2023-09-10 16:27:00', '2023-09-10 16:27:00', 0);
INSERT INTO `sys_oper_log` VALUES ('1700791587432923138', '物品表', 'INSERT', 'com.lanf.business.controller.KcGoodsController.save()', 'POST', 'MANAGE', 'admin', '', '/business/kcGoods/save', '0:0:0:0:0:0:0:1', '', '{\"code\":200,\"message\":\"成功\"}', 1, '', '2023-09-10 16:41:28', '2023-09-10 16:41:28', '2023-09-10 16:41:28', 0);
INSERT INTO `sys_oper_log` VALUES ('1700880498167480321', '物品表', 'UPDATE', 'com.lanf.business.controller.KcGoodsController.updateById()', 'PUT', 'MANAGE', 'admin', '', '/business/kcGoods/update', '0:0:0:0:0:0:0:1', '{\"updateTime\":1694356486247,\"param\":{}}', '{\"code\":200,\"message\":\"成功\"}', 1, '', '2023-09-10 22:34:46', '2023-09-10 22:34:46', '2023-09-10 22:34:46', 0);
INSERT INTO `sys_oper_log` VALUES ('1700880988787802114', '物品表', 'UPDATE', 'com.lanf.business.controller.KcGoodsController.updateById()', 'PUT', 'MANAGE', 'admin', '', '/business/kcGoods/update', '0:0:0:0:0:0:0:1', '{\"updateTime\":1694356603236,\"param\":{}}', '{\"code\":200,\"message\":\"成功\"}', 1, '', '2023-09-10 22:36:43', '2023-09-10 22:36:43', '2023-09-10 22:36:43', 0);
INSERT INTO `sys_oper_log` VALUES ('1700881667124199426', '物品表', 'UPDATE', 'com.lanf.business.controller.KcGoodsController.updateById()', 'PUT', 'MANAGE', 'admin', '', '/business/kcGoods/update', '0:0:0:0:0:0:0:1', '{\"updateTime\":1694356764953,\"param\":{}}', '{\"code\":200,\"message\":\"成功\"}', 1, '', '2023-09-10 22:39:25', '2023-09-10 22:39:25', '2023-09-10 22:39:25', 0);
INSERT INTO `sys_oper_log` VALUES ('1700881817070567425', '物品表', 'UPDATE', 'com.lanf.business.controller.KcGoodsController.updateById()', 'PUT', 'MANAGE', 'admin', '', '/business/kcGoods/update', '0:0:0:0:0:0:0:1', '{\"updateTime\":1694356800713,\"param\":{}}', '{\"code\":200,\"message\":\"成功\"}', 1, '', '2023-09-10 22:40:01', '2023-09-10 22:40:01', '2023-09-10 22:40:01', 0);
INSERT INTO `sys_oper_log` VALUES ('1700885543621591042', '物品表', 'UPDATE', 'com.lanf.business.controller.KcGoodsController.updateById()', 'PUT', 'MANAGE', 'admin', '', '/business/kcGoods/update', '0:0:0:0:0:0:0:1', '{\"groupId\":\"1688124483550425090\",\"deptId\":\"10\",\"description\":\"undefined\",\"updateTime\":1694357689191,\"param\":{},\"price\":44,\"name\":\"fdfdfdf\"}', '{\"code\":200,\"message\":\"成功\"}', 1, '', '2023-09-10 22:54:49', '2023-09-10 22:54:49', '2023-09-10 22:54:49', 0);
INSERT INTO `sys_oper_log` VALUES ('1700890602782687233', '物品表', 'UPDATE', 'com.lanf.business.controller.KcGoodsController.updateById()', 'PUT', 'MANAGE', 'admin', '', '/business/kcGoods/update', '0:0:0:0:0:0:0:1', '{\"groupId\":\"1688124483550425090\",\"deptId\":\"30\",\"description\":\"43434\",\"updateTime\":1694358895390,\"param\":{},\"price\":333,\"name\":\"434343\"}', '{\"code\":200,\"message\":\"成功\"}', 1, '', '2023-09-10 23:14:55', '2023-09-10 23:14:55', '2023-09-10 23:14:55', 0);
INSERT INTO `sys_oper_log` VALUES ('1700891614146822145', '物品表', 'UPDATE', 'com.lanf.business.controller.KcGoodsController.updateById()', 'PUT', 'MANAGE', 'admin', '', '/business/kcGoods/update', '0:0:0:0:0:0:0:1', '{\"groupId\":\"1688124483550425090\",\"deptId\":\"20\",\"description\":\"rerer\",\"updateTime\":1694359136514,\"param\":{},\"price\":555,\"name\":\"rererer\"}', '{\"code\":200,\"message\":\"成功\"}', 1, '', '2023-09-10 23:18:57', '2023-09-10 23:18:57', '2023-09-10 23:18:57', 0);
INSERT INTO `sys_oper_log` VALUES ('1700891662276460546', '物品表', 'UPDATE', 'com.lanf.business.controller.KcGoodsController.updateById()', 'PUT', 'MANAGE', 'admin', '', '/business/kcGoods/update', '0:0:0:0:0:0:0:1', '', '{\"code\":200,\"message\":\"成功\"}', 1, '', '2023-09-10 23:19:08', '2023-09-10 23:19:08', '2023-09-10 23:19:08', 0);
INSERT INTO `sys_oper_log` VALUES ('1700891819256676353', '物品表', 'UPDATE', 'com.lanf.business.controller.KcGoodsController.updateById()', 'PUT', 'MANAGE', 'admin', '', '/business/kcGoods/update', '0:0:0:0:0:0:0:1', '', '{\"code\":200,\"message\":\"成功\"}', 1, '', '2023-09-10 23:19:45', '2023-09-10 23:19:45', '2023-09-10 23:19:45', 0);
INSERT INTO `sys_oper_log` VALUES ('1700893501763977218', '物品表', 'UPDATE', 'com.lanf.business.controller.KcGoodsController.updateById()', 'PUT', 'MANAGE', 'admin', '', '/business/kcGoods/update', '0:0:0:0:0:0:0:1', '{\"groupId\":\"1688124483550425090\",\"deptId\":\"30\",\"description\":\"43434\",\"updateTime\":1694359586553,\"param\":{},\"price\":333,\"name\":\"434343\"}', '{\"code\":200,\"message\":\"成功\"}', 1, '', '2023-09-10 23:26:27', '2023-09-10 23:26:27', '2023-09-10 23:26:27', 0);
INSERT INTO `sys_oper_log` VALUES ('1700893551277735937', '物品表', 'UPDATE', 'com.lanf.business.controller.KcGoodsController.updateById()', 'PUT', 'MANAGE', 'admin', '', '/business/kcGoods/update', '0:0:0:0:0:0:0:1', '', '{\"code\":200,\"message\":\"成功\"}', 1, '', '2023-09-10 23:26:38', '2023-09-10 23:26:38', '2023-09-10 23:26:38', 0);
INSERT INTO `sys_oper_log` VALUES ('1700893925124440065', '物品表', 'UPDATE', 'com.lanf.business.controller.KcGoodsController.updateById()', 'PUT', 'MANAGE', 'admin', '', '/business/kcGoods/update', '0:0:0:0:0:0:0:1', '', '{\"code\":200,\"message\":\"成功\"}', 1, '', '2023-09-10 23:28:07', '2023-09-10 23:28:07', '2023-09-10 23:28:07', 0);
INSERT INTO `sys_oper_log` VALUES ('1700894103801790466', '物品表', 'UPDATE', 'com.lanf.business.controller.KcGoodsController.updateById()', 'PUT', 'MANAGE', 'admin', '', '/business/kcGoods/update', '0:0:0:0:0:0:0:1', '', '{\"code\":200,\"message\":\"成功\"}', 1, '', '2023-09-10 23:28:50', '2023-09-10 23:28:50', '2023-09-10 23:28:50', 0);
INSERT INTO `sys_oper_log` VALUES ('1700898980938481665', '物品表', 'UPDATE', 'com.lanf.business.controller.KcGoodsController.updateById()', 'PUT', 'MANAGE', 'admin', '', '/business/kcGoods/update', '0:0:0:0:0:0:0:1', '', '{\"code\":200,\"message\":\"成功\"}', 1, '', '2023-09-10 23:48:13', '2023-09-10 23:48:13', '2023-09-10 23:48:13', 0);
INSERT INTO `sys_oper_log` VALUES ('1700899032327094273', '物品表', 'UPDATE', 'com.lanf.business.controller.KcGoodsController.updateById()', 'PUT', 'MANAGE', 'admin', '', '/business/kcGoods/update', '0:0:0:0:0:0:0:1', '', '{\"code\":200,\"message\":\"成功\"}', 1, '', '2023-09-10 23:48:25', '2023-09-10 23:48:25', '2023-09-10 23:48:25', 0);
INSERT INTO `sys_oper_log` VALUES ('1700899556451516418', '物品表', 'UPDATE', 'com.lanf.business.controller.KcGoodsController.updateById()', 'PUT', 'MANAGE', 'admin', '', '/business/kcGoods/update', '0:0:0:0:0:0:0:1', '', '{\"code\":200,\"message\":\"成功\"}', 1, '', '2023-09-10 23:50:30', '2023-09-10 23:50:30', '2023-09-10 23:50:30', 0);
INSERT INTO `sys_oper_log` VALUES ('1700900267084054529', '物品表', 'UPDATE', 'com.lanf.business.controller.KcGoodsController.updateById()', 'PUT', 'MANAGE', 'admin', '', '/business/kcGoods/update', '0:0:0:0:0:0:0:1', '', '{\"code\":200,\"message\":\"成功\"}', 1, '', '2023-09-10 23:53:20', '2023-09-10 23:53:20', '2023-09-10 23:53:20', 0);
INSERT INTO `sys_oper_log` VALUES ('1700900838079823874', '物品表', 'UPDATE', 'com.lanf.business.controller.KcGoodsController.updateById()', 'PUT', 'MANAGE', 'admin', '', '/business/kcGoods/update', '0:0:0:0:0:0:0:1', '', '{\"code\":200,\"message\":\"成功\"}', 1, '', '2023-09-10 23:55:36', '2023-09-10 23:55:36', '2023-09-10 23:55:36', 0);
INSERT INTO `sys_oper_log` VALUES ('1700900961664991233', '物品表', 'UPDATE', 'com.lanf.business.controller.KcGoodsController.updateById()', 'PUT', 'MANAGE', 'admin', '', '/business/kcGoods/update', '0:0:0:0:0:0:0:1', '{\"groupId\":\"1688124483550425090\",\"deptId\":\"20\",\"description\":\"rerer\",\"updateTime\":1694361365140,\"param\":{},\"price\":555,\"name\":\"rererer99\"}', '{\"code\":200,\"message\":\"成功\"}', 1, '', '2023-09-10 23:56:05', '2023-09-10 23:56:05', '2023-09-10 23:56:05', 0);
INSERT INTO `sys_oper_log` VALUES ('1700902870287220738', '物品表', 'UPDATE', 'com.lanf.business.controller.KcGoodsController.updateById()', 'PUT', 'MANAGE', 'admin', '', '/business/kcGoods/update', '0:0:0:0:0:0:0:1', '', '{\"code\":200,\"message\":\"成功\"}', 1, '', '2023-09-11 00:03:40', '2023-09-11 00:03:40', '2023-09-11 00:03:40', 0);
INSERT INTO `sys_oper_log` VALUES ('1700916853606023169', '物品表', 'UPDATE', 'com.lanf.business.controller.KcGoodsController.updateById()', 'PUT', 'MANAGE', 'admin', '', '/business/kcGoods/update', '0:0:0:0:0:0:0:1', '{\"groupId\":\"1688124483550425090\",\"deptId\":\"10\",\"description\":\"7777\",\"updateTime\":1694365154062,\"param\":{},\"price\":7777,\"name\":\"台式主机88\",\"id\":\"1700785054087217153\"}', '{\"code\":200,\"message\":\"成功\"}', 1, '', '2023-09-11 00:59:14', '2023-09-11 00:59:14', '2023-09-11 00:59:14', 0);
INSERT INTO `sys_oper_log` VALUES ('1700923551188090882', '物品分组表', 'EXPORT', 'com.lanf.business.controller.KcGsGroupController.exportUser()', 'GET', 'MANAGE', '', '', '/business/kcGsGroup/export', '0:0:0:0:0:0:0:1', '', '', 1, '', '2023-09-11 01:25:51', '2023-09-11 01:25:51', '2023-09-11 01:25:51', 0);
INSERT INTO `sys_oper_log` VALUES ('1701519550693572610', '物品销售记录表', 'INSERT', 'com.lanf.business.controller.KcSalesRecordsController.save()', 'POST', 'MANAGE', 'admin', '', '/business/kcSalesRecords/save', '0:0:0:0:0:0:0:1', '{\"saleTime\":1694448000000,\"sumPrice\":5,\"isDeleted\":0,\"createTime\":1694508848203,\"param\":{},\"goodsId\":\"1700791587432923137\",\"price\":6,\"updateTime\":1694508848203,\"id\":\"1701519550504828929\",\"saleNum\":6}', '', 0, '物品库存数量不够，无法销售', '2023-09-12 16:54:08', '2023-09-12 16:54:08', '2023-09-12 16:54:08', 0);
INSERT INTO `sys_oper_log` VALUES ('1701520492159627266', '物品销售记录表', 'INSERT', 'com.lanf.business.controller.KcSalesRecordsController.save()', 'POST', 'MANAGE', 'admin', '', '/business/kcSalesRecords/save', '0:0:0:0:0:0:0:1', '{\"saleTime\":1694509065000,\"sumPrice\":6,\"isDeleted\":0,\"createTime\":1694509072672,\"param\":{},\"goodsId\":\"1700785054087217153\",\"price\":4,\"updateTime\":1694509072673,\"id\":\"1701520492004438017\",\"saleNum\":4}', '', 0, '物品库存数量不够，无法销售', '2023-09-12 16:57:53', '2023-09-12 16:57:53', '2023-09-12 16:57:53', 0);
INSERT INTO `sys_oper_log` VALUES ('1701520513802235907', '物品销售记录表', 'INSERT', 'com.lanf.business.controller.KcSalesRecordsController.save()', 'POST', 'MANAGE', 'admin', '', '/business/kcSalesRecords/save', '0:0:0:0:0:0:0:1', '{\"saleTime\":1694509065000,\"sumPrice\":6,\"isDeleted\":0,\"createTime\":1694509077871,\"param\":{},\"goodsId\":\"1700785054087217153\",\"price\":4,\"updateTime\":1694509077871,\"id\":\"1701520513802235906\",\"saleNum\":4}', '', 0, '物品库存数量不够，无法销售', '2023-09-12 16:57:58', '2023-09-12 16:57:58', '2023-09-12 16:57:58', 0);
INSERT INTO `sys_oper_log` VALUES ('1701520545234350081', '物品销售记录表', 'INSERT', 'com.lanf.business.controller.KcSalesRecordsController.save()', 'POST', 'MANAGE', 'admin', '', '/business/kcSalesRecords/save', '0:0:0:0:0:0:0:1', '{\"saleTime\":1694509065000,\"sumPrice\":6,\"isDeleted\":0,\"createTime\":1694509085357,\"param\":{},\"goodsId\":\"1700785054087217153\",\"price\":4,\"updateTime\":1694509085357,\"id\":\"1701520545163046914\",\"saleNum\":4}', '', 0, '物品库存数量不够，无法销售', '2023-09-12 16:58:05', '2023-09-12 16:58:05', '2023-09-12 16:58:05', 0);
INSERT INTO `sys_oper_log` VALUES ('1701520898658988033', '菜单管理', 'UPDATE', 'com.lanf.system.controller.SysMenuController.updateById()', 'POST', 'MANAGE', 'admin', '', '/admin/system/sysMenu/update', '0:0:0:0:0:0:0:1', '{\"select\":false,\"icon\":\"el-icon-s-tools\",\"updateTime\":1694509169608,\"type\":1,\"parentId\":\"1688123213473230850\",\"path\":\"sales\",\"sortValue\":3,\"component\":\"pages/business/kcSalesRecords\",\"parentName\":\"库存管理\",\"isDeleted\":0,\"createTime\":1692530214000,\"param\":{},\"name\":\"物品销售\",\"perms\":\"\",\"id\":\"1693220558657359874\",\"status\":1}', '{\"code\":200,\"message\":\"成功\"}', 1, '', '2023-09-12 16:59:30', '2023-09-12 16:59:30', '2023-09-12 16:59:30', 0);
INSERT INTO `sys_oper_log` VALUES ('1701520946369196034', '菜单管理', 'UPDATE', 'com.lanf.system.controller.SysMenuController.updateById()', 'POST', 'MANAGE', 'admin', '', '/admin/system/sysMenu/update', '0:0:0:0:0:0:0:1', '{\"select\":false,\"icon\":\"el-icon-s-tools\",\"updateTime\":1694509180996,\"type\":1,\"parentId\":\"1688123213473230850\",\"path\":\"stock\",\"sortValue\":4,\"component\":\"pages/business/kcStockRecords\",\"parentName\":\"库存管理\",\"isDeleted\":0,\"createTime\":1692530451000,\"param\":{},\"name\":\"物品入库\",\"perms\":\"\",\"id\":\"1693221551184875522\",\"status\":1}', '{\"code\":200,\"message\":\"成功\"}', 1, '', '2023-09-12 16:59:41', '2023-09-12 16:59:41', '2023-09-12 16:59:41', 0);
INSERT INTO `sys_oper_log` VALUES ('1701596418271612930', '入库记录表', 'INSERT', 'com.lanf.business.controller.KcStockRecordsController.save()', 'POST', 'MANAGE', 'admin', '', '/business/kcStockRecords/save', '0:0:0:0:0:0:0:1', '{\"quantity\":5,\"sumPrice\":25,\"isDeleted\":0,\"createTime\":1694527174883,\"param\":{},\"goodsId\":\"1700785054087217153\",\"price\":5,\"stockDate\":1694527170000,\"updateTime\":1694527174883,\"id\":\"1701596418141589505\"}', '{\"code\":200,\"message\":\"成功\"}', 1, '', '2023-09-12 21:59:35', '2023-09-12 21:59:35', '2023-09-12 21:59:35', 0);
INSERT INTO `sys_oper_log` VALUES ('1701600574088679425', '入库记录表', 'INSERT', 'com.lanf.business.controller.KcStockRecordsController.save()', 'POST', 'MANAGE', 'admin', '', '/business/kcStockRecords/save', '0:0:0:0:0:0:0:1', '{\"quantity\":7,\"sumPrice\":42,\"isDeleted\":0,\"createTime\":1694528165724,\"param\":{},\"goodsId\":\"1700785054087217153\",\"price\":6,\"stockDate\":1694528128000,\"updateTime\":1694528165724,\"id\":\"1701600574017376258\"}', '{\"code\":200,\"message\":\"成功\"}', 1, '', '2023-09-12 22:16:06', '2023-09-12 22:16:06', '2023-09-12 22:16:06', 0);
INSERT INTO `sys_oper_log` VALUES ('1701611283765903362', '入库记录表', 'DELETE', 'com.lanf.business.controller.KcStockRecordsController.remove()', 'DELETE', 'MANAGE', 'admin', '', '/business/kcStockRecords/remove/1701600574017376258', '0:0:0:0:0:0:0:1', '', '{\"code\":200,\"message\":\"成功\"}', 1, '', '2023-09-12 22:58:39', '2023-09-12 22:58:39', '2023-09-12 22:58:39', 0);
INSERT INTO `sys_oper_log` VALUES ('1701611293337305090', '入库记录表', 'DELETE', 'com.lanf.business.controller.KcStockRecordsController.remove()', 'DELETE', 'MANAGE', 'admin', '', '/business/kcStockRecords/remove/1701596418141589505', '0:0:0:0:0:0:0:1', '', '{\"code\":200,\"message\":\"成功\"}', 1, '', '2023-09-12 22:58:41', '2023-09-12 22:58:41', '2023-09-12 22:58:41', 0);
INSERT INTO `sys_oper_log` VALUES ('1701611486573084673', '入库记录表', 'INSERT', 'com.lanf.business.controller.KcStockRecordsController.save()', 'POST', 'MANAGE', 'admin', '', '/business/kcStockRecords/save', '0:0:0:0:0:0:0:1', '{\"quantity\":7,\"sumPrice\":49,\"isDeleted\":0,\"createTime\":1694530767451,\"param\":{},\"goodsId\":\"1700785054087217153\",\"price\":7,\"stockDate\":1694530762000,\"updateTime\":1694530767451,\"id\":\"1701611486443061249\"}', '{\"code\":200,\"message\":\"成功\"}', 1, '', '2023-09-12 22:59:27', '2023-09-12 22:59:27', '2023-09-12 22:59:27', 0);
INSERT INTO `sys_oper_log` VALUES ('1701630637286961154', '物品分组表', 'UPDATE', 'com.lanf.business.controller.KcGsGroupController.updateById()', 'PUT', 'MANAGE', 'admin', '', '/business/kcGsGroup/update', '0:0:0:0:0:0:0:1', '{\"isDeleted\":0,\"createTime\":1691315215000,\"param\":{},\"name\":\"办公用品\",\"updateTime\":1694535333316,\"id\":\"1688124483550425090\"}', '{\"code\":200,\"message\":\"成功\"}', 1, '', '2023-09-13 00:15:33', '2023-09-13 00:15:33', '2023-09-13 00:15:33', 0);
INSERT INTO `sys_oper_log` VALUES ('1701630736436113410', '物品表', 'UPDATE', 'com.lanf.business.controller.KcGoodsController.updateById()', 'PUT', 'MANAGE', 'admin', '', '/business/kcGoods/update', '0:0:0:0:0:0:0:1', '{\"groupId\":\"1688124483550425090\",\"deptId\":\"10\",\"description\":\"7777\",\"updateTime\":1694535356983,\"param\":{},\"price\":7777,\"name\":\"台式主机88\",\"id\":\"1700785054087217153\"}', '{\"code\":200,\"message\":\"成功\"}', 1, '', '2023-09-13 00:15:57', '2023-09-13 00:15:57', '2023-09-13 00:15:57', 0);
INSERT INTO `sys_oper_log` VALUES ('1701630833156763649', '物品表', 'UPDATE', 'com.lanf.business.controller.KcGoodsController.updateById()', 'PUT', 'MANAGE', 'admin', '', '/business/kcGoods/update', '0:0:0:0:0:0:0:1', '{\"groupId\":\"1688124483550425090\",\"deptId\":\"10\",\"description\":\"7777\",\"updateTime\":1694535380055,\"param\":{},\"price\":7777,\"name\":\"台式主机88\",\"id\":\"1700785054087217153\"}', '{\"code\":200,\"message\":\"成功\"}', 1, '', '2023-09-13 00:16:20', '2023-09-13 00:16:20', '2023-09-13 00:16:20', 0);
INSERT INTO `sys_oper_log` VALUES ('1701631023318118402', '物品表', 'UPDATE', 'com.lanf.business.controller.KcGoodsController.updateById()', 'PUT', 'MANAGE', 'admin', '', '/business/kcGoods/update', '0:0:0:0:0:0:0:1', '{\"groupId\":\"1688124483550425090\",\"deptId\":\"20\",\"description\":\"rerer\",\"updateTime\":1694535425388,\"param\":{},\"price\":555,\"name\":\"rererer\",\"id\":\"1700787863469785089\"}', '{\"code\":200,\"message\":\"成功\"}', 1, '', '2023-09-13 00:17:05', '2023-09-13 00:17:05', '2023-09-13 00:17:05', 0);
INSERT INTO `sys_oper_log` VALUES ('1701631404970422273', '物品表', 'UPDATE', 'com.lanf.business.controller.KcGoodsController.updateById()', 'PUT', 'MANAGE', 'admin', '', '/business/kcGoods/update', '0:0:0:0:0:0:0:1', '{\"groupId\":\"1688124483550425090\",\"deptId\":\"30\",\"description\":\"43434\",\"updateTime\":1694535516386,\"param\":{},\"price\":333,\"name\":\"434343\",\"id\":\"1700791587432923137\"}', '{\"code\":200,\"message\":\"成功\"}', 1, '', '2023-09-13 00:18:36', '2023-09-13 00:18:36', '2023-09-13 00:18:36', 0);
INSERT INTO `sys_oper_log` VALUES ('1701632862025515009', '物品分组表', 'UPDATE', 'com.lanf.business.controller.KcGsGroupController.updateById()', 'PUT', 'MANAGE', 'admin', '', '/business/kcGsGroup/update', '0:0:0:0:0:0:0:1', '{\"isDeleted\":0,\"createTime\":1691315215000,\"param\":{},\"name\":\"办公用品\",\"updateTime\":1694535863732,\"id\":\"1688124483550425090\"}', '{\"code\":200,\"message\":\"成功\"}', 1, '', '2023-09-13 00:24:24', '2023-09-13 00:24:24', '2023-09-13 00:24:24', 0);
INSERT INTO `sys_oper_log` VALUES ('1701632888114085890', '物品表', 'UPDATE', 'com.lanf.business.controller.KcGoodsController.updateById()', 'PUT', 'MANAGE', 'admin', '', '/business/kcGoods/update', '0:0:0:0:0:0:0:1', '{\"groupId\":\"1688124483550425090\",\"deptId\":\"10\",\"description\":\"7777\",\"updateTime\":1694535869988,\"param\":{},\"price\":7777,\"name\":\"台式主机88\",\"id\":\"1700785054087217153\"}', '{\"code\":200,\"message\":\"成功\"}', 1, '', '2023-09-13 00:24:30', '2023-09-13 00:24:30', '2023-09-13 00:24:30', 0);
INSERT INTO `sys_oper_log` VALUES ('1701792748554240002', '物品表', 'UPDATE', 'com.lanf.business.controller.KcGoodsController.updateById()', 'PUT', 'MANAGE', 'admin', '', '/business/kcGoods/update', '0:0:0:0:0:0:0:1', '{\"groupId\":\"1688124483550425090\",\"deptId\":\"30\",\"description\":\"43434\",\"updateTime\":1694573983674,\"param\":{},\"price\":333,\"name\":\"434343\",\"id\":\"1700791587432923137\"}', '{\"code\":200,\"message\":\"成功\"}', 1, '', '2023-09-13 10:59:44', '2023-09-13 10:59:44', '2023-09-13 10:59:44', 0);
INSERT INTO `sys_oper_log` VALUES ('1701794330352107522', '物品表', 'UPDATE', 'com.lanf.business.controller.KcGoodsController.updateById()', 'PUT', 'MANAGE', 'admin', '', '/business/kcGoods/update', '0:0:0:0:0:0:0:1', '{\"groupId\":\"1688124483550425090\",\"deptId\":\"10\",\"description\":\"7777\",\"param\":{},\"price\":7777,\"name\":\"台式主机88\",\"id\":\"1700785054087217153\"}', '{\"code\":200,\"message\":\"成功\"}', 1, '', '2023-09-13 11:06:01', '2023-09-13 11:06:01', '2023-09-13 11:06:01', 0);
INSERT INTO `sys_oper_log` VALUES ('1701795594674716673', '物品表', 'UPDATE', 'com.lanf.business.controller.KcGoodsController.updateById()', 'PUT', 'MANAGE', 'admin', '', '/business/kcGoods/update', '0:0:0:0:0:0:0:1', '{\"groupId\":\"1688124483550425090\",\"deptId\":\"10\",\"description\":\"7777\",\"param\":{},\"price\":7777,\"name\":\"台式主机88\",\"id\":\"1700785054087217153\"}', '{\"code\":200,\"message\":\"成功\"}', 1, '', '2023-09-13 11:11:02', '2023-09-13 11:11:02', '2023-09-13 11:11:02', 0);
INSERT INTO `sys_oper_log` VALUES ('1701798287568879618', '物品表', 'UPDATE', 'com.lanf.business.controller.KcGoodsController.updateById()', 'PUT', 'MANAGE', 'admin', '', '/business/kcGoods/update', '0:0:0:0:0:0:0:1', '{\"groupId\":\"1688124483550425090\",\"deptId\":\"10\",\"description\":\"7777\",\"param\":{},\"price\":7777,\"name\":\"台式主机88\",\"id\":\"1700785054087217153\"}', '{\"code\":200,\"message\":\"成功\"}', 1, '', '2023-09-13 11:21:44', '2023-09-13 11:21:44', '2023-09-13 11:21:44', 0);
INSERT INTO `sys_oper_log` VALUES ('1702369346253312001', '菜单管理', 'UPDATE', 'com.lanf.system.controller.SysMenuController.updateById()', 'POST', 'MANAGE', 'admin', '', '/admin/system/sysMenu/update', '0:0:0:0:0:0:0:1', '{\"select\":false,\"icon\":\"icon-fenzu\",\"updateTime\":1694711455267,\"type\":1,\"parentId\":\"1688123213473230850\",\"path\":\"group\",\"sortValue\":1,\"component\":\"pages/business/kcGsGroup\",\"parentName\":\"库存管理\",\"isDeleted\":0,\"createTime\":1691315062000,\"param\":{},\"name\":\"物品分组\",\"perms\":\"\",\"id\":\"1688123841486368769\",\"status\":1}', '{\"code\":200,\"message\":\"成功\"}', 1, '', '2023-09-15 01:10:55', '2023-09-15 01:10:55', '2023-09-15 01:10:55', 0);
INSERT INTO `sys_oper_log` VALUES ('1702369385503608833', '菜单管理', 'UPDATE', 'com.lanf.system.controller.SysMenuController.updateById()', 'POST', 'MANAGE', 'admin', '', '/admin/system/sysMenu/update', '0:0:0:0:0:0:0:1', '{\"select\":false,\"icon\":\"icon-wupin\",\"updateTime\":1694711464649,\"type\":1,\"parentId\":\"1688123213473230850\",\"path\":\"kcGoods\",\"sortValue\":2,\"component\":\"pages/business/kcGoods\",\"parentName\":\"库存管理\",\"isDeleted\":0,\"createTime\":1691323078000,\"param\":{},\"name\":\"物品管理\",\"perms\":\"\",\"id\":\"1688157462419030018\",\"status\":1}', '{\"code\":200,\"message\":\"成功\"}', 1, '', '2023-09-15 01:11:05', '2023-09-15 01:11:05', '2023-09-15 01:11:05', 0);
INSERT INTO `sys_oper_log` VALUES ('1702369420437966850', '菜单管理', 'UPDATE', 'com.lanf.system.controller.SysMenuController.updateById()', 'POST', 'MANAGE', 'admin', '', '/admin/system/sysMenu/update', '0:0:0:0:0:0:0:1', '{\"select\":false,\"icon\":\"icon-xs\",\"updateTime\":1694711472987,\"type\":1,\"parentId\":\"1688123213473230850\",\"path\":\"sales\",\"sortValue\":3,\"component\":\"pages/business/kcSalesRecords\",\"parentName\":\"库存管理\",\"isDeleted\":0,\"createTime\":1692530214000,\"param\":{},\"name\":\"物品销售\",\"perms\":\"\",\"id\":\"1693220558657359874\",\"status\":1}', '{\"code\":200,\"message\":\"成功\"}', 1, '', '2023-09-15 01:11:13', '2023-09-15 01:11:13', '2023-09-15 01:11:13', 0);
INSERT INTO `sys_oper_log` VALUES ('1702369462817214466', '菜单管理', 'UPDATE', 'com.lanf.system.controller.SysMenuController.updateById()', 'POST', 'MANAGE', 'admin', '', '/admin/system/sysMenu/update', '0:0:0:0:0:0:0:1', '{\"select\":false,\"icon\":\"icon-ruku\",\"updateTime\":1694711483082,\"type\":1,\"parentId\":\"1688123213473230850\",\"path\":\"stock\",\"sortValue\":4,\"component\":\"pages/business/kcStockRecords\",\"parentName\":\"库存管理\",\"isDeleted\":0,\"createTime\":1692530451000,\"param\":{},\"name\":\"物品入库\",\"perms\":\"\",\"id\":\"1693221551184875522\",\"status\":1}', '{\"code\":200,\"message\":\"成功\"}', 1, '', '2023-09-15 01:11:23', '2023-09-15 01:11:23', '2023-09-15 01:11:23', 0);
INSERT INTO `sys_oper_log` VALUES ('1702370079312793602', '菜单管理', 'UPDATE', 'com.lanf.system.controller.SysMenuController.updateById()', 'POST', 'MANAGE', 'admin', '', '/admin/system/sysMenu/update', '0:0:0:0:0:0:0:1', '{\"select\":false,\"icon\":\"iconfont icon-fenzu\",\"updateTime\":1694711630068,\"type\":1,\"parentId\":\"1688123213473230850\",\"path\":\"group\",\"sortValue\":1,\"component\":\"pages/business/kcGsGroup\",\"parentName\":\"库存管理\",\"isDeleted\":0,\"createTime\":1691315062000,\"param\":{},\"name\":\"物品分组\",\"perms\":\"\",\"id\":\"1688123841486368769\",\"status\":1}', '{\"code\":200,\"message\":\"成功\"}', 1, '', '2023-09-15 01:13:50', '2023-09-15 01:13:50', '2023-09-15 01:13:50', 0);
INSERT INTO `sys_oper_log` VALUES ('1702370111768317953', '菜单管理', 'UPDATE', 'com.lanf.system.controller.SysMenuController.updateById()', 'POST', 'MANAGE', 'admin', '', '/admin/system/sysMenu/update', '0:0:0:0:0:0:0:1', '{\"select\":false,\"icon\":\"iconfont icon-wupin\",\"updateTime\":1694711637816,\"type\":1,\"parentId\":\"1688123213473230850\",\"path\":\"kcGoods\",\"sortValue\":2,\"component\":\"pages/business/kcGoods\",\"parentName\":\"库存管理\",\"isDeleted\":0,\"createTime\":1691323078000,\"param\":{},\"name\":\"物品管理\",\"perms\":\"\",\"id\":\"1688157462419030018\",\"status\":1}', '{\"code\":200,\"message\":\"成功\"}', 1, '', '2023-09-15 01:13:58', '2023-09-15 01:13:58', '2023-09-15 01:13:58', 0);
INSERT INTO `sys_oper_log` VALUES ('1702370145758957570', '菜单管理', 'UPDATE', 'com.lanf.system.controller.SysMenuController.updateById()', 'POST', 'MANAGE', 'admin', '', '/admin/system/sysMenu/update', '0:0:0:0:0:0:0:1', '{\"select\":false,\"icon\":\"iconfont icon-xs\",\"updateTime\":1694711645919,\"type\":1,\"parentId\":\"1688123213473230850\",\"path\":\"sales\",\"sortValue\":3,\"component\":\"pages/business/kcSalesRecords\",\"parentName\":\"库存管理\",\"isDeleted\":0,\"createTime\":1692530214000,\"param\":{},\"name\":\"物品销售\",\"perms\":\"\",\"id\":\"1693220558657359874\",\"status\":1}', '{\"code\":200,\"message\":\"成功\"}', 1, '', '2023-09-15 01:14:06', '2023-09-15 01:14:06', '2023-09-15 01:14:06', 0);
INSERT INTO `sys_oper_log` VALUES ('1702370183126011905', '菜单管理', 'UPDATE', 'com.lanf.system.controller.SysMenuController.updateById()', 'POST', 'MANAGE', 'admin', '', '/admin/system/sysMenu/update', '0:0:0:0:0:0:0:1', '{\"select\":false,\"icon\":\"iconfont icon-ruku\",\"updateTime\":1694711654828,\"type\":1,\"parentId\":\"1688123213473230850\",\"path\":\"stock\",\"sortValue\":4,\"component\":\"pages/business/kcStockRecords\",\"parentName\":\"库存管理\",\"isDeleted\":0,\"createTime\":1692530451000,\"param\":{},\"name\":\"物品入库\",\"perms\":\"\",\"id\":\"1693221551184875522\",\"status\":1}', '{\"code\":200,\"message\":\"成功\"}', 1, '', '2023-09-15 01:14:15', '2023-09-15 01:14:15', '2023-09-15 01:14:15', 0);
INSERT INTO `sys_oper_log` VALUES ('1702375085948620801', '菜单管理', 'UPDATE', 'com.lanf.system.controller.SysMenuController.updateById()', 'POST', 'MANAGE', 'admin', '', '/admin/system/sysMenu/update', '0:0:0:0:0:0:0:1', '{\"select\":false,\"icon\":\"iconfont icon-kucunguanli\",\"updateTime\":1694712823754,\"type\":0,\"parentId\":\"0\",\"path\":\"/kc\",\"sortValue\":0,\"component\":\"Layout\",\"isDeleted\":0,\"createTime\":1691314913000,\"param\":{},\"name\":\"库存管理\",\"perms\":\"\",\"id\":\"1688123213473230850\",\"status\":1}', '{\"code\":200,\"message\":\"成功\"}', 1, '', '2023-09-15 01:33:44', '2023-09-15 01:33:44', '2023-09-15 01:33:44', 0);
INSERT INTO `sys_oper_log` VALUES ('1702375186398007297', '菜单管理', 'UPDATE', 'com.lanf.system.controller.SysMenuController.updateById()', 'POST', 'MANAGE', 'admin', '', '/admin/system/sysMenu/update', '0:0:0:0:0:0:0:1', '{\"select\":false,\"icon\":\"iconfont icon-zidianguanli\",\"updateTime\":1694712847700,\"type\":0,\"parentId\":\"2\",\"path\":\"sysDic\",\"sortValue\":7,\"component\":\"ParentView\",\"parentName\":\"系统管理\",\"isDeleted\":0,\"createTime\":1681355082000,\"param\":{},\"name\":\"字典管理\",\"perms\":\"\",\"id\":\"07e9b8c265f824bc7f5d0149523cc92c\",\"status\":1}', '{\"code\":200,\"message\":\"成功\"}', 1, '', '2023-09-15 01:34:08', '2023-09-15 01:34:08', '2023-09-15 01:34:08', 0);
INSERT INTO `sys_oper_log` VALUES ('1702375257315299329', '菜单管理', 'UPDATE', 'com.lanf.system.controller.SysMenuController.updateById()', 'POST', 'MANAGE', 'admin', '', '/admin/system/sysMenu/update', '0:0:0:0:0:0:0:1', '{\"select\":false,\"icon\":\"iconfont icon-zidianguanli\",\"updateTime\":1694712864598,\"type\":1,\"parentId\":\"07e9b8c265f824bc7f5d0149523cc92c\",\"path\":\"sysDicItem\",\"sortValue\":2,\"component\":\"system/sysDicItem/sysDicItem\",\"parentName\":\"字典管理\",\"isDeleted\":0,\"createTime\":1681355163000,\"param\":{},\"name\":\"字典选项\",\"perms\":\"\",\"id\":\"5b728f902e19e6af9216b76cc82f63fc\",\"status\":1}', '{\"code\":200,\"message\":\"成功\"}', 1, '', '2023-09-15 01:34:25', '2023-09-15 01:34:25', '2023-09-15 01:34:25', 0);
INSERT INTO `sys_oper_log` VALUES ('1702375315670650881', '菜单管理', 'UPDATE', 'com.lanf.system.controller.SysMenuController.updateById()', 'POST', 'MANAGE', 'admin', '', '/admin/system/sysMenu/update', '0:0:0:0:0:0:0:1', '{\"select\":false,\"icon\":\"iconfont icon-shujuzidianfenlei\",\"updateTime\":1694712878522,\"type\":1,\"parentId\":\"07e9b8c265f824bc7f5d0149523cc92c\",\"path\":\"sysDic\",\"sortValue\":1,\"component\":\"system/sysDic/sysDic\",\"parentName\":\"字典管理\",\"isDeleted\":0,\"createTime\":1681355126000,\"param\":{},\"name\":\"字典分类管理\",\"perms\":\"\",\"id\":\"5fc8df5d01c4df1ceccd8d8f663deada\",\"status\":1}', '{\"code\":200,\"message\":\"成功\"}', 1, '', '2023-09-15 01:34:39', '2023-09-15 01:34:39', '2023-09-15 01:34:39', 0);
INSERT INTO `sys_oper_log` VALUES ('1702375373757566977', '菜单管理', 'UPDATE', 'com.lanf.system.controller.SysMenuController.updateById()', 'POST', 'MANAGE', 'admin', '', '/admin/system/sysMenu/update', '0:0:0:0:0:0:0:1', '{\"select\":false,\"icon\":\"iconfont icon-daimashengcheng\",\"updateTime\":1694712892372,\"type\":1,\"parentId\":\"2\",\"path\":\"code\",\"sortValue\":8,\"component\":\"pages/code/code\",\"parentName\":\"系统管理\",\"isDeleted\":0,\"createTime\":1682773443000,\"param\":{},\"name\":\"代码生成\",\"perms\":\"\",\"id\":\"947daeb9ca3251bc7e33b30814614fe5\",\"status\":1}', '{\"code\":200,\"message\":\"成功\"}', 1, '', '2023-09-15 01:34:52', '2023-09-15 01:34:52', '2023-09-15 01:34:52', 0);
INSERT INTO `sys_oper_log` VALUES ('1702377872728084482', '菜单管理', 'UPDATE', 'com.lanf.system.controller.SysMenuController.updateById()', 'POST', 'MANAGE', 'admin', '', '/admin/system/sysMenu/update', '0:0:0:0:0:0:0:1', '{\"select\":false,\"icon\":\"iconfont icon-shujuzidianfenlei\",\"updateTime\":1694713488162,\"type\":1,\"parentId\":\"07e9b8c265f824bc7f5d0149523cc92c\",\"path\":\"sysDic\",\"sortValue\":1,\"component\":\"system/sysDic/sysDic\",\"parentName\":\"字典管理\",\"isDeleted\":0,\"createTime\":1681355126000,\"param\":{},\"name\":\"字典分类管理\",\"perms\":\"\",\"id\":\"5fc8df5d01c4df1ceccd8d8f663deada\",\"status\":1}', '{\"code\":200,\"message\":\"成功\"}', 1, '', '2023-09-15 01:44:48', '2023-09-15 01:44:48', '2023-09-15 01:44:48', 0);
INSERT INTO `sys_oper_log` VALUES ('1702702583160782849', '物品表', 'DELETE', 'com.lanf.business.controller.KcGoodsController.remove()', 'DELETE', 'MANAGE', 'admin', '', '/business/kcGoods/remove/1700787863469785089', '0:0:0:0:0:0:0:1', '', '{\"code\":200,\"message\":\"成功\"}', 1, '', '2023-09-15 23:15:05', '2023-09-15 23:15:05', '2023-09-15 23:15:05', 0);
INSERT INTO `sys_oper_log` VALUES ('1702702658540814337', '物品表', 'DELETE', 'com.lanf.business.controller.KcGoodsController.remove()', 'DELETE', 'MANAGE', 'admin', '', '/business/kcGoods/remove/1688191884358942721', '0:0:0:0:0:0:0:1', '', '{\"code\":200,\"message\":\"成功\"}', 1, '', '2023-09-15 23:15:23', '2023-09-15 23:15:23', '2023-09-15 23:15:23', 0);
INSERT INTO `sys_oper_log` VALUES ('1702712406023618561', '菜单管理', 'INSERT', 'com.lanf.system.controller.SysMenuController.save()', 'POST', 'MANAGE', 'admin', '', '/admin/system/sysMenu/save', '0:0:0:0:0:0:0:1', '{\"select\":false,\"icon\":\"\",\"updateTime\":1694793247103,\"type\":2,\"parentId\":\"1693221551184875522\",\"path\":\"\",\"sortValue\":1,\"component\":\"\",\"parentName\":\"物品入库\",\"isDeleted\":0,\"createTime\":1694793247103,\"param\":{},\"name\":\"修改\",\"perms\":\"bnt.kcStockRecords.update\",\"id\":\"1702712405893595137\",\"status\":1}', '{\"code\":200,\"message\":\"成功\"}', 1, '', '2023-09-15 23:54:07', '2023-09-15 23:54:07', '2023-09-15 23:54:07', 0);
INSERT INTO `sys_oper_log` VALUES ('1702712629642936321', '菜单管理', 'INSERT', 'com.lanf.system.controller.SysMenuController.save()', 'POST', 'MANAGE', 'admin', '', '/admin/system/sysMenu/save', '0:0:0:0:0:0:0:1', '{\"select\":false,\"icon\":\"\",\"updateTime\":1694793300433,\"type\":2,\"parentId\":\"1693220558657359874\",\"path\":\"\",\"sortValue\":1,\"component\":\"\",\"parentName\":\"物品销售\",\"isDeleted\":0,\"createTime\":1694793300433,\"param\":{},\"name\":\"修改\",\"perms\":\"bnt.kcSalesRecords.update\",\"id\":\"1702712629575827457\",\"status\":1}', '{\"code\":200,\"message\":\"成功\"}', 1, '', '2023-09-15 23:55:00', '2023-09-15 23:55:00', '2023-09-15 23:55:00', 0);
INSERT INTO `sys_oper_log` VALUES ('1702713589933031426', '入库记录表', 'INSERT', 'com.lanf.business.controller.KcStockRecordsController.save()', 'POST', 'MANAGE', 'admin', '', '/business/kcStockRecords/save', '0:0:0:0:0:0:0:1', '{\"quantity\":8,\"sumPrice\":62216,\"isDeleted\":0,\"createTime\":1694793529321,\"param\":{},\"goodsId\":\"1700785054087217153\",\"price\":7777,\"stockDate\":1694793528000,\"updateTime\":1694793529321,\"id\":\"1702713589601681409\"}', '', 0, '\r\n### Error updating database.  Cause: java.sql.SQLSyntaxErrorException: You have an error in your SQL syntax; check the manual that corresponds to your MySQL server version for the right syntax to use near \'version=version+1\n        where id = \'1700785054087217153\'\n          and version\' at line 3\r\n### The error may exist in file [F:\\project\\kcmg\\basemf-sig\\target\\classes\\mapper\\KcGoodsMapper.xml]\r\n### The error may involve defaultParameterMap\r\n### The error occurred while setting parameters\r\n### SQL: update kc_goods         set quantity=ifnull(quantity,0) + ?             version=version+1         where id = ?           and version = ?\r\n### Cause: java.sql.SQLSyntaxErrorException: You have an error in your SQL syntax; check the manual that corresponds to your MySQL server version for the right syntax to use near \'version=version+1\n        where id = \'1700785054087217153\'\n          and version\' at line 3\n; bad SQL grammar []; nested exception is java.sql.SQLSyntaxErrorException: You have an error in your SQL syntax; check the manual that corresponds to your MySQL server version for the right syntax to use near \'version=version+1\n        where id = \'1700785054087217153\'\n          and version\' at line 3', '2023-09-15 23:58:49', '2023-09-15 23:58:49', '2023-09-15 23:58:49', 0);
INSERT INTO `sys_oper_log` VALUES ('1702717773596082178', '入库记录表', 'INSERT', 'com.lanf.business.controller.KcStockRecordsController.save()', 'POST', 'MANAGE', 'admin', '', '/business/kcStockRecords/save', '0:0:0:0:0:0:0:1', '{\"quantity\":9,\"sumPrice\":69993,\"isDeleted\":0,\"createTime\":1694794526826,\"param\":{},\"goodsId\":\"1700785054087217153\",\"price\":7777,\"stockDate\":1694794525000,\"updateTime\":1694794526826,\"id\":\"1702717773453475842\"}', '{\"code\":200,\"message\":\"成功\"}', 1, '', '2023-09-16 00:15:27', '2023-09-16 00:15:27', '2023-09-16 00:15:27', 0);
INSERT INTO `sys_oper_log` VALUES ('1702717817934069762', '物品表', 'UPDATE', 'com.lanf.business.controller.KcGoodsController.updateById()', 'PUT', 'MANAGE', 'admin', '', '/business/kcGoods/update', '0:0:0:0:0:0:0:1', '{\"groupId\":\"1688124483550425090\",\"deptId\":\"10\",\"description\":\"7777\",\"param\":{},\"price\":7777,\"name\":\"台式主机88\",\"id\":\"1700785054087217153\"}', '{\"code\":200,\"message\":\"成功\"}', 1, '', '2023-09-16 00:15:37', '2023-09-16 00:15:37', '2023-09-16 00:15:37', 0);
INSERT INTO `sys_oper_log` VALUES ('1702718074495451137', '入库记录表', 'UPDATE', 'com.lanf.business.controller.KcStockRecordsController.updateById()', 'PUT', 'MANAGE', 'admin', '', '/business/kcStockRecords/update', '0:0:0:0:0:0:0:1', '{\"quantity\":7,\"sumPrice\":54439,\"isDeleted\":0,\"createTime\":1694794527000,\"param\":{},\"goodsId\":\"1700785054087217153\",\"price\":7777,\"stockDate\":1694794525000,\"updateTime\":1694794598588,\"id\":\"1702717773453475842\"}', '{\"code\":200,\"message\":\"成功\"}', 1, '', '2023-09-16 00:16:39', '2023-09-16 00:16:39', '2023-09-16 00:16:39', 0);
INSERT INTO `sys_oper_log` VALUES ('1702719314772115458', '入库记录表', 'UPDATE', 'com.lanf.business.controller.KcStockRecordsController.updateById()', 'PUT', 'MANAGE', 'admin', '', '/business/kcStockRecords/update', '0:0:0:0:0:0:0:1', '{\"quantity\":5,\"sumPrice\":38885,\"isDeleted\":0,\"createTime\":1694794527000,\"param\":{},\"goodsId\":\"1700785054087217153\",\"price\":7777,\"stockDate\":1694794525000,\"updateTime\":1694794894283,\"id\":\"1702717773453475842\"}', '{\"code\":200,\"message\":\"成功\"}', 1, '', '2023-09-16 00:21:34', '2023-09-16 00:21:34', '2023-09-16 00:21:34', 0);
INSERT INTO `sys_oper_log` VALUES ('1702719685372428289', '入库记录表', 'UPDATE', 'com.lanf.business.controller.KcStockRecordsController.updateById()', 'PUT', 'MANAGE', 'admin', '', '/business/kcStockRecords/update', '0:0:0:0:0:0:0:1', '{\"quantity\":4,\"sumPrice\":31108,\"isDeleted\":0,\"createTime\":1694794527000,\"param\":{},\"goodsId\":\"1700785054087217153\",\"price\":7777,\"stockDate\":1694794525000,\"updateTime\":1694794982641,\"id\":\"1702717773453475842\"}', '{\"code\":200,\"message\":\"成功\"}', 1, '', '2023-09-16 00:23:03', '2023-09-16 00:23:03', '2023-09-16 00:23:03', 0);
INSERT INTO `sys_oper_log` VALUES ('1702953272185225217', '入库记录表', 'INSERT', 'com.lanf.business.controller.KcStockRecordsController.save()', 'POST', 'MANAGE', 'admin', '', '/business/kcStockRecords/save', '0:0:0:0:0:0:0:1', '{\"quantity\":99,\"sumPrice\":769923,\"isDeleted\":0,\"createTime\":1694850674067,\"param\":{},\"goodsId\":\"1700785054087217153\",\"price\":7777,\"stockDate\":1694850673000,\"updateTime\":1694850674067,\"id\":\"1702953272055201793\"}', '{\"code\":200,\"message\":\"成功\"}', 1, '', '2023-09-16 15:51:14', '2023-09-16 15:51:14', '2023-09-16 15:51:14', 0);
INSERT INTO `sys_oper_log` VALUES ('1702953453991526401', '入库记录表', 'UPDATE', 'com.lanf.business.controller.KcStockRecordsController.updateById()', 'PUT', 'MANAGE', 'admin', '', '/business/kcStockRecords/update', '0:0:0:0:0:0:0:1', '{\"quantity\":90,\"sumPrice\":699930,\"isDeleted\":0,\"createTime\":1694850674000,\"param\":{},\"goodsId\":\"1700785054087217153\",\"price\":7777,\"stockDate\":1694850673000,\"updateTime\":1694850717429,\"id\":\"1702953272055201793\",\"version\":1}', '{\"code\":200,\"message\":\"成功\"}', 1, '', '2023-09-16 15:51:57', '2023-09-16 15:51:57', '2023-09-16 15:51:57', 0);
INSERT INTO `sys_oper_log` VALUES ('1702953572455448578', '入库记录表', 'INSERT', 'com.lanf.business.controller.KcStockRecordsController.save()', 'POST', 'MANAGE', 'admin', '', '/business/kcStockRecords/save', '0:0:0:0:0:0:0:1', '{\"quantity\":2,\"sumPrice\":15554,\"isDeleted\":0,\"createTime\":1694850745671,\"param\":{},\"goodsId\":\"1700785054087217153\",\"price\":7777,\"stockDate\":1694850740000,\"updateTime\":1694850745671,\"id\":\"1702953572392534017\"}', '{\"code\":200,\"message\":\"成功\"}', 1, '', '2023-09-16 15:52:26', '2023-09-16 15:52:26', '2023-09-16 15:52:26', 0);
INSERT INTO `sys_oper_log` VALUES ('1702953663715115010', '入库记录表', 'UPDATE', 'com.lanf.business.controller.KcStockRecordsController.updateById()', 'PUT', 'MANAGE', 'admin', '', '/business/kcStockRecords/update', '0:0:0:0:0:0:0:1', '{\"quantity\":100,\"sumPrice\":777700,\"isDeleted\":0,\"createTime\":1694850674000,\"param\":{},\"goodsId\":\"1700785054087217153\",\"price\":7777,\"stockDate\":1694850673000,\"updateTime\":1694850767426,\"id\":\"1702953272055201793\",\"version\":2}', '{\"code\":200,\"message\":\"成功\"}', 1, '', '2023-09-16 15:52:47', '2023-09-16 15:52:47', '2023-09-16 15:52:47', 0);
INSERT INTO `sys_oper_log` VALUES ('1702954140762669057', '物品销售记录表', 'INSERT', 'com.lanf.business.controller.KcSalesRecordsController.save()', 'POST', 'MANAGE', 'admin', '', '/business/kcSalesRecords/save', '0:0:0:0:0:0:0:1', '{\"saleTime\":1694850880000,\"sumPrice\":77762223,\"isDeleted\":0,\"createTime\":1694850881137,\"param\":{},\"goodsId\":\"1700785054087217153\",\"price\":7777,\"updateTime\":1694850881137,\"id\":\"1702954140565536770\",\"saleNum\":9999}', '', 0, '物品库存数量不够', '2023-09-16 15:54:41', '2023-09-16 15:54:41', '2023-09-16 15:54:41', 0);
INSERT INTO `sys_oper_log` VALUES ('1702954599040712706', '物品销售记录表', 'INSERT', 'com.lanf.business.controller.KcSalesRecordsController.save()', 'POST', 'MANAGE', 'admin', '', '/business/kcSalesRecords/save', '0:0:0:0:0:0:0:1', '{\"saleTime\":1694850988000,\"sumPrice\":155540,\"isDeleted\":0,\"createTime\":1694850990428,\"param\":{},\"goodsId\":\"1700785054087217153\",\"price\":7777,\"updateTime\":1694850990428,\"id\":\"1702954598977798146\",\"saleNum\":20}', '{\"code\":200,\"message\":\"成功\"}', 1, '', '2023-09-16 15:56:30', '2023-09-16 15:56:30', '2023-09-16 15:56:30', 0);
INSERT INTO `sys_oper_log` VALUES ('1702954695396458498', '物品销售记录表', 'UPDATE', 'com.lanf.business.controller.KcSalesRecordsController.updateById()', 'PUT', 'MANAGE', 'admin', '', '/business/kcSalesRecords/update', '0:0:0:0:0:0:0:1', '{\"saleTime\":1694850988000,\"sumPrice\":155540,\"isDeleted\":0,\"createTime\":1694850990000,\"param\":{},\"goodsId\":\"1700785054087217153\",\"price\":7777,\"updateTime\":1694851013405,\"id\":\"1702954598977798146\",\"saleNum\":20,\"version\":1}', '{\"code\":200,\"message\":\"成功\"}', 1, '', '2023-09-16 15:56:53', '2023-09-16 15:56:53', '2023-09-16 15:56:53', 0);
INSERT INTO `sys_oper_log` VALUES ('1702955214575796225', '物品销售记录表', 'UPDATE', 'com.lanf.business.controller.KcSalesRecordsController.updateById()', 'PUT', 'MANAGE', 'admin', '', '/business/kcSalesRecords/update', '0:0:0:0:0:0:0:1', '{\"saleTime\":1694850988000,\"sumPrice\":77770,\"isDeleted\":0,\"createTime\":1694850990000,\"param\":{},\"goodsId\":\"1700785054087217153\",\"price\":7777,\"updateTime\":1694851137183,\"id\":\"1702954598977798146\",\"saleNum\":10,\"version\":2}', '{\"code\":200,\"message\":\"成功\"}', 1, '', '2023-09-16 15:58:57', '2023-09-16 15:58:57', '2023-09-16 15:58:57', 0);
INSERT INTO `sys_oper_log` VALUES ('1702955705330335746', '物品销售记录表', 'UPDATE', 'com.lanf.business.controller.KcSalesRecordsController.updateById()', 'PUT', 'MANAGE', 'admin', '', '/business/kcSalesRecords/update', '0:0:0:0:0:0:0:1', '{\"saleTime\":1694850988000,\"sumPrice\":77770,\"isDeleted\":0,\"createTime\":1694850990000,\"param\":{},\"goodsId\":\"1700785054087217153\",\"price\":7777,\"updateTime\":1694851254190,\"id\":\"1702954598977798146\",\"saleNum\":10,\"version\":3}', '{\"code\":200,\"message\":\"成功\"}', 1, '', '2023-09-16 16:00:54', '2023-09-16 16:00:54', '2023-09-16 16:00:54', 0);
INSERT INTO `sys_oper_log` VALUES ('1702955919814459394', '入库记录表', 'DELETE', 'com.lanf.business.controller.KcStockRecordsController.remove()', 'DELETE', 'MANAGE', 'admin', '', '/business/kcStockRecords/remove/1702953272055201793', '0:0:0:0:0:0:0:1', '', '', 0, '物品库存数量不够', '2023-09-16 16:01:45', '2023-09-16 16:01:45', '2023-09-16 16:01:45', 0);
INSERT INTO `sys_oper_log` VALUES ('1702956075418943489', '入库记录表', 'DELETE', 'com.lanf.business.controller.KcStockRecordsController.remove()', 'DELETE', 'MANAGE', 'admin', '', '/business/kcStockRecords/remove/1702953272055201793', '0:0:0:0:0:0:0:1', '', '', 0, '物品库存数量不够', '2023-09-16 16:02:22', '2023-09-16 16:02:22', '2023-09-16 16:02:22', 0);
INSERT INTO `sys_oper_log` VALUES ('1702956158910758913', '入库记录表', 'DELETE', 'com.lanf.business.controller.KcStockRecordsController.remove()', 'DELETE', 'MANAGE', 'admin', '', '/business/kcStockRecords/remove/1702953572392534017', '0:0:0:0:0:0:0:1', '', '{\"code\":200,\"message\":\"成功\"}', 1, '', '2023-09-16 16:02:42', '2023-09-16 16:02:42', '2023-09-16 16:02:42', 0);
INSERT INTO `sys_oper_log` VALUES ('1702956888509939714', '物品销售记录表', 'UPDATE', 'com.lanf.business.controller.KcSalesRecordsController.updateById()', 'PUT', 'MANAGE', 'admin', '', '/business/kcSalesRecords/update', '0:0:0:0:0:0:0:1', '{\"saleTime\":1694850988000,\"sumPrice\":38885,\"isDeleted\":0,\"createTime\":1694850990000,\"param\":{},\"goodsId\":\"1700785054087217153\",\"price\":7777,\"updateTime\":1694851536291,\"id\":\"1702954598977798146\",\"saleNum\":5,\"version\":4}', '{\"code\":200,\"message\":\"成功\"}', 1, '', '2023-09-16 16:05:36', '2023-09-16 16:05:36', '2023-09-16 16:05:36', 0);
INSERT INTO `sys_oper_log` VALUES ('1702956956294086657', '物品销售记录表', 'UPDATE', 'com.lanf.business.controller.KcSalesRecordsController.updateById()', 'PUT', 'MANAGE', 'admin', '', '/business/kcSalesRecords/update', '0:0:0:0:0:0:0:1', '{\"saleTime\":1694850988000,\"sumPrice\":116655,\"isDeleted\":0,\"createTime\":1694850990000,\"param\":{},\"goodsId\":\"1700785054087217153\",\"price\":7777,\"updateTime\":1694851552444,\"id\":\"1702954598977798146\",\"saleNum\":15,\"version\":5}', '{\"code\":200,\"message\":\"成功\"}', 1, '', '2023-09-16 16:05:52', '2023-09-16 16:05:52', '2023-09-16 16:05:52', 0);
INSERT INTO `sys_oper_log` VALUES ('1702957087118622721', '物品销售记录表', 'INSERT', 'com.lanf.business.controller.KcSalesRecordsController.save()', 'POST', 'MANAGE', 'admin', '', '/business/kcSalesRecords/save', '0:0:0:0:0:0:0:1', '{\"saleTime\":1692115200000,\"sumPrice\":598829,\"isDeleted\":0,\"createTime\":1694851583628,\"param\":{},\"goodsId\":\"1700785054087217153\",\"price\":7777,\"updateTime\":1694851583628,\"id\":\"1702957087055708161\",\"saleNum\":77}', '{\"code\":200,\"message\":\"成功\"}', 1, '', '2023-09-16 16:06:24', '2023-09-16 16:06:24', '2023-09-16 16:06:24', 0);
INSERT INTO `sys_oper_log` VALUES ('1702957717820309505', '物品销售记录表', 'EXPORT', 'com.lanf.business.controller.KcSalesRecordsController.exportUser()', 'GET', 'MANAGE', '', '', '/business/kcSalesRecords/export', '0:0:0:0:0:0:0:1', '', '', 1, '', '2023-09-16 16:08:54', '2023-09-16 16:08:54', '2023-09-16 16:08:54', 0);
INSERT INTO `sys_oper_log` VALUES ('1702975561815588866', '物品销售记录表', 'EXPORT', 'com.lanf.business.controller.KcSalesRecordsController.exportUser()', 'GET', 'MANAGE', '', '', '/business/kcSalesRecords/export', '0:0:0:0:0:0:0:1', '', '', 1, '', '2023-09-16 17:19:48', '2023-09-16 17:19:48', '2023-09-16 17:19:48', 0);
INSERT INTO `sys_oper_log` VALUES ('1703003053188218881', '物品销售记录表', 'EXPORT', 'com.lanf.business.controller.KcSalesRecordsController.exportUser()', 'GET', 'MANAGE', '', '', '/business/kcSalesRecords/export', '0:0:0:0:0:0:0:1', '', '', 0, 'nested exception is org.apache.ibatis.builder.BuilderException: Error evaluating expression \'vo.goodsId != null and vo.goodsId != \'\'\'. Cause: org.apache.ibatis.ognl.OgnlException: source is null for getProperty(null, \"goodsId\")', '2023-09-16 19:09:03', '2023-09-16 19:09:03', '2023-09-16 19:09:03', 0);
INSERT INTO `sys_oper_log` VALUES ('1703003550066442241', '物品销售记录表', 'EXPORT', 'com.lanf.business.controller.KcSalesRecordsController.exportUser()', 'GET', 'MANAGE', '', '', '/business/kcSalesRecords/export', '0:0:0:0:0:0:0:1', '', '', 0, '导出失败', '2023-09-16 19:11:01', '2023-09-16 19:11:01', '2023-09-16 19:11:01', 0);
INSERT INTO `sys_oper_log` VALUES ('1703003723823874049', '物品销售记录表', 'EXPORT', 'com.lanf.business.controller.KcSalesRecordsController.exportUser()', 'GET', 'MANAGE', '', '', '/business/kcSalesRecords/export', '0:0:0:0:0:0:0:1', '', '', 0, '导出失败', '2023-09-16 19:11:43', '2023-09-16 19:11:43', '2023-09-16 19:11:43', 0);
INSERT INTO `sys_oper_log` VALUES ('1703004920613994497', '物品销售记录表', 'EXPORT', 'com.lanf.business.controller.KcSalesRecordsController.exportUser()', 'GET', 'MANAGE', '', '', '/business/kcSalesRecords/export', '0:0:0:0:0:0:0:1', '', '', 0, '导出失败', '2023-09-16 19:16:28', '2023-09-16 19:16:28', '2023-09-16 19:16:28', 0);
INSERT INTO `sys_oper_log` VALUES ('1703008533247750145', '物品销售记录表', 'EXPORT', 'com.lanf.business.controller.KcSalesRecordsController.exportUser()', 'GET', 'MANAGE', '', '', '/business/kcSalesRecords/export', '0:0:0:0:0:0:0:1', '', '', 0, '导出失败', '2023-09-16 19:30:49', '2023-09-16 19:30:49', '2023-09-16 19:30:49', 0);
INSERT INTO `sys_oper_log` VALUES ('1703009474785112066', '物品分组表', 'EXPORT', 'com.lanf.business.controller.KcGsGroupController.exportUser()', 'GET', 'MANAGE', '', '', '/business/kcGsGroup/export', '0:0:0:0:0:0:0:1', '', '', 1, '', '2023-09-16 19:34:34', '2023-09-16 19:34:34', '2023-09-16 19:34:34', 0);
INSERT INTO `sys_oper_log` VALUES ('1703009598022152193', '物品销售记录表', 'EXPORT', 'com.lanf.business.controller.KcSalesRecordsController.exportUser()', 'GET', 'MANAGE', '', '', '/business/kcSalesRecords/export', '0:0:0:0:0:0:0:1', '', '', 0, '导出失败', '2023-09-16 19:35:03', '2023-09-16 19:35:03', '2023-09-16 19:35:03', 0);
INSERT INTO `sys_oper_log` VALUES ('1703011367108239362', '物品销售记录表', 'EXPORT', 'com.lanf.business.controller.KcSalesRecordsController.exportUser()', 'GET', 'MANAGE', '', '', '/business/kcSalesRecords/export', '0:0:0:0:0:0:0:1', '', '', 1, '', '2023-09-16 19:42:05', '2023-09-16 19:42:05', '2023-09-16 19:42:05', 0);
INSERT INTO `sys_oper_log` VALUES ('1703011829526061057', '入库记录表', 'EXPORT', 'com.lanf.business.controller.KcStockRecordsController.exportUser()', 'GET', 'MANAGE', '', '', '/business/kcStockRecords/export', '0:0:0:0:0:0:0:1', '', '', 1, '', '2023-09-16 19:43:55', '2023-09-16 19:43:55', '2023-09-16 19:43:55', 0);
INSERT INTO `sys_oper_log` VALUES ('1703013274216325121', '入库记录表', 'EXPORT', 'com.lanf.business.controller.KcStockRecordsController.exportUser()', 'GET', 'MANAGE', '', '', '/business/kcStockRecords/export', '0:0:0:0:0:0:0:1', '', '', 1, '', '2023-09-16 19:49:40', '2023-09-16 19:49:40', '2023-09-16 19:49:40', 0);
INSERT INTO `sys_oper_log` VALUES ('1703013505955815425', '物品表', 'EXPORT', 'com.lanf.business.controller.KcGoodsController.exportUser()', 'GET', 'MANAGE', '', '', '/business/kcGoods/export', '0:0:0:0:0:0:0:1', '', '', 1, '', '2023-09-16 19:50:35', '2023-09-16 19:50:35', '2023-09-16 19:50:35', 0);
INSERT INTO `sys_oper_log` VALUES ('1703018640798932994', '物品表', 'EXPORT', 'com.lanf.business.controller.KcGoodsController.exportUser()', 'GET', 'MANAGE', '', '', '/business/kcGoods/export', '0:0:0:0:0:0:0:1', '', '', 0, 'non null key required', '2023-09-16 20:10:59', '2023-09-16 20:10:59', '2023-09-16 20:10:59', 0);
INSERT INTO `sys_oper_log` VALUES ('1703018982802481154', '物品表', 'EXPORT', 'com.lanf.business.controller.KcGoodsController.exportUser()', 'GET', 'MANAGE', '', '', '/business/kcGoods/export', '0:0:0:0:0:0:0:1', '', '', 0, 'non null key required', '2023-09-16 20:12:21', '2023-09-16 20:12:21', '2023-09-16 20:12:21', 0);
INSERT INTO `sys_oper_log` VALUES ('1703020057722904578', '物品表', 'EXPORT', 'com.lanf.business.controller.KcGoodsController.exportUser()', 'GET', 'MANAGE', '', '', '/business/kcGoods/export', '0:0:0:0:0:0:0:1', '', '', 0, 'non null key required', '2023-09-16 20:16:37', '2023-09-16 20:16:37', '2023-09-16 20:16:37', 0);
INSERT INTO `sys_oper_log` VALUES ('1703020693793300482', '物品表', 'EXPORT', 'com.lanf.business.controller.KcGoodsController.exportUser()', 'GET', 'MANAGE', '', '', '/business/kcGoods/export', '0:0:0:0:0:0:0:1', '', '', 0, 'non null key required', '2023-09-16 20:19:09', '2023-09-16 20:19:09', '2023-09-16 20:19:09', 0);
INSERT INTO `sys_oper_log` VALUES ('1703020900211777538', '用户管理', 'EXPORT', 'com.lanf.system.controller.SysUserController.exportUser()', 'GET', 'MANAGE', '', '', '/admin/system/sysUser/export', '0:0:0:0:0:0:0:1', '', '', 1, '', '2023-09-16 20:19:58', '2023-09-16 20:19:58', '2023-09-16 20:19:58', 0);
INSERT INTO `sys_oper_log` VALUES ('1703023098492641281', '物品表', 'EXPORT', 'com.lanf.business.controller.KcGoodsController.exportUser()', 'GET', 'MANAGE', '', '', '/business/kcGoods/export', '0:0:0:0:0:0:0:1', '', '', 0, 'non null key required', '2023-09-16 20:28:42', '2023-09-16 20:28:42', '2023-09-16 20:28:42', 0);
INSERT INTO `sys_oper_log` VALUES ('1703023133125009409', '物品表', 'EXPORT', 'com.lanf.business.controller.KcGoodsController.exportUser()', 'GET', 'MANAGE', '', '', '/business/kcGoods/export', '0:0:0:0:0:0:0:1', '', '', 0, 'non null key required', '2023-09-16 20:28:50', '2023-09-16 20:28:50', '2023-09-16 20:28:50', 0);
INSERT INTO `sys_oper_log` VALUES ('1703023205019574273', '物品表', 'EXPORT', 'com.lanf.business.controller.KcGoodsController.exportUser()', 'GET', 'MANAGE', '', '', '/business/kcGoods/export', '0:0:0:0:0:0:0:1', '', '', 0, 'non null key required', '2023-09-16 20:29:07', '2023-09-16 20:29:07', '2023-09-16 20:29:07', 0);
INSERT INTO `sys_oper_log` VALUES ('1703023634088484865', '物品表', 'EXPORT', 'com.lanf.business.controller.KcGoodsController.exportUser()', 'GET', 'MANAGE', '', '', '/business/kcGoods/export', '0:0:0:0:0:0:0:1', '', '', 1, '', '2023-09-16 20:30:50', '2023-09-16 20:30:50', '2023-09-16 20:30:50', 0);
INSERT INTO `sys_oper_log` VALUES ('1703029226865713154', '用户管理', 'EXPORT', 'com.lanf.system.controller.SysUserController.exportUser()', 'GET', 'MANAGE', '', '', '/admin/system/sysUser/export', '0:0:0:0:0:0:0:1', '', '', 0, 'can\'t found IPage for args!', '2023-09-16 20:53:03', '2023-09-16 20:53:03', '2023-09-16 20:53:03', 0);
INSERT INTO `sys_oper_log` VALUES ('1703029882175381505', '用户管理', 'EXPORT', 'com.lanf.system.controller.SysUserController.exportUser()', 'GET', 'MANAGE', '', '', '/admin/system/sysUser/export', '0:0:0:0:0:0:0:1', '', '', 1, '', '2023-09-16 20:55:39', '2023-09-16 20:55:39', '2023-09-16 20:55:39', 0);
INSERT INTO `sys_oper_log` VALUES ('1703031898960322561', '用户管理', 'EXPORT', 'com.lanf.system.controller.SysUserController.exportUser()', 'GET', 'MANAGE', '', '', '/admin/system/sysUser/export', '0:0:0:0:0:0:0:1', '', '', 1, '', '2023-09-16 21:03:40', '2023-09-16 21:03:40', '2023-09-16 21:03:40', 0);
INSERT INTO `sys_oper_log` VALUES ('1703039892997562370', '代码生成', 'INSERT', 'com.lanf.generator.CodeController.save()', 'POST', 'MANAGE', 'admin', '', '/code/generator/save', '0:0:0:0:0:0:0:1', '{\"tabName\":\"kc_gs_group\",\"genList\":[\"api\",\"vue\",\"po\",\"vo\",\"mapper\",\"xml\",\"service\",\"impl\",\"controller\"],\"author\":\"tanlingfei\",\"ftlPath\":\"F:/basemf-sig/src/main/resources/template\",\"mulList\":[],\"filePath\":\"F:/project/kcmg/basemf-sig/src/main/\",\"isLazyDept\":\"false\",\"isGenLeftDept\":\"false\",\"password\":\"root\",\"frontPath\":\"F:/project/kcmg/basemf-sig/base-front/src/\",\"connectionURL\":\"jdbc:mysql://localhost:3306/base-lf?characterEncoding=utf-8&useSSL=false&nullCatalogMeansCurrent=true\",\"driverName\":\"com.mysql.cj.jdbc.Driver\",\"genType\":\"0\",\"packageName\":\"com.lanf.business\",\"username\":\"root\"}', '', 0, '表(kc_gs_group)在数据库中不存在', '2023-09-16 21:35:26', '2023-09-16 21:35:26', '2023-09-16 21:35:26', 0);
INSERT INTO `sys_oper_log` VALUES ('1703040067581272066', '代码生成', 'INSERT', 'com.lanf.generator.CodeController.save()', 'POST', 'MANAGE', 'admin', '', '/code/generator/save', '0:0:0:0:0:0:0:1', '{\"tabName\":\"kc_gs_group\",\"genList\":[\"api\",\"vue\",\"po\",\"vo\",\"mapper\",\"xml\",\"service\",\"impl\",\"controller\"],\"author\":\"tanlingfei\",\"ftlPath\":\"F:/basemf-sig/src/main/resources/template\",\"mulList\":[],\"filePath\":\"F:/project/kcmg/basemf-sig/src/main/\",\"isLazyDept\":\"false\",\"isGenLeftDept\":\"false\",\"password\":\"root\",\"frontPath\":\"F:/project/kcmg/basemf-sig/base-front/src/\",\"connectionURL\":\"jdbc:mysql://localhost:3306/base-kc?characterEncoding=utf-8&useSSL=false&nullCatalogMeansCurrent=true\",\"driverName\":\"com.mysql.cj.jdbc.Driver\",\"genType\":\"0\",\"packageName\":\"com.lanf.business\",\"username\":\"root\"}', '{\"code\":200,\"message\":\"成功\"}', 1, '', '2023-09-16 21:36:08', '2023-09-16 21:36:08', '2023-09-16 21:36:08', 0);
INSERT INTO `sys_oper_log` VALUES ('1703040817694871554', '代码生成', 'INSERT', 'com.lanf.generator.CodeController.save()', 'POST', 'MANAGE', 'admin', '', '/code/generator/save', '0:0:0:0:0:0:0:1', '{\"tabName\":\"kc_gs_group\",\"genList\":[\"api\",\"vue\",\"po\",\"vo\",\"mapper\",\"xml\",\"service\",\"impl\",\"controller\"],\"author\":\"tanlingfei\",\"ftlPath\":\"F:/basemf-sig/src/main/resources/template\",\"mulList\":[{\"mulSecColum\":\"\",\"mod\":\"pop\",\"data\":\"sys_dept\",\"pageDir\":\"system\",\"modRemark\":\"选择部门\",\"isMul\":\"\",\"mulMainColum\":\"\",\"where\":\"\",\"mulTable\":\"\",\"value\":\"name\",\"key\":\"id\",\"target\":\"dept_id\"}],\"filePath\":\"F:/project/kcmg/basemf-sig/src/main/\",\"isLazyDept\":\"false\",\"isGenLeftDept\":\"false\",\"password\":\"root\",\"frontPath\":\"F:/project/kcmg/basemf-sig/src/\",\"connectionURL\":\"jdbc:mysql://localhost:3306/base-kc?characterEncoding=utf-8&useSSL=false&nullCatalogMeansCurrent=true\",\"driverName\":\"com.mysql.cj.jdbc.Driver\",\"genType\":\"0\",\"packageName\":\"com.lanf.cust\",\"username\":\"root\"}', '{\"code\":200,\"message\":\"成功\"}', 1, '', '2023-09-16 21:39:07', '2023-09-16 21:39:07', '2023-09-16 21:39:07', 0);
INSERT INTO `sys_oper_log` VALUES ('1703041794602725377', '代码生成', 'INSERT', 'com.lanf.generator.CodeController.save()', 'POST', 'MANAGE', 'admin', '', '/code/generator/save', '0:0:0:0:0:0:0:1', '{\"tabName\":\"kc_gs_group\",\"genList\":[\"api\",\"vue\",\"po\",\"vo\",\"mapper\",\"xml\",\"service\",\"impl\",\"controller\"],\"author\":\"tanlingfei\",\"ftlPath\":\"F:/basemf-sig/src/main/resources/template\",\"mulList\":[{\"mulSecColum\":\"\",\"mod\":\"pop\",\"data\":\"sys_dept\",\"pageDir\":\"system\",\"modRemark\":\"选择部门\",\"isMul\":\"\",\"mulMainColum\":\"\",\"where\":\"\",\"mulTable\":\"\",\"value\":\"name\",\"key\":\"id\",\"target\":\"dept_id\"}],\"filePath\":\"F:/project/kcmg/basemf-sig/src/main/\",\"isLazyDept\":\"false\",\"isGenLeftDept\":\"false\",\"password\":\"root\",\"frontPath\":\"F:/project/kcmg/basemf-sig/src/\",\"connectionURL\":\"jdbc:mysql://localhost:3306/base-kc?characterEncoding=utf-8&useSSL=false&nullCatalogMeansCurrent=true\",\"driverName\":\"com.mysql.cj.jdbc.Driver\",\"genType\":\"0\",\"packageName\":\"com.lanf.business\",\"username\":\"root\"}', '{\"code\":200,\"message\":\"成功\"}', 1, '', '2023-09-16 21:42:59', '2023-09-16 21:42:59', '2023-09-16 21:42:59', 0);
INSERT INTO `sys_oper_log` VALUES ('1703044044997791745', '代码生成', 'INSERT', 'com.lanf.generator.CodeController.save()', 'POST', 'MANAGE', 'admin', '', '/code/generator/save', '0:0:0:0:0:0:0:1', '{\"tabName\":\"kc_gs_group\",\"genList\":[\"api\",\"vue\",\"po\",\"vo\",\"mapper\",\"xml\",\"service\",\"impl\",\"controller\"],\"author\":\"tanlingfei\",\"ftlPath\":\"F:/basemf-sig/src/main/resources/template\",\"mulList\":[{\"mulSecColum\":\"\",\"mod\":\"pop\",\"data\":\"sys_dept\",\"pageDir\":\"system\",\"modRemark\":\"选择部门\",\"isMul\":\"false\",\"mulMainColum\":\"\",\"where\":\"\",\"mulTable\":\"\",\"value\":\"name\",\"key\":\"id\",\"target\":\"dept_id\"}],\"filePath\":\"F:/basemf-sig/src/main/\",\"isLazyDept\":\"false\",\"isGenLeftDept\":\"false\",\"password\":\"root\",\"frontPath\":\"F:/base-front/src/\",\"connectionURL\":\"jdbc:mysql://localhost:3306/base-kc?characterEncoding=utf-8&useSSL=false&nullCatalogMeansCurrent=true\",\"driverName\":\"com.mysql.cj.jdbc.Driver\",\"genType\":\"0\",\"packageName\":\"com.lanf.business\",\"username\":\"root\"}', '{\"code\":200,\"message\":\"成功\"}', 1, '', '2023-09-16 21:51:56', '2023-09-16 21:51:56', '2023-09-16 21:51:56', 0);
INSERT INTO `sys_oper_log` VALUES ('1703045068517019649', '代码生成', 'INSERT', 'com.lanf.generator.CodeController.save()', 'POST', 'MANAGE', 'admin', '', '/code/generator/save', '0:0:0:0:0:0:0:1', '{\"tabName\":\"kc_gs_group\",\"genList\":[\"api\",\"vue\",\"po\",\"vo\",\"mapper\",\"xml\",\"service\",\"impl\",\"controller\"],\"author\":\"tanlingfei\",\"ftlPath\":\"F:/basemf-sig/src/main/resources/template\",\"mulList\":[{\"mulSecColum\":\"\",\"mod\":\"pop\",\"data\":\"sys_dept\",\"pageDir\":\"system\",\"modRemark\":\"选择部门\",\"isMul\":\"\",\"mulMainColum\":\"\",\"where\":\"\",\"mulTable\":\"\",\"value\":\"name\",\"key\":\"id\",\"target\":\"dept_id\"}],\"filePath\":\"F:/project/kcmg/basemf-sig/src/main/\",\"isLazyDept\":\"false\",\"isGenLeftDept\":\"false\",\"password\":\"root\",\"frontPath\":\"F:/project/kcmg/basemf-sig/base-front/src/\",\"connectionURL\":\"jdbc:mysql://localhost:3306/base-kc?characterEncoding=utf-8&useSSL=false&nullCatalogMeansCurrent=true\",\"driverName\":\"com.mysql.cj.jdbc.Driver\",\"genType\":\"0\",\"packageName\":\"com.lanf.business\",\"username\":\"root\"}', '{\"code\":200,\"message\":\"成功\"}', 1, '', '2023-09-16 21:56:00', '2023-09-16 21:56:00', '2023-09-16 21:56:00', 0);
INSERT INTO `sys_oper_log` VALUES ('1703046400464437250', '物品分组表', 'UPDATE', 'com.lanf.business.controller.KcGsGroupController.updateById()', 'PUT', 'MANAGE', 'admin', '', '/business/kcGsGroup/update', '0:0:0:0:0:0:0:1', '{\"isDeleted\":0,\"createTime\":1691315215000,\"param\":{},\"deptId\":\"10\",\"name\":\"办公用品\",\"updateTime\":1694872877587,\"id\":\"1688124483550425090\"}', '{\"code\":200,\"message\":\"成功\"}', 1, '', '2023-09-16 22:01:18', '2023-09-16 22:01:18', '2023-09-16 22:01:18', 0);
INSERT INTO `sys_oper_log` VALUES ('1703047820068569089', '物品分组表', 'EXPORT', 'com.lanf.business.controller.KcGsGroupController.exportUser()', 'GET', 'MANAGE', '', '', '/business/kcGsGroup/export', '0:0:0:0:0:0:0:1', '', '', 1, '', '2023-09-16 22:06:56', '2023-09-16 22:06:56', '2023-09-16 22:06:56', 0);
INSERT INTO `sys_oper_log` VALUES ('1703055571763130370', '用户管理', 'UPDATE', 'com.lanf.system.controller.SysUserController.updateById()', 'POST', 'MANAGE', 'admin', '', '/admin/system/sysUser/update', '0:0:0:0:0:0:0:1', '{\"updateTime\":1694875064182,\"postId\":\"9\",\"password\":\"96e79218965eb72c92a549dd5a330112\",\"isDeleted\":0,\"createTime\":1682608477000,\"param\":{},\"phone\":\"13800138000\",\"name\":\"珍珍\",\"deptIds\":[\"30\",\"2013\",\"2018\"],\"id\":\"85fcd7e29ce8908e27d63ad6144a8bca\",\"status\":1,\"username\":\"zhenzhen\"}', '{\"code\":200,\"message\":\"成功\"}', 1, '', '2023-09-16 22:37:44', '2023-09-16 22:37:44', '2023-09-16 22:37:44', 0);
INSERT INTO `sys_oper_log` VALUES ('1703055661370241027', '用户管理', 'UPDATE', 'com.lanf.system.controller.SysUserController.updateById()', 'POST', 'MANAGE', 'admin', '', '/admin/system/sysUser/update', '0:0:0:0:0:0:0:1', '{\"updateTime\":1694875085562,\"postId\":\"9\",\"password\":\"96e79218965eb72c92a549dd5a330112\",\"isDeleted\":0,\"createTime\":1682608477000,\"param\":{},\"phone\":\"13800138000\",\"name\":\"珍珍\",\"deptIds\":[\"30\",\"2013\",\"2018\"],\"id\":\"85fcd7e29ce8908e27d63ad6144a8bca\",\"status\":1,\"username\":\"zhenzhen\"}', '{\"code\":200,\"message\":\"成功\"}', 1, '', '2023-09-16 22:38:06', '2023-09-16 22:38:06', '2023-09-16 22:38:06', 0);
INSERT INTO `sys_oper_log` VALUES ('1703055916123877378', '用户管理', 'UPDATE', 'com.lanf.system.controller.SysUserController.updateById()', 'POST', 'MANAGE', 'admin', '', '/admin/system/sysUser/update', '0:0:0:0:0:0:0:1', '{\"updateTime\":1694875146295,\"postId\":\"9\",\"newpassword\":\"123456\",\"password\":\"e10adc3949ba59abbe56e057f20f883e\",\"isDeleted\":0,\"createTime\":1682608477000,\"param\":{},\"phone\":\"13800138000\",\"name\":\"珍珍\",\"deptIds\":[\"30\",\"2013\",\"2018\"],\"id\":\"85fcd7e29ce8908e27d63ad6144a8bca\",\"status\":1,\"username\":\"zhenzhen\"}', '{\"code\":200,\"message\":\"成功\"}', 1, '', '2023-09-16 22:39:06', '2023-09-16 22:39:06', '2023-09-16 22:39:06', 0);
INSERT INTO `sys_oper_log` VALUES ('1703060687668965379', '用户管理', 'INSERT', 'com.lanf.system.controller.SysUserController.save()', 'POST', 'MANAGE', 'admin', '', '/admin/system/sysUser/save', '0:0:0:0:0:0:0:1', '{\"updateTime\":1694876283916,\"postId\":\"5\",\"password\":\"887328d863061b97df42e19cf44c8ddb\",\"isDeleted\":0,\"createTime\":1694876283916,\"param\":{},\"phone\":\"13621215240\",\"name\":\"猪猪\",\"deptIds\":[\"10\",\"1010\",\"1021\",\"1022\",\"1024\",\"1020\",\"1025\",\"1026\",\"1027\",\"1028\"],\"id\":\"1703060687534747649\",\"username\":\"zz21\"}', '{\"code\":200,\"message\":\"成功\"}', 1, '', '2023-09-16 22:58:04', '2023-09-16 22:58:04', '2023-09-16 22:58:04', 0);
INSERT INTO `sys_oper_log` VALUES ('1703061232718770178', '菜单管理', 'ASSGIN', 'com.lanf.system.controller.SysMenuController.doAssign()', 'POST', 'MANAGE', 'admin', '', '/admin/system/sysMenu/doAssign', '0:0:0:0:0:0:0:1', '{\"roleId\":\"8\",\"menuIdList\":[\"1688123213473230850\",\"1688123841486368769\",\"1688124249835417602\",\"1688124309843324929\",\"1688124364067287041\",\"1688124407813877761\",\"1688157462419030018\",\"1688157721341804546\",\"1688157772499730434\",\"1688157815650729985\",\"1688157859149856769\",\"1693220558657359874\",\"1693221302559117313\",\"1693235624777682945\",\"1693242092956512258\",\"1702712629575827457\",\"1693221551184875522\",\"1693221902269091841\",\"1693237943388934146\",\"1693242189974958081\",\"1702712405893595137\"]}', '{\"code\":200,\"message\":\"成功\"}', 1, '', '2023-09-16 23:00:14', '2023-09-16 23:00:14', '2023-09-16 23:00:14', 0);
INSERT INTO `sys_oper_log` VALUES ('1703064628204990465', '用户管理', 'STATUS', 'com.lanf.system.controller.SysUserController.updateStatus()', 'GET', 'MANAGE', 'admin', '', '/admin/system/sysUser/updateStatus/1703060687534747649/1', '0:0:0:0:0:0:0:1', '', '{\"code\":200,\"message\":\"成功\"}', 1, '', '2023-09-16 23:13:43', '2023-09-16 23:13:43', '2023-09-16 23:13:43', 0);
INSERT INTO `sys_oper_log` VALUES ('1703064768445739009', '角色管理', 'ASSGIN', 'com.lanf.system.controller.SysRoleController.doAssign()', 'POST', 'MANAGE', 'admin', '', '/admin/system/sysRole/doAssign', '0:0:0:0:0:0:0:1', '{\"roleIdList\":[\"8\"],\"userId\":\"1703060687534747649\"}', '{\"code\":200,\"message\":\"成功\"}', 1, '', '2023-09-16 23:14:17', '2023-09-16 23:14:17', '2023-09-16 23:14:17', 0);
INSERT INTO `sys_oper_log` VALUES ('1703065546354913281', '菜单管理', 'INSERT', 'com.lanf.system.controller.SysMenuController.save()', 'POST', 'MANAGE', 'admin', '', '/admin/system/sysMenu/save', '0:0:0:0:0:0:0:1', '{\"select\":false,\"icon\":\"\",\"updateTime\":1694877442330,\"type\":2,\"parentId\":\"1688123841486368769\",\"path\":\"\",\"sortValue\":1,\"component\":\"\",\"parentName\":\"物品分组\",\"isDeleted\":0,\"createTime\":1694877442330,\"param\":{},\"name\":\"获取部门\",\"perms\":\"bnt.sysDept.list\",\"id\":\"1703065546304581634\",\"status\":1}', '{\"code\":200,\"message\":\"成功\"}', 1, '', '2023-09-16 23:17:22', '2023-09-16 23:17:22', '2023-09-16 23:17:22', 0);
INSERT INTO `sys_oper_log` VALUES ('1703065617737773058', '菜单管理', 'INSERT', 'com.lanf.system.controller.SysMenuController.save()', 'POST', 'MANAGE', 'admin', '', '/admin/system/sysMenu/save', '0:0:0:0:0:0:0:1', '{\"select\":false,\"icon\":\"\",\"updateTime\":1694877459362,\"type\":2,\"parentId\":\"1688157462419030018\",\"path\":\"\",\"sortValue\":1,\"component\":\"\",\"parentName\":\"物品管理\",\"isDeleted\":0,\"createTime\":1694877459362,\"param\":{},\"name\":\"获取部门\",\"perms\":\"bnt.sysDept.list\",\"id\":\"1703065617737773057\",\"status\":1}', '{\"code\":200,\"message\":\"成功\"}', 1, '', '2023-09-16 23:17:39', '2023-09-16 23:17:39', '2023-09-16 23:17:39', 0);
INSERT INTO `sys_oper_log` VALUES ('1703066584445153281', '菜单管理', 'DELETE', 'com.lanf.system.controller.SysMenuController.remove()', 'DELETE', 'MANAGE', 'admin', '', '/admin/system/sysMenu/remove/1703065546304581634', '0:0:0:0:0:0:0:1', '', '{\"code\":200,\"message\":\"成功\"}', 1, '', '2023-09-16 23:21:30', '2023-09-16 23:21:30', '2023-09-16 23:21:30', 0);
INSERT INTO `sys_oper_log` VALUES ('1703066638924967937', '菜单管理', 'DELETE', 'com.lanf.system.controller.SysMenuController.remove()', 'DELETE', 'MANAGE', 'admin', '', '/admin/system/sysMenu/remove/1703065617737773057', '0:0:0:0:0:0:0:1', '', '{\"code\":200,\"message\":\"成功\"}', 1, '', '2023-09-16 23:21:43', '2023-09-16 23:21:43', '2023-09-16 23:21:43', 0);
INSERT INTO `sys_oper_log` VALUES ('1703066790666498056', '菜单管理', 'ASSGIN', 'com.lanf.system.controller.SysMenuController.doAssign()', 'POST', 'MANAGE', 'admin', '', '/admin/system/sysMenu/doAssign', '0:0:0:0:0:0:0:1', '{\"roleId\":\"8\",\"menuIdList\":[\"1688123213473230850\",\"1688123841486368769\",\"1688124249835417602\",\"1688124309843324929\",\"1688124364067287041\",\"1688124407813877761\",\"1688157462419030018\",\"1688157721341804546\",\"1688157772499730434\",\"1688157815650729985\",\"1688157859149856769\",\"1693220558657359874\",\"1693221302559117313\",\"1693235624777682945\",\"1693242092956512258\",\"1702712629575827457\",\"1693221551184875522\",\"1693221902269091841\",\"1693237943388934146\",\"1693242189974958081\",\"1702712405893595137\",\"2\",\"20\",\"21\"]}', '{\"code\":200,\"message\":\"成功\"}', 1, '', '2023-09-16 23:22:19', '2023-09-16 23:22:19', '2023-09-16 23:22:19', 0);
INSERT INTO `sys_oper_log` VALUES ('1703067538032750593', '物品表', 'INSERT', 'com.lanf.business.controller.KcGoodsController.save()', 'POST', 'MANAGE', 'zz21', '', '/business/kcGoods/save', '0:0:0:0:0:0:0:1', '', '{\"code\":200,\"message\":\"成功\"}', 1, '', '2023-09-16 23:25:17', '2023-09-16 23:25:17', '2023-09-16 23:25:17', 0);
INSERT INTO `sys_oper_log` VALUES ('1703086068258107394', '菜单管理', 'INSERT', 'com.lanf.system.controller.SysMenuController.save()', 'POST', 'MANAGE', 'admin', '', '/admin/system/sysMenu/save', '0:0:0:0:0:0:0:1', '{\"select\":false,\"icon\":\"\",\"updateTime\":1694882335140,\"type\":0,\"parentId\":\"1688123213473230850\",\"path\":\"\",\"sortValue\":1,\"component\":\"ParentView\",\"parentName\":\"库存管理\",\"isDeleted\":0,\"createTime\":1694882335140,\"param\":{},\"name\":\"统计分析\",\"perms\":\"\",\"id\":\"1703086068258107393\",\"status\":1}', '{\"code\":200,\"message\":\"成功\"}', 1, '', '2023-09-17 00:38:55', '2023-09-17 00:38:55', '2023-09-17 00:38:55', 0);
INSERT INTO `sys_oper_log` VALUES ('1703094383042162689', '菜单管理', 'UPDATE', 'com.lanf.system.controller.SysMenuController.updateById()', 'POST', 'MANAGE', 'admin', '', '/admin/system/sysMenu/update', '0:0:0:0:0:0:0:1', '{\"select\":false,\"icon\":\"iconfont icon-tongji\",\"updateTime\":1694884317540,\"type\":0,\"parentId\":\"1688123213473230850\",\"path\":\"\",\"sortValue\":1,\"component\":\"ParentView\",\"parentName\":\"库存管理\",\"isDeleted\":0,\"createTime\":1694882335000,\"param\":{},\"name\":\"统计分析\",\"perms\":\"\",\"id\":\"1703086068258107393\",\"status\":1}', '{\"code\":200,\"message\":\"成功\"}', 1, '', '2023-09-17 01:11:58', '2023-09-17 01:11:58', '2023-09-17 01:11:58', 0);
INSERT INTO `sys_oper_log` VALUES ('1703094452533391361', '菜单管理', 'UPDATE', 'com.lanf.system.controller.SysMenuController.updateById()', 'POST', 'MANAGE', 'admin', '', '/admin/system/sysMenu/update', '0:0:0:0:0:0:0:1', '{\"select\":false,\"icon\":\"iconfont icon-tongji\",\"updateTime\":1694884334100,\"type\":0,\"parentId\":\"1688123213473230850\",\"path\":\"\",\"sortValue\":5,\"component\":\"ParentView\",\"parentName\":\"库存管理\",\"isDeleted\":0,\"createTime\":1694882335000,\"param\":{},\"name\":\"统计分析\",\"perms\":\"\",\"id\":\"1703086068258107393\",\"status\":1}', '{\"code\":200,\"message\":\"成功\"}', 1, '', '2023-09-17 01:12:14', '2023-09-17 01:12:14', '2023-09-17 01:12:14', 0);
INSERT INTO `sys_oper_log` VALUES ('1703094583236292611', '菜单管理', 'INSERT', 'com.lanf.system.controller.SysMenuController.save()', 'POST', 'MANAGE', 'admin', '', '/admin/system/sysMenu/save', '0:0:0:0:0:0:0:1', '{\"select\":false,\"icon\":\"iconfont icon-tongjifenxi\",\"updateTime\":1694884365271,\"type\":1,\"parentId\":\"1703086068258107393\",\"path\":\"\",\"sortValue\":1,\"component\":\"\",\"parentName\":\"统计分析\",\"isDeleted\":0,\"createTime\":1694884365271,\"param\":{},\"name\":\"销售统计\",\"perms\":\"\",\"id\":\"1703094583236292610\",\"status\":1}', '{\"code\":200,\"message\":\"成功\"}', 1, '', '2023-09-17 01:12:45', '2023-09-17 01:12:45', '2023-09-17 01:12:45', 0);
INSERT INTO `sys_oper_log` VALUES ('1703104947034320898', '菜单管理', 'INSERT', 'com.lanf.system.controller.SysMenuController.save()', 'POST', 'MANAGE', 'admin', '', '/admin/system/sysMenu/save', '0:0:0:0:0:0:0:1', '{\"select\":false,\"icon\":\"iconfont icon-tongjifenxi\",\"updateTime\":1694886836188,\"type\":1,\"parentId\":\"1703086068258107393\",\"path\":\"salesReport\",\"sortValue\":1,\"component\":\"pages/tj/SalesReport\",\"parentName\":\"统计分析\",\"isDeleted\":0,\"createTime\":1694886836188,\"param\":{},\"name\":\"销售统计\",\"perms\":\"\",\"id\":\"1703104946904297473\",\"status\":1}', '{\"code\":200,\"message\":\"成功\"}', 1, '', '2023-09-17 01:53:56', '2023-09-17 01:53:56', '2023-09-17 01:53:56', 0);
INSERT INTO `sys_oper_log` VALUES ('1703270112157593602', '用户管理', 'UPDATE', 'com.lanf.system.controller.SysUserController.updateById()', 'POST', 'MANAGE', 'admin', '', '/admin/system/sysUser/update', '0:0:0:0:0:0:0:1', '{\"updateTime\":1694926214574,\"postId\":\"5\",\"password\":\"887328d863061b97df42e19cf44c8ddb\",\"isDeleted\":0,\"createTime\":1694876284000,\"param\":{},\"phone\":\"13621215240\",\"name\":\"猪猪\",\"deptIds\":[\"10\",\"1010\",\"1021\",\"1022\",\"1024\",\"1020\",\"1025\",\"1026\",\"1027\",\"1028\"],\"id\":\"1703060687534747649\",\"status\":1,\"username\":\"zz21\"}', '{\"code\":200,\"message\":\"成功\"}', 1, '', '2023-09-17 12:50:15', '2023-09-17 12:50:15', '2023-09-17 12:50:15', 0);
INSERT INTO `sys_oper_log` VALUES ('1703275123759476738', '代码生成', 'INSERT', 'com.lanf.generator.CodeController.save()', 'POST', 'MANAGE', 'admin', '', '/code/generator/save', '0:0:0:0:0:0:0:1', '{\"tabName\":\"kc_sales_records\",\"genList\":[\"api\",\"vue\",\"po\",\"vo\",\"mapper\",\"xml\",\"service\",\"impl\",\"controller\"],\"author\":\"tanlingfei\",\"ftlPath\":\"F:/basemf-sig/src/main/resources/template\",\"mulList\":[],\"filePath\":\"F:\\\\project\\\\kcmg\\\\basemf-sig/src/main/\",\"isLazyDept\":\"false\",\"isGenLeftDept\":\"false\",\"password\":\"root\",\"frontPath\":\"F:\\\\project\\\\kcmg\\\\basemf-sig/base-front/src/\",\"connectionURL\":\"jdbc:mysql://localhost:3306/base-lf?characterEncoding=utf-8&useSSL=false&nullCatalogMeansCurrent=true\",\"driverName\":\"com.mysql.cj.jdbc.Driver\",\"genType\":\"0\",\"packageName\":\"com.lanf.cust\",\"username\":\"root\"}', '', 0, '表(kc_sales_records)在数据库中不存在', '2023-09-17 13:10:09', '2023-09-17 13:10:09', '2023-09-17 13:10:09', 0);
INSERT INTO `sys_oper_log` VALUES ('1703275182056108034', '代码生成', 'INSERT', 'com.lanf.generator.CodeController.save()', 'POST', 'MANAGE', 'admin', '', '/code/generator/save', '0:0:0:0:0:0:0:1', '{\"tabName\":\"kc_sales_records\",\"genList\":[\"api\",\"vue\",\"po\",\"vo\",\"mapper\",\"xml\",\"service\",\"impl\",\"controller\"],\"author\":\"tanlingfei\",\"ftlPath\":\"F:/basemf-sig/src/main/resources/template\",\"mulList\":[],\"filePath\":\"F:\\\\project\\\\kcmg\\\\basemf-sig/src/main/\",\"isLazyDept\":\"false\",\"isGenLeftDept\":\"false\",\"password\":\"root\",\"frontPath\":\"F:\\\\project\\\\kcmg\\\\basemf-sig/base-front/src/\",\"connectionURL\":\"jdbc:mysql://localhost:3306/base-kc?characterEncoding=utf-8&useSSL=false&nullCatalogMeansCurrent=true\",\"driverName\":\"com.mysql.cj.jdbc.Driver\",\"genType\":\"0\",\"packageName\":\"com.lanf.cust\",\"username\":\"root\"}', '{\"code\":200,\"message\":\"成功\"}', 1, '', '2023-09-17 13:10:23', '2023-09-17 13:10:23', '2023-09-17 13:10:23', 0);
INSERT INTO `sys_oper_log` VALUES ('1703275224267583490', '代码生成', 'INSERT', 'com.lanf.generator.CodeController.save()', 'POST', 'MANAGE', 'admin', '', '/code/generator/save', '0:0:0:0:0:0:0:1', '{\"tabName\":\"\",\"genList\":[\"api\",\"vue\",\"po\",\"vo\",\"mapper\",\"xml\",\"service\",\"impl\",\"controller\"],\"author\":\"tanlingfei\",\"ftlPath\":\"F:/basemf-sig/src/main/resources/template\",\"mulList\":[],\"filePath\":\"F:\\\\project\\\\kcmg\\\\basemf-sig/src/main/\",\"isLazyDept\":\"false\",\"isGenLeftDept\":\"false\",\"password\":\"root\",\"frontPath\":\"F:\\\\project\\\\kcmg\\\\basemf-sig/base-front/src/\",\"connectionURL\":\"jdbc:mysql://localhost:3306/base-lf?characterEncoding=utf-8&useSSL=false&nullCatalogMeansCurrent=true\",\"driverName\":\"com.mysql.cj.jdbc.Driver\",\"genType\":\"0\",\"packageName\":\"com.lanf.cust\",\"username\":\"root\"}', '', 0, '表()在数据库中不存在', '2023-09-17 13:10:33', '2023-09-17 13:10:33', '2023-09-17 13:10:33', 0);
INSERT INTO `sys_oper_log` VALUES ('1703278295714435073', '物品销售记录表', 'EXPORT', 'com.lanf.business.controller.KcSalesRecordsController.exportUser()', 'GET', 'MANAGE', '', '', '/business/kcSalesRecords/export', '0:0:0:0:0:0:0:1', '', '', 1, '', '2023-09-17 13:22:46', '2023-09-17 13:22:46', '2023-09-17 13:22:46', 0);
INSERT INTO `sys_oper_log` VALUES ('1703305138609897474', '入库记录表', 'INSERT', 'com.lanf.business.controller.KcStockRecordsController.save()', 'POST', 'MANAGE', 'admin', '', '/business/kcStockRecords/save', '0:0:0:0:0:0:0:1', '{\"quantity\":55,\"sumPrice\":427735,\"isDeleted\":0,\"createTime\":1694934565541,\"param\":{},\"goodsId\":\"1700785054087217153\",\"price\":7777,\"stockDate\":1673280000000,\"updateTime\":1694934565541,\"id\":\"1703305138442125313\"}', '{\"code\":200,\"message\":\"成功\"}', 1, '', '2023-09-17 15:09:26', '2023-09-17 15:09:26', '2023-09-17 15:09:26', 0);
INSERT INTO `sys_oper_log` VALUES ('1703305326023983107', '入库记录表', 'INSERT', 'com.lanf.business.controller.KcStockRecordsController.save()', 'POST', 'MANAGE', 'admin', '', '/business/kcStockRecords/save', '0:0:0:0:0:0:0:1', '{\"quantity\":10,\"sumPrice\":77770,\"isDeleted\":0,\"createTime\":1694934610263,\"param\":{},\"goodsId\":\"1700785054087217153\",\"price\":7777,\"stockDate\":1694934608000,\"updateTime\":1694934610263,\"id\":\"1703305326023983106\"}', '{\"code\":200,\"message\":\"成功\"}', 1, '', '2023-09-17 15:10:10', '2023-09-17 15:10:10', '2023-09-17 15:10:10', 0);
INSERT INTO `sys_oper_log` VALUES ('1703305433733709825', '入库记录表', 'INSERT', 'com.lanf.business.controller.KcStockRecordsController.save()', 'POST', 'MANAGE', 'admin', '', '/business/kcStockRecords/save', '0:0:0:0:0:0:0:1', '{\"quantity\":87,\"sumPrice\":676599,\"isDeleted\":0,\"createTime\":1694934635930,\"param\":{},\"goodsId\":\"1700785054087217153\",\"price\":7777,\"stockDate\":1680105600000,\"updateTime\":1694934635930,\"id\":\"1703305433666600961\"}', '{\"code\":200,\"message\":\"成功\"}', 1, '', '2023-09-17 15:10:36', '2023-09-17 15:10:36', '2023-09-17 15:10:36', 0);
INSERT INTO `sys_oper_log` VALUES ('1703305507951919106', '入库记录表', 'INSERT', 'com.lanf.business.controller.KcStockRecordsController.save()', 'POST', 'MANAGE', 'admin', '', '/business/kcStockRecords/save', '0:0:0:0:0:0:0:1', '{\"quantity\":11,\"sumPrice\":85547,\"isDeleted\":0,\"createTime\":1694934653627,\"param\":{},\"goodsId\":\"1700785054087217153\",\"price\":7777,\"stockDate\":1681228800000,\"updateTime\":1694934653627,\"id\":\"1703305507884810242\"}', '{\"code\":200,\"message\":\"成功\"}', 1, '', '2023-09-17 15:10:54', '2023-09-17 15:10:54', '2023-09-17 15:10:54', 0);
INSERT INTO `sys_oper_log` VALUES ('1703305619784646659', '入库记录表', 'INSERT', 'com.lanf.business.controller.KcStockRecordsController.save()', 'POST', 'MANAGE', 'admin', '', '/business/kcStockRecords/save', '0:0:0:0:0:0:0:1', '{\"quantity\":20,\"sumPrice\":155540,\"isDeleted\":0,\"createTime\":1694934680301,\"param\":{},\"goodsId\":\"1700785054087217153\",\"price\":7777,\"stockDate\":1684425600000,\"updateTime\":1694934680301,\"id\":\"1703305619784646658\"}', '{\"code\":200,\"message\":\"成功\"}', 1, '', '2023-09-17 15:11:20', '2023-09-17 15:11:20', '2023-09-17 15:11:20', 0);
INSERT INTO `sys_oper_log` VALUES ('1703305715683213313', '入库记录表', 'INSERT', 'com.lanf.business.controller.KcStockRecordsController.save()', 'POST', 'MANAGE', 'admin', '', '/business/kcStockRecords/save', '0:0:0:0:0:0:0:1', '{\"quantity\":87,\"sumPrice\":676599,\"isDeleted\":0,\"createTime\":1694934703155,\"param\":{},\"goodsId\":\"1700785054087217153\",\"price\":7777,\"stockDate\":1687190400000,\"updateTime\":1694934703155,\"id\":\"1703305715611910145\"}', '{\"code\":200,\"message\":\"成功\"}', 1, '', '2023-09-17 15:11:43', '2023-09-17 15:11:43', '2023-09-17 15:11:43', 0);
INSERT INTO `sys_oper_log` VALUES ('1703305883245658113', '入库记录表', 'INSERT', 'com.lanf.business.controller.KcStockRecordsController.save()', 'POST', 'MANAGE', 'admin', '', '/business/kcStockRecords/save', '0:0:0:0:0:0:0:1', '{\"quantity\":81,\"sumPrice\":629937,\"isDeleted\":0,\"createTime\":1694934743103,\"param\":{},\"goodsId\":\"1700785054087217153\",\"price\":7777,\"stockDate\":1687370520000,\"updateTime\":1694934743103,\"id\":\"1703305883170160642\"}', '{\"code\":200,\"message\":\"成功\"}', 1, '', '2023-09-17 15:12:23', '2023-09-17 15:12:23', '2023-09-17 15:12:23', 0);
INSERT INTO `sys_oper_log` VALUES ('1703305966980743170', '入库记录表', 'INSERT', 'com.lanf.business.controller.KcStockRecordsController.save()', 'POST', 'MANAGE', 'admin', '', '/business/kcStockRecords/save', '0:0:0:0:0:0:0:1', '{\"quantity\":7,\"sumPrice\":54439,\"isDeleted\":0,\"createTime\":1694934763077,\"param\":{},\"goodsId\":\"1700785054087217153\",\"price\":7777,\"stockDate\":1689091200000,\"updateTime\":1694934763077,\"id\":\"1703305966892662786\"}', '{\"code\":200,\"message\":\"成功\"}', 1, '', '2023-09-17 15:12:43', '2023-09-17 15:12:43', '2023-09-17 15:12:43', 0);
INSERT INTO `sys_oper_log` VALUES ('1703306033833754625', '入库记录表', 'INSERT', 'com.lanf.business.controller.KcStockRecordsController.save()', 'POST', 'MANAGE', 'admin', '', '/business/kcStockRecords/save', '0:0:0:0:0:0:0:1', '{\"quantity\":66,\"sumPrice\":513282,\"isDeleted\":0,\"createTime\":1694934779017,\"param\":{},\"goodsId\":\"1700785054087217153\",\"price\":7777,\"stockDate\":1693411200000,\"updateTime\":1694934779017,\"id\":\"1703306033770840066\"}', '{\"code\":200,\"message\":\"成功\"}', 1, '', '2023-09-17 15:12:59', '2023-09-17 15:12:59', '2023-09-17 15:12:59', 0);
INSERT INTO `sys_oper_log` VALUES ('1703306661293244418', '物品销售记录表', 'INSERT', 'com.lanf.business.controller.KcSalesRecordsController.save()', 'POST', 'MANAGE', 'admin', '', '/business/kcSalesRecords/save', '0:0:0:0:0:0:0:1', '{\"saleTime\":1694934924000,\"sumPrice\":513282,\"isDeleted\":0,\"createTime\":1694934928616,\"param\":{},\"goodsId\":\"1700785054087217153\",\"price\":7777,\"updateTime\":1694934928616,\"id\":\"1703306661293244417\",\"saleNum\":66}', '{\"code\":200,\"message\":\"成功\"}', 1, '', '2023-09-17 15:15:29', '2023-09-17 15:15:29', '2023-09-17 15:15:29', 0);
INSERT INTO `sys_oper_log` VALUES ('1703306722525888514', '物品销售记录表', 'UPDATE', 'com.lanf.business.controller.KcSalesRecordsController.updateById()', 'PUT', 'MANAGE', 'admin', '', '/business/kcSalesRecords/update', '0:0:0:0:0:0:0:1', '{\"saleTime\":1673421324000,\"sumPrice\":513282,\"isDeleted\":0,\"createTime\":1694934929000,\"param\":{},\"goodsId\":\"1700785054087217153\",\"price\":7777,\"updateTime\":1694934943213,\"id\":\"1703306661293244417\",\"saleNum\":66,\"version\":1}', '{\"code\":200,\"message\":\"成功\"}', 1, '', '2023-09-17 15:15:43', '2023-09-17 15:15:43', '2023-09-17 15:15:43', 0);
INSERT INTO `sys_oper_log` VALUES ('1703306816331497474', '物品销售记录表', 'INSERT', 'com.lanf.business.controller.KcSalesRecordsController.save()', 'POST', 'MANAGE', 'admin', '', '/business/kcSalesRecords/save', '0:0:0:0:0:0:0:1', '{\"saleTime\":1676304000000,\"sumPrice\":23331,\"isDeleted\":0,\"createTime\":1694934965579,\"param\":{},\"goodsId\":\"1700785054087217153\",\"price\":7777,\"updateTime\":1694934965579,\"id\":\"1703306816268582914\",\"saleNum\":3}', '{\"code\":200,\"message\":\"成功\"}', 1, '', '2023-09-17 15:16:06', '2023-09-17 15:16:06', '2023-09-17 15:16:06', 0);
INSERT INTO `sys_oper_log` VALUES ('1703306881586479107', '物品销售记录表', 'INSERT', 'com.lanf.business.controller.KcSalesRecordsController.save()', 'POST', 'MANAGE', 'admin', '', '/business/kcSalesRecords/save', '0:0:0:0:0:0:0:1', '{\"saleTime\":1678809600000,\"sumPrice\":591052,\"isDeleted\":0,\"createTime\":1694934981141,\"param\":{},\"goodsId\":\"1700785054087217153\",\"price\":7777,\"updateTime\":1694934981141,\"id\":\"1703306881586479106\",\"saleNum\":76}', '{\"code\":200,\"message\":\"成功\"}', 1, '', '2023-09-17 15:16:21', '2023-09-17 15:16:21', '2023-09-17 15:16:21', 0);
INSERT INTO `sys_oper_log` VALUES ('1703306958732312578', '物品销售记录表', 'INSERT', 'com.lanf.business.controller.KcSalesRecordsController.save()', 'POST', 'MANAGE', 'admin', '', '/business/kcSalesRecords/save', '0:0:0:0:0:0:0:1', '{\"saleTime\":1681833600000,\"sumPrice\":427735,\"isDeleted\":0,\"createTime\":1694934999533,\"param\":{},\"goodsId\":\"1700785054087217153\",\"price\":7777,\"updateTime\":1694934999533,\"id\":\"1703306958732312577\",\"saleNum\":55}', '{\"code\":200,\"message\":\"成功\"}', 1, '', '2023-09-17 15:16:40', '2023-09-17 15:16:40', '2023-09-17 15:16:40', 0);
INSERT INTO `sys_oper_log` VALUES ('1703306958929444866', '物品销售记录表', 'INSERT', 'com.lanf.business.controller.KcSalesRecordsController.save()', 'POST', 'MANAGE', 'admin', '', '/business/kcSalesRecords/save', '0:0:0:0:0:0:0:1', '{\"saleTime\":1681833600000,\"sumPrice\":427735,\"isDeleted\":0,\"createTime\":1694934999579,\"param\":{},\"goodsId\":\"1700785054087217153\",\"price\":7777,\"updateTime\":1694934999579,\"id\":\"1703306958929444865\",\"saleNum\":55}', '{\"code\":200,\"message\":\"成功\"}', 1, '', '2023-09-17 15:16:40', '2023-09-17 15:16:40', '2023-09-17 15:16:40', 0);
INSERT INTO `sys_oper_log` VALUES ('1703307037803331586', '物品销售记录表', 'INSERT', 'com.lanf.business.controller.KcSalesRecordsController.save()', 'POST', 'MANAGE', 'admin', '', '/business/kcSalesRecords/save', '0:0:0:0:0:0:0:1', '{\"saleTime\":1684166400000,\"sumPrice\":424196465,\"isDeleted\":0,\"createTime\":1694935018312,\"param\":{},\"goodsId\":\"1700785054087217153\",\"price\":7777,\"updateTime\":1694935018312,\"id\":\"1703307037467787266\",\"saleNum\":54545}', '', 0, '\r\n### Error updating database.  Cause: com.mysql.cj.jdbc.exceptions.MysqlDataTruncation: Data truncation: Out of range value for column \'sum_price\' at row 1\r\n### The error may exist in com/lanf/business/mapper/KcSalesRecordsMapper.java (best guess)\r\n### The error may involve com.lanf.business.mapper.KcSalesRecordsMapper.insert-Inline\r\n### The error occurred while setting parameters\r\n### SQL: INSERT INTO kc_sales_records  ( id, goods_id, sale_time, sale_num, price, sum_price,  create_time, update_time, is_deleted )  VALUES  ( ?, ?, ?, ?, ?, ?,  ?, ?, ? )\r\n### Cause: com.mysql.cj.jdbc.exceptions.MysqlDataTruncation: Data truncation: Out of range value for column \'sum_price\' at row 1\n; Data truncation: Out of range value for column \'sum_price\' at row 1; nested exception is com.mysql.cj.jdbc.exceptions.MysqlDataTruncation: Data truncation: Out of range value for column \'sum_price\' at row 1', '2023-09-17 15:16:58', '2023-09-17 15:16:58', '2023-09-17 15:16:58', 0);
INSERT INTO `sys_oper_log` VALUES ('1703307399473971202', '物品销售记录表', 'INSERT', 'com.lanf.business.controller.KcSalesRecordsController.save()', 'POST', 'MANAGE', 'admin', '', '/business/kcSalesRecords/save', '0:0:0:0:0:0:0:1', '{\"saleTime\":1684166400000,\"sumPrice\":424196465,\"isDeleted\":0,\"createTime\":1694935104609,\"param\":{},\"goodsId\":\"1700785054087217153\",\"price\":7777,\"updateTime\":1694935104609,\"id\":\"1703307399406862338\",\"saleNum\":54545}', '', 0, '物品库存数量不够', '2023-09-17 15:18:25', '2023-09-17 15:18:25', '2023-09-17 15:18:25', 0);
INSERT INTO `sys_oper_log` VALUES ('1703307444520796162', '物品销售记录表', 'INSERT', 'com.lanf.business.controller.KcSalesRecordsController.save()', 'POST', 'MANAGE', 'admin', '', '/business/kcSalesRecords/save', '0:0:0:0:0:0:0:1', '{\"saleTime\":1684166400000,\"sumPrice\":419958,\"isDeleted\":0,\"createTime\":1694935115351,\"param\":{},\"goodsId\":\"1700785054087217153\",\"price\":7777,\"updateTime\":1694935115351,\"id\":\"1703307444457881601\",\"saleNum\":54}', '{\"code\":200,\"message\":\"成功\"}', 1, '', '2023-09-17 15:18:35', '2023-09-17 15:18:35', '2023-09-17 15:18:35', 0);
INSERT INTO `sys_oper_log` VALUES ('1703307560921120770', '物品销售记录表', 'INSERT', 'com.lanf.business.controller.KcSalesRecordsController.save()', 'POST', 'MANAGE', 'admin', '', '/business/kcSalesRecords/save', '0:0:0:0:0:0:0:1', '{\"saleTime\":1687363200000,\"sumPrice\":684376,\"isDeleted\":0,\"createTime\":1694935143109,\"param\":{},\"goodsId\":\"1700785054087217153\",\"price\":7777,\"updateTime\":1694935143109,\"id\":\"1703307560921120769\",\"saleNum\":88}', '{\"code\":200,\"message\":\"成功\"}', 1, '', '2023-09-17 15:19:03', '2023-09-17 15:19:03', '2023-09-17 15:19:03', 0);
INSERT INTO `sys_oper_log` VALUES ('1703307629221167106', '物品销售记录表', 'INSERT', 'com.lanf.business.controller.KcSalesRecordsController.save()', 'POST', 'MANAGE', 'admin', '', '/business/kcSalesRecords/save', '0:0:0:0:0:0:0:1', '{\"saleTime\":1688918400000,\"sumPrice\":769923,\"isDeleted\":0,\"createTime\":1694935159388,\"param\":{},\"goodsId\":\"1700785054087217153\",\"price\":7777,\"updateTime\":1694935159388,\"id\":\"1703307629154058242\",\"saleNum\":99}', '', 0, '物品库存数量不够', '2023-09-17 15:19:19', '2023-09-17 15:19:19', '2023-09-17 15:19:19', 0);
INSERT INTO `sys_oper_log` VALUES ('1703307651748773890', '物品销售记录表', 'INSERT', 'com.lanf.business.controller.KcSalesRecordsController.save()', 'POST', 'MANAGE', 'admin', '', '/business/kcSalesRecords/save', '0:0:0:0:0:0:0:1', '{\"saleTime\":1688918400000,\"sumPrice\":287749,\"isDeleted\":0,\"createTime\":1694935164754,\"param\":{},\"goodsId\":\"1700785054087217153\",\"price\":7777,\"updateTime\":1694935164754,\"id\":\"1703307651681665025\",\"saleNum\":37}', '', 0, '物品库存数量不够', '2023-09-17 15:19:25', '2023-09-17 15:19:25', '2023-09-17 15:19:25', 0);
INSERT INTO `sys_oper_log` VALUES ('1703307668110753794', '物品销售记录表', 'INSERT', 'com.lanf.business.controller.KcSalesRecordsController.save()', 'POST', 'MANAGE', 'admin', '', '/business/kcSalesRecords/save', '0:0:0:0:0:0:0:1', '{\"saleTime\":1688918400000,\"sumPrice\":85547,\"isDeleted\":0,\"createTime\":1694935168655,\"param\":{},\"goodsId\":\"1700785054087217153\",\"price\":7777,\"updateTime\":1694935168655,\"id\":\"1703307668047839233\",\"saleNum\":11}', '{\"code\":200,\"message\":\"成功\"}', 1, '', '2023-09-17 15:19:29', '2023-09-17 15:19:29', '2023-09-17 15:19:29', 0);
INSERT INTO `sys_oper_log` VALUES ('1703337210003128322', '菜单管理', 'ASSGIN', 'com.lanf.system.controller.SysMenuController.doAssign()', 'POST', 'MANAGE', 'admin', '', '/admin/system/sysMenu/doAssign', '0:0:0:0:0:0:0:1', '{\"roleId\":\"8\",\"menuIdList\":[\"1688123213473230850\",\"1688123841486368769\",\"1688124249835417602\",\"1688124309843324929\",\"1688124364067287041\",\"1688124407813877761\",\"1688157462419030018\",\"1688157721341804546\",\"1688157772499730434\",\"1688157815650729985\",\"1688157859149856769\",\"1693220558657359874\",\"1693221302559117313\",\"1693235624777682945\",\"1693242092956512258\",\"1702712629575827457\",\"1693221551184875522\",\"1693221902269091841\",\"1693237943388934146\",\"1693242189974958081\",\"1702712405893595137\",\"1703086068258107393\",\"1703104946904297473\",\"2\",\"20\",\"21\"]}', '{\"code\":200,\"message\":\"成功\"}', 1, '', '2023-09-17 17:16:52', '2023-09-17 17:16:52', '2023-09-17 17:16:52', 0);
INSERT INTO `sys_oper_log` VALUES ('1703817951841447937', '物品表', 'UPDATE', 'com.lanf.business.controller.KcGoodsController.updateById()', 'PUT', 'MANAGE', 'admin', '', '/business/kcGoods/update', '0:0:0:0:0:0:0:1', '{\"groupId\":\"1688124483550425090\",\"deptId\":\"10\",\"description\":\"undefined\",\"param\":{},\"price\":77,\"name\":\"液晶高清屏\",\"id\":\"1700590212296036354\"}', '{\"code\":200,\"message\":\"成功\"}', 1, '', '2023-09-19 01:07:10', '2023-09-19 01:07:10', '2023-09-19 01:07:10', 0);
INSERT INTO `sys_oper_log` VALUES ('1703818169714569218', '物品销售记录表', 'UPDATE', 'com.lanf.business.controller.KcSalesRecordsController.updateById()', 'PUT', 'MANAGE', 'admin', '', '/business/kcSalesRecords/update', '0:0:0:0:0:0:0:1', '{\"saleTime\":1688918400000,\"sumPrice\":85547,\"isDeleted\":0,\"createTime\":1694935169000,\"param\":{},\"goodsId\":\"1700785054087217153\",\"price\":7777,\"updateTime\":1695056881716,\"id\":\"1703307668047839233\",\"saleNum\":11,\"version\":1}', '{\"code\":200,\"message\":\"成功\"}', 1, '', '2023-09-19 01:08:02', '2023-09-19 01:08:02', '2023-09-19 01:08:02', 0);
INSERT INTO `sys_oper_log` VALUES ('1703818306989944833', '入库记录表', 'UPDATE', 'com.lanf.business.controller.KcStockRecordsController.updateById()', 'PUT', 'MANAGE', 'admin', '', '/business/kcStockRecords/update', '0:0:0:0:0:0:0:1', '{\"quantity\":7,\"sumPrice\":54439,\"isDeleted\":0,\"createTime\":1694934763000,\"param\":{},\"goodsId\":\"1700785054087217153\",\"price\":7777,\"stockDate\":1689091200000,\"updateTime\":1695056914445,\"id\":\"1703305966892662786\",\"version\":1}', '{\"code\":200,\"message\":\"成功\"}', 1, '', '2023-09-19 01:08:34', '2023-09-19 01:08:34', '2023-09-19 01:08:34', 0);
INSERT INTO `sys_oper_log` VALUES ('1703820157516869633', '菜单管理', 'UPDATE', 'com.lanf.system.controller.SysMenuController.updateById()', 'POST', 'MANAGE', 'admin', '', '/admin/system/sysMenu/update', '0:0:0:0:0:0:0:1', '{\"select\":false,\"icon\":\"el-icon-s-tools\",\"updateTime\":1695057355618,\"type\":0,\"parentId\":\"0\",\"path\":\"/system\",\"sortValue\":1,\"component\":\"Layout\",\"isDeleted\":0,\"createTime\":1622455537000,\"param\":{},\"name\":\"系统管理\",\"id\":\"2\",\"status\":1}', '{\"code\":200,\"message\":\"成功\"}', 1, '', '2023-09-19 01:15:56', '2023-09-19 01:15:56', '2023-09-19 01:15:56', 0);
INSERT INTO `sys_oper_log` VALUES ('1703821576206643201', '代码生成', 'INSERT', 'com.lanf.generator.CodeController.save()', 'POST', 'MANAGE', 'admin', '', '/code/generator/save', '0:0:0:0:0:0:0:1', '{\"tabName\":\"kc_gs_group\",\"genList\":[\"api\",\"vue\",\"po\",\"vo\",\"mapper\",\"xml\",\"service\",\"impl\",\"controller\"],\"author\":\"tanlingfei\",\"ftlPath\":\"F:/basemf-sig/src/main/resources/template\",\"mulList\":[],\"filePath\":\"F:\\\\project\\\\kcmg\\\\basemf-sig/src/main/\",\"isLazyDept\":\"false\",\"isGenLeftDept\":\"false\",\"password\":\"root\",\"frontPath\":\"F:\\\\project\\\\kcmg\\\\basemf-sig/base-front/src/\",\"connectionURL\":\"jdbc:mysql://localhost:3306/base-kc?characterEncoding=utf-8&useSSL=false&nullCatalogMeansCurrent=true\",\"driverName\":\"com.mysql.cj.jdbc.Driver\",\"genType\":\"0\",\"packageName\":\"com.lanf.business\",\"username\":\"root\"}', '{\"code\":200,\"message\":\"成功\"}', 1, '', '2023-09-19 01:21:34', '2023-09-19 01:21:34', '2023-09-19 01:21:34', 0);
INSERT INTO `sys_oper_log` VALUES ('1703822688552804353', '代码生成', 'INSERT', 'com.lanf.generator.CodeController.save()', 'POST', 'MANAGE', 'admin', '', '/code/generator/save', '0:0:0:0:0:0:0:1', '{\"tabName\":\"kc_gs_group\",\"genList\":[\"api\",\"vue\",\"po\",\"vo\",\"mapper\",\"xml\",\"service\",\"impl\",\"controller\"],\"author\":\"tanlingfei\",\"ftlPath\":\"F:/basemf-sig/src/main/resources/template\",\"mulList\":[{\"mulSecColum\":\"\",\"mod\":\"pop\",\"data\":\"sys_dept\",\"pageDir\":\"system\",\"modRemark\":\"选择部门\",\"isMul\":\"\",\"mulMainColum\":\"\",\"where\":\"\",\"mulTable\":\"\",\"value\":\"name\",\"key\":\"id\",\"target\":\"dept_id\"}],\"filePath\":\"F:\\\\project\\\\kcmg\\\\basemf-sig/src/main/\",\"isLazyDept\":\"false\",\"isGenLeftDept\":\"false\",\"password\":\"root\",\"frontPath\":\"F:\\\\project\\\\kcmg\\\\basemf-sig/base-front/src/\",\"connectionURL\":\"jdbc:mysql://localhost:3306/base-kc?characterEncoding=utf-8&useSSL=false&nullCatalogMeansCurrent=true\",\"driverName\":\"com.mysql.cj.jdbc.Driver\",\"genType\":\"0\",\"packageName\":\"com.lanf.business\",\"username\":\"root\"}', '', 0, '表(sys_dept)必须添加version(bigint类型)字段', '2023-09-19 01:25:59', '2023-09-19 01:25:59', '2023-09-19 01:25:59', 0);
INSERT INTO `sys_oper_log` VALUES ('1703823440117555202', '代码生成', 'INSERT', 'com.lanf.generator.CodeController.save()', 'POST', 'MANAGE', 'admin', '', '/code/generator/save', '0:0:0:0:0:0:0:1', '{\"tabName\":\"kc_gs_group\",\"genList\":[\"api\",\"vue\",\"po\",\"vo\",\"mapper\",\"xml\",\"service\",\"impl\",\"controller\"],\"author\":\"tanlingfei\",\"ftlPath\":\"F:/basemf-sig/src/main/resources/template\",\"mulList\":[{\"mulSecColum\":\"\",\"mod\":\"pop\",\"data\":\"sys_dept\",\"pageDir\":\"system\",\"modRemark\":\"选择部门\",\"isMul\":\"\",\"mulMainColum\":\"\",\"where\":\"\",\"mulTable\":\"\",\"value\":\"name\",\"key\":\"id\",\"target\":\"dept_id\"}],\"filePath\":\"F:\\\\project\\\\kcmg\\\\basemf-sig/src/main/\",\"isLazyDept\":\"false\",\"isGenLeftDept\":\"false\",\"password\":\"root\",\"frontPath\":\"F:\\\\project\\\\kcmg\\\\basemf-sig/base-front/src/\",\"connectionURL\":\"jdbc:mysql://localhost:3306/base-kc?characterEncoding=utf-8&useSSL=false&nullCatalogMeansCurrent=true\",\"driverName\":\"com.mysql.cj.jdbc.Driver\",\"genType\":\"0\",\"packageName\":\"com.lanf.business\",\"username\":\"root\"}', '{\"code\":200,\"message\":\"成功\"}', 1, '', '2023-09-19 01:28:58', '2023-09-19 01:28:58', '2023-09-19 01:28:58', 0);
INSERT INTO `sys_oper_log` VALUES ('1703824193037078530', '物品分组表', 'INSERT', 'com.lanf.business.controller.KcGsGroupController.save()', 'POST', 'MANAGE', 'admin', '', '/business/kcGsGroup/save', '0:0:0:0:0:0:0:1', '{\"isDeleted\":0,\"createTime\":1695058317790,\"param\":{},\"deptId\":\"20\",\"name\":\"学习用品\",\"updateTime\":1695058317790,\"id\":\"1703824192978358273\"}', '{\"code\":200,\"message\":\"成功\"}', 1, '', '2023-09-19 01:31:58', '2023-09-19 01:31:58', '2023-09-19 01:31:58', 0);
INSERT INTO `sys_oper_log` VALUES ('1703824214402863105', '物品分组表', 'UPDATE', 'com.lanf.business.controller.KcGsGroupController.updateById()', 'PUT', 'MANAGE', 'admin', '', '/business/kcGsGroup/update', '0:0:0:0:0:0:0:1', '{\"deptName\":\"上海分公司\",\"isDeleted\":0,\"createTime\":1695058318000,\"param\":{},\"deptId\":\"20\",\"name\":\"学习用品\",\"updateTime\":1695058322893,\"id\":\"1703824192978358273\"}', '{\"code\":200,\"message\":\"成功\"}', 1, '', '2023-09-19 01:32:03', '2023-09-19 01:32:03', '2023-09-19 01:32:03', 0);
INSERT INTO `sys_oper_log` VALUES ('1703824244572491777', '部门管理', 'UPDATE', 'com.lanf.system.controller.SysDeptController.updateById()', 'PUT', 'MANAGE', 'admin', '', '/admin/system/sysDept/update', '0:0:0:0:0:0:0:1', '{\"leader\":\"霍元甲\",\"level\":1,\"updateTime\":1695058330080,\"parentId\":\"0\",\"sortValue\":1,\"isDeleted\":0,\"createTime\":1682008835000,\"param\":{},\"phone\":\"13888888888\",\"name\":\"蓝飞集团\",\"id\":\"1\",\"treePath\":\",1,\",\"status\":1}', '{\"code\":200,\"message\":\"成功\"}', 1, '', '2023-09-19 01:32:10', '2023-09-19 01:32:10', '2023-09-19 01:32:10', 0);
INSERT INTO `sys_oper_log` VALUES ('1703824263748849665', '部门管理', 'UPDATE', 'com.lanf.system.controller.SysDeptController.updateById()', 'PUT', 'MANAGE', 'admin', '', '/admin/system/sysDept/update', '0:0:0:0:0:0:0:1', '{\"leader\":\"刘振生\",\"level\":2,\"updateTime\":1695058334652,\"parentId\":\"1\",\"sortValue\":1,\"parentName\":\"蓝飞集团\",\"isDeleted\":0,\"createTime\":1682008855000,\"param\":{},\"phone\":\"13888888888\",\"name\":\"上海分公司\",\"id\":\"20\",\"treePath\":\",1,20,\",\"status\":1}', '{\"code\":200,\"message\":\"成功\"}', 1, '', '2023-09-19 01:32:15', '2023-09-19 01:32:15', '2023-09-19 01:32:15', 0);
INSERT INTO `sys_oper_log` VALUES ('1703824966630313986', '入库记录表', 'UPDATE', 'com.lanf.business.controller.KcStockRecordsController.updateById()', 'PUT', 'MANAGE', 'admin', '', '/business/kcStockRecords/update', '0:0:0:0:0:0:0:1', '{\"quantity\":7,\"sumPrice\":54439,\"isDeleted\":0,\"createTime\":1694934763000,\"param\":{},\"goodsId\":\"1700785054087217153\",\"price\":7777,\"stockDate\":1689091200000,\"updateTime\":1695058502241,\"id\":\"1703305966892662786\",\"version\":2}', '{\"code\":200,\"message\":\"成功\"}', 1, '', '2023-09-19 01:35:02', '2023-09-19 01:35:02', '2023-09-19 01:35:02', 0);
INSERT INTO `sys_oper_log` VALUES ('1703827687647232001', '物品分组表', 'UPDATE', 'com.lanf.business.controller.KcGsGroupController.updateById()', 'PUT', 'MANAGE', 'admin', '', '/business/kcGsGroup/update', '0:0:0:0:0:0:0:1', '{\"deptName\":\"上海分公司\",\"isDeleted\":0,\"createTime\":1695058318000,\"param\":{},\"deptId\":\"20\",\"name\":\"学习用品\",\"updateTime\":1695059150951,\"id\":\"1703824192978358273\"}', '{\"code\":200,\"message\":\"成功\"}', 1, '', '2023-09-19 01:45:51', '2023-09-19 01:45:51', '2023-09-19 01:45:51', 0);
INSERT INTO `sys_oper_log` VALUES ('1703827803430993922', '物品表', 'INSERT', 'com.lanf.business.controller.KcGoodsController.save()', 'POST', 'MANAGE', 'admin', '', '/business/kcGoods/save', '0:0:0:0:0:0:0:1', '', '{\"code\":200,\"message\":\"成功\"}', 1, '', '2023-09-19 01:46:19', '2023-09-19 01:46:19', '2023-09-19 01:46:19', 0);
INSERT INTO `sys_oper_log` VALUES ('1703827972373364738', '物品销售记录表', 'INSERT', 'com.lanf.business.controller.KcSalesRecordsController.save()', 'POST', 'MANAGE', 'admin', '', '/business/kcSalesRecords/save', '0:0:0:0:0:0:0:1', '{\"saleTime\":1693843200000,\"sumPrice\":737,\"isDeleted\":0,\"createTime\":1695059218850,\"param\":{},\"goodsId\":\"1703827803359690753\",\"price\":67,\"updateTime\":1695059218850,\"id\":\"1703827972310450178\",\"saleNum\":11}', '', 0, '物品库存数量不够', '2023-09-19 01:46:59', '2023-09-19 01:46:59', '2023-09-19 01:46:59', 0);
INSERT INTO `sys_oper_log` VALUES ('1703828067919609857', '入库记录表', 'INSERT', 'com.lanf.business.controller.KcStockRecordsController.save()', 'POST', 'MANAGE', 'admin', '', '/business/kcStockRecords/save', '0:0:0:0:0:0:0:1', '{\"quantity\":777,\"sumPrice\":52059,\"isDeleted\":0,\"createTime\":1695059241638,\"param\":{},\"goodsId\":\"1703827803359690753\",\"price\":67,\"stockDate\":1695059240000,\"updateTime\":1695059241638,\"id\":\"1703828067856695298\"}', '{\"code\":200,\"message\":\"成功\"}', 1, '', '2023-09-19 01:47:22', '2023-09-19 01:47:22', '2023-09-19 01:47:22', 0);
INSERT INTO `sys_oper_log` VALUES ('1703828203215273986', '物品销售记录表', 'INSERT', 'com.lanf.business.controller.KcSalesRecordsController.save()', 'POST', 'MANAGE', 'admin', '', '/business/kcSalesRecords/save', '0:0:0:0:0:0:0:1', '{\"saleTime\":1695059268000,\"sumPrice\":3752,\"isDeleted\":0,\"createTime\":1695059273892,\"param\":{},\"goodsId\":\"1703827803359690753\",\"price\":67,\"updateTime\":1695059273892,\"id\":\"1703828203143970818\",\"saleNum\":56}', '{\"code\":200,\"message\":\"成功\"}', 1, '', '2023-09-19 01:47:54', '2023-09-19 01:47:54', '2023-09-19 01:47:54', 0);
INSERT INTO `sys_oper_log` VALUES ('1703831358443405314', '物品表', 'INSERT', 'com.lanf.business.controller.KcGoodsController.save()', 'POST', 'MANAGE', 'admin', '', '/business/kcGoods/save', '0:0:0:0:0:0:0:1', '', '{\"code\":200,\"message\":\"成功\"}', 1, '', '2023-09-19 02:00:26', '2023-09-19 02:00:26', '2023-09-19 02:00:26', 0);
INSERT INTO `sys_oper_log` VALUES ('1703831431378157569', '物品销售记录表', 'INSERT', 'com.lanf.business.controller.KcSalesRecordsController.save()', 'POST', 'MANAGE', 'admin', '', '/business/kcSalesRecords/save', '0:0:0:0:0:0:0:1', '{\"saleTime\":1695060039000,\"sumPrice\":5148,\"isDeleted\":0,\"createTime\":1695060043548,\"param\":{},\"goodsId\":\"1703831358304993281\",\"price\":78,\"updateTime\":1695060043548,\"id\":\"1703831431315243010\",\"saleNum\":66}', '', 0, '物品库存数量不够', '2023-09-19 02:00:44', '2023-09-19 02:00:44', '2023-09-19 02:00:44', 0);
INSERT INTO `sys_oper_log` VALUES ('1703831523141140481', '入库记录表', 'INSERT', 'com.lanf.business.controller.KcStockRecordsController.save()', 'POST', 'MANAGE', 'admin', '', '/business/kcStockRecords/save', '0:0:0:0:0:0:0:1', '{\"quantity\":777,\"sumPrice\":60606,\"isDeleted\":0,\"createTime\":1695060065419,\"param\":{},\"goodsId\":\"1703831358304993281\",\"price\":78,\"stockDate\":1695060061000,\"updateTime\":1695060065420,\"id\":\"1703831523074031618\"}', '{\"code\":200,\"message\":\"成功\"}', 1, '', '2023-09-19 02:01:05', '2023-09-19 02:01:05', '2023-09-19 02:01:05', 0);
INSERT INTO `sys_oper_log` VALUES ('1703831631756836866', '物品销售记录表', 'INSERT', 'com.lanf.business.controller.KcSalesRecordsController.save()', 'POST', 'MANAGE', 'admin', '', '/business/kcSalesRecords/save', '0:0:0:0:0:0:0:1', '{\"saleTime\":1695060090000,\"sumPrice\":5850,\"isDeleted\":0,\"createTime\":1695060091314,\"param\":{},\"goodsId\":\"1703831358304993281\",\"price\":78,\"updateTime\":1695060091314,\"id\":\"1703831631689728001\",\"saleNum\":75}', '{\"code\":200,\"message\":\"成功\"}', 1, '', '2023-09-19 02:01:31', '2023-09-19 02:01:31', '2023-09-19 02:01:31', 0);
INSERT INTO `sys_oper_log` VALUES ('1703832316976087042', '菜单管理', 'INSERT', 'com.lanf.system.controller.SysMenuController.save()', 'POST', 'MANAGE', 'admin', '', '/admin/system/sysMenu/save', '0:0:0:0:0:0:0:1', '{\"select\":false,\"icon\":\"\",\"updateTime\":1695060254701,\"type\":2,\"parentId\":\"5b728f902e19e6af9216b76cc82f63fc\",\"path\":\"\",\"sortValue\":1,\"component\":\"\",\"parentName\":\"字典选项\",\"isDeleted\":0,\"createTime\":1695060254701,\"param\":{},\"name\":\"添加\",\"perms\":\"bnt.sysDicItem.add\",\"id\":\"1703832316976087041\",\"status\":1}', '{\"code\":200,\"message\":\"成功\"}', 1, '', '2023-09-19 02:04:15', '2023-09-19 02:04:15', '2023-09-19 02:04:15', 0);
INSERT INTO `sys_oper_log` VALUES ('1703832376958828546', '菜单管理', 'INSERT', 'com.lanf.system.controller.SysMenuController.save()', 'POST', 'MANAGE', 'admin', '', '/admin/system/sysMenu/save', '0:0:0:0:0:0:0:1', '{\"select\":false,\"icon\":\"\",\"updateTime\":1695060268992,\"type\":2,\"parentId\":\"5b728f902e19e6af9216b76cc82f63fc\",\"path\":\"\",\"sortValue\":1,\"component\":\"\",\"parentName\":\"字典选项\",\"isDeleted\":0,\"createTime\":1695060268992,\"param\":{},\"name\":\"查看\",\"perms\":\"bnt.sysDicItem.list\",\"id\":\"1703832376891719681\",\"status\":1}', '{\"code\":200,\"message\":\"成功\"}', 1, '', '2023-09-19 02:04:29', '2023-09-19 02:04:29', '2023-09-19 02:04:29', 0);
INSERT INTO `sys_oper_log` VALUES ('1703832449599979521', '菜单管理', 'INSERT', 'com.lanf.system.controller.SysMenuController.save()', 'POST', 'MANAGE', 'admin', '', '/admin/system/sysMenu/save', '0:0:0:0:0:0:0:1', '{\"select\":false,\"icon\":\"\",\"updateTime\":1695060286311,\"type\":2,\"parentId\":\"5b728f902e19e6af9216b76cc82f63fc\",\"path\":\"\",\"sortValue\":1,\"component\":\"\",\"parentName\":\"字典选项\",\"isDeleted\":0,\"createTime\":1695060286311,\"param\":{},\"name\":\"删除\",\"perms\":\"bnt.sysDicItem.remove\",\"id\":\"1703832449537064961\",\"status\":1}', '{\"code\":200,\"message\":\"成功\"}', 1, '', '2023-09-19 02:04:46', '2023-09-19 02:04:46', '2023-09-19 02:04:46', 0);
INSERT INTO `sys_oper_log` VALUES ('1703832553748742146', '菜单管理', 'INSERT', 'com.lanf.system.controller.SysMenuController.save()', 'POST', 'MANAGE', 'admin', '', '/admin/system/sysMenu/save', '0:0:0:0:0:0:0:1', '{\"select\":false,\"icon\":\"\",\"updateTime\":1695060311138,\"type\":2,\"parentId\":\"5fc8df5d01c4df1ceccd8d8f663deada\",\"path\":\"\",\"sortValue\":1,\"component\":\"\",\"parentName\":\"字典分类管理\",\"isDeleted\":0,\"createTime\":1695060311138,\"param\":{},\"name\":\"查看\",\"perms\":\"bnt.sysDic.list\",\"id\":\"1703832553681633281\",\"status\":1}', '{\"code\":200,\"message\":\"成功\"}', 1, '', '2023-09-19 02:05:11', '2023-09-19 02:05:11', '2023-09-19 02:05:11', 0);
INSERT INTO `sys_oper_log` VALUES ('1703847720561721346', '用户管理', 'UPDATE', 'com.lanf.system.controller.SysUserController.updateById()', 'POST', 'MANAGE', 'admin', '', '/admin/system/sysUser/update', '0:0:0:0:0:0:0:1', '{\"updateTime\":1695063927185,\"postId\":\"5\",\"password\":\"887328d863061b97df42e19cf44c8ddb\",\"isDeleted\":0,\"createTime\":1694876284000,\"param\":{},\"phone\":\"13621215240\",\"name\":\"猪猪\",\"deptIds\":[\"1027\"],\"id\":\"1703060687534747649\",\"status\":1,\"username\":\"zz21\"}', '{\"code\":200,\"message\":\"成功\"}', 1, '', '2023-09-19 03:05:27', '2023-09-19 03:05:27', '2023-09-19 03:05:27', 0);
INSERT INTO `sys_oper_log` VALUES ('1842471056078049282', '部门管理', 'INSERT', 'com.lanf.system.controller.SysDeptController.save()', 'POST', 'MANAGE', 'admin', '', '/admin/system/sysDept/save', '0:0:0:0:0:0:0:1', '{\"leader\":\"w\",\"level\":1,\"updateTime\":1728114305845,\"parentId\":\"0\",\"sortValue\":1,\"isDeleted\":0,\"createTime\":1728114305834,\"param\":{},\"phone\":\"\",\"name\":\"前端\",\"id\":\"1842471055818002434\",\"treePath\":\",1842471055818002434,\",\"status\":1}', '{\"code\":200,\"message\":\"成功\"}', 1, '', '2024-10-05 15:45:06', '2024-10-05 15:45:06', '2024-10-05 15:45:06', 0);
INSERT INTO `sys_oper_log` VALUES ('1842471155583717377', '部门管理', 'DELETE', 'com.lanf.system.controller.SysDeptController.remove()', 'DELETE', 'MANAGE', 'admin', '', '/admin/system/sysDept/remove/1842471055818002434', '0:0:0:0:0:0:0:1', '', '{\"code\":200,\"message\":\"成功\"}', 1, '', '2024-10-05 15:45:30', '2024-10-05 15:45:30', '2024-10-05 15:45:30', 0);
INSERT INTO `sys_oper_log` VALUES ('1842512734767882242', '用户管理', 'STATUS', 'com.lanf.system.controller.SysUserController.updateStatus()', 'GET', 'MANAGE', 'admin', '', '/admin/system/sysUser/updateStatus/2bfcb4ceab3932f9019481dd0d4f9408/1', '0:0:0:0:0:0:0:1', '', '{\"code\":200,\"message\":\"成功\"}', 1, '', '2024-10-05 18:30:43', '2024-10-05 18:30:43', '2024-10-05 18:30:43', 0);
INSERT INTO `sys_oper_log` VALUES ('1842512737380933633', '用户管理', 'STATUS', 'com.lanf.system.controller.SysUserController.updateStatus()', 'GET', 'MANAGE', 'admin', '', '/admin/system/sysUser/updateStatus/2bfcb4ceab3932f9019481dd0d4f9408/0', '0:0:0:0:0:0:0:1', '', '{\"code\":200,\"message\":\"成功\"}', 1, '', '2024-10-05 18:30:43', '2024-10-05 18:30:43', '2024-10-05 18:30:43', 0);

-- ----------------------------
-- Table structure for sys_post
-- ----------------------------
DROP TABLE IF EXISTS `sys_post`;
CREATE TABLE `sys_post`  (
  `id` varchar(255) CHARACTER SET utf8mb3 COLLATE utf8mb3_general_ci NOT NULL COMMENT '岗位ID',
  `post_code` varchar(64) CHARACTER SET utf8mb3 COLLATE utf8mb3_general_ci NOT NULL COMMENT '岗位编码',
  `name` varchar(50) CHARACTER SET utf8mb3 COLLATE utf8mb3_general_ci NOT NULL DEFAULT '' COMMENT '岗位名称',
  `description` varchar(255) CHARACTER SET utf8mb3 COLLATE utf8mb3_general_ci NOT NULL DEFAULT '' COMMENT '描述',
  `status` tinyint(1) NOT NULL DEFAULT 1 COMMENT '状态（1正常 0停用）',
  `create_time` timestamp NOT NULL DEFAULT CURRENT_TIMESTAMP ON UPDATE CURRENT_TIMESTAMP,
  `update_time` timestamp NULL DEFAULT NULL ON UPDATE CURRENT_TIMESTAMP,
  `is_deleted` tinyint NOT NULL DEFAULT 0 COMMENT '删除标记（0:可用 1:已删除）',
  PRIMARY KEY (`id`) USING BTREE
) ENGINE = InnoDB CHARACTER SET = utf8mb3 COLLATE = utf8mb3_general_ci COMMENT = '岗位信息表' ROW_FORMAT = DYNAMIC;

-- ----------------------------
-- Records of sys_post
-- ----------------------------
INSERT INTO `sys_post` VALUES ('10', 'dfere', 'ererer', 'rererer', 1, '2023-02-20 23:37:34', '2023-02-20 23:37:34', 1);
INSERT INTO `sys_post` VALUES ('5', 'dsz', '董事长', '董事长', 1, '2022-05-24 10:33:53', '2023-04-30 12:50:38', 0);
INSERT INTO `sys_post` VALUES ('6', 'zjl', '总经理', '总经理', 1, '2022-05-24 10:34:08', '2023-04-30 12:50:45', 0);
INSERT INTO `sys_post` VALUES ('7', 'wz', '网咨', '', 1, '2022-05-27 08:56:41', '2022-05-27 08:56:41', 1);
INSERT INTO `sys_post` VALUES ('8', 'yyzj', '运营总监', '运营总监', 1, '2022-06-08 17:14:21', '2023-04-30 12:50:22', 0);
INSERT INTO `sys_post` VALUES ('9', 'dz', '打酱油', '顶顶顶顶222', 1, '2023-02-20 23:37:06', '2023-05-01 16:22:15', 0);

-- ----------------------------
-- Table structure for sys_role
-- ----------------------------
DROP TABLE IF EXISTS `sys_role`;
CREATE TABLE `sys_role`  (
  `id` varchar(255) CHARACTER SET utf8mb3 COLLATE utf8mb3_general_ci NOT NULL COMMENT '角色id',
  `role_name` varchar(20) CHARACTER SET utf8mb3 COLLATE utf8mb3_general_ci NOT NULL DEFAULT '' COMMENT '角色名称',
  `role_code` varchar(20) CHARACTER SET utf8mb3 COLLATE utf8mb3_general_ci NULL DEFAULT NULL COMMENT '角色编码',
  `description` varchar(255) CHARACTER SET utf8mb3 COLLATE utf8mb3_general_ci NULL DEFAULT NULL COMMENT '描述',
  `create_time` timestamp NOT NULL DEFAULT CURRENT_TIMESTAMP COMMENT '创建时间',
  `update_time` timestamp NOT NULL DEFAULT CURRENT_TIMESTAMP ON UPDATE CURRENT_TIMESTAMP COMMENT '更新时间',
  `is_deleted` tinyint NOT NULL DEFAULT 0 COMMENT '删除标记（0:可用 1:已删除）',
  PRIMARY KEY (`id`) USING BTREE
) ENGINE = InnoDB CHARACTER SET = utf8mb3 COLLATE = utf8mb3_general_ci COMMENT = '角色' ROW_FORMAT = DYNAMIC;

-- ----------------------------
-- Records of sys_role
-- ----------------------------
INSERT INTO `sys_role` VALUES ('1', '角色管理员1', 'SYSTEM', '角色管理员', '2021-05-31 18:09:18', '2024-10-08 19:43:59', 0);
INSERT INTO `sys_role` VALUES ('1625026561937264642', 'testManger', 'testManager', 'testManger', '2023-02-13 14:58:19', '2024-10-07 09:02:26', 0);
INSERT INTO `sys_role` VALUES ('1625026561937264643', '2023code', 'testcode', NULL, '2023-02-17 09:24:14', '2024-10-07 09:02:26', 0);
INSERT INTO `sys_role` VALUES ('1625026561937264644', 'test222222', '5353535353', NULL, '2023-02-17 09:24:28', '2024-10-07 09:02:26', 0);
INSERT INTO `sys_role` VALUES ('1625026561937264645', 'fdfdfd', 'fdafdfdf', NULL, '2023-02-17 09:24:34', '2024-10-07 09:02:26', 0);
INSERT INTO `sys_role` VALUES ('1625026561937264646', 'fdafdfadf', 'fdfdfdfd', NULL, '2023-02-17 09:24:39', '2024-10-07 09:02:26', 0);
INSERT INTO `sys_role` VALUES ('1625026561937264647', 'fdfdfdf', '3r3r3r3rfe', NULL, '2023-02-17 09:24:46', '2024-10-07 09:02:26', 0);
INSERT INTO `sys_role` VALUES ('1625026561937264648', '陈真', '3432434', NULL, '2023-02-17 09:24:53', '2024-10-07 09:02:26', 0);
INSERT INTO `sys_role` VALUES ('1625026561937264649', '大侠霍元甲', '432q4fefe', NULL, '2023-02-17 09:25:01', '2024-10-07 09:02:26', 0);
INSERT INTO `sys_role` VALUES ('1625026561937264650', 'fewafeare', '3432432fsdfe', NULL, '2023-02-17 09:25:08', '2024-10-07 09:02:26', 0);
INSERT INTO `sys_role` VALUES ('1625026561937264651', '66666', '33333', NULL, '2023-02-25 18:58:16', '2024-10-07 09:02:26', 0);
INSERT INTO `sys_role` VALUES ('1842940986925821953', '测试角色', 'testManager', 'aaaaaaaaa', '2024-10-06 22:52:26', '2024-10-06 22:52:26', 0);
INSERT INTO `sys_role` VALUES ('1843073980596613121', '测试角色1', 'testManager1', 'aaaaaaaaa1', '2024-10-07 07:40:54', '2024-10-07 07:40:54', 0);
INSERT INTO `sys_role` VALUES ('1843119181910306818', '添加的测试', 'tianjiaceshi', '添加的测试注释', '2024-10-07 10:40:31', '2024-10-07 10:40:31', 0);
INSERT INTO `sys_role` VALUES ('2', '普通管理员', 'COMMON', '普通管理员', '2021-06-01 08:38:40', '2024-10-07 10:42:26', 0);
INSERT INTO `sys_role` VALUES ('3', '角色管理员', 'role', '角色管理员', '2023-04-16 05:01:26', '2024-10-07 10:42:26', 0);
INSERT INTO `sys_role` VALUES ('4', 'testManger', 'testManager', 'testManger', '2023-04-16 05:01:24', '2024-10-07 08:54:15', 0);
INSERT INTO `sys_role` VALUES ('5', 'testManger', 'testManager', 'testManger', '2023-04-16 10:42:19', '2024-10-07 08:54:17', 0);
INSERT INTO `sys_role` VALUES ('6', '角色管理员', 'role', 'test', '2023-04-16 10:42:20', '2024-10-07 10:47:32', 0);
INSERT INTO `sys_role` VALUES ('8', '用户管理员', 'yhgly', '修改数据测试', '2022-06-08 17:39:04', '2024-10-07 18:30:27', 0);

-- ----------------------------
-- Table structure for sys_role_menu
-- ----------------------------
DROP TABLE IF EXISTS `sys_role_menu`;
CREATE TABLE `sys_role_menu`  (
  `id` varchar(255) CHARACTER SET utf8mb3 COLLATE utf8mb3_general_ci NOT NULL,
  `role_id` varchar(100) CHARACTER SET utf8mb3 COLLATE utf8mb3_general_ci NOT NULL DEFAULT '0',
  `menu_id` varchar(100) CHARACTER SET utf8mb3 COLLATE utf8mb3_general_ci NOT NULL DEFAULT '0',
  `create_time` timestamp NOT NULL DEFAULT CURRENT_TIMESTAMP COMMENT '创建时间',
  `update_time` timestamp NOT NULL DEFAULT CURRENT_TIMESTAMP ON UPDATE CURRENT_TIMESTAMP COMMENT '更新时间',
  `is_deleted` tinyint NOT NULL DEFAULT 0 COMMENT '删除标记（0:可用 1:已删除）',
  PRIMARY KEY (`id`) USING BTREE,
  INDEX `idx_role_id`(`role_id`) USING BTREE,
  INDEX `idx_menu_id`(`menu_id`) USING BTREE
) ENGINE = InnoDB CHARACTER SET = utf8mb3 COLLATE = utf8mb3_general_ci COMMENT = '角色菜单' ROW_FORMAT = DYNAMIC;

-- ----------------------------
-- Records of sys_role_menu
-- ----------------------------
INSERT INTO `sys_role_menu` VALUES ('001f79fb21e88abb36c52d27abaca18f', '1', '1646191837765558273', '2023-04-28 10:59:18', '2023-04-28 12:32:46', 1);
INSERT INTO `sys_role_menu` VALUES ('00cc743589e351aefd273e28510b8f96', '1', '1646193783066976258', '2023-04-28 10:59:18', '2023-04-28 12:32:46', 1);
INSERT INTO `sys_role_menu` VALUES ('00fa2b70348c5f5d74e68f822210f5c7', '1', '1646193933130784770', '2023-04-28 10:59:18', '2023-04-28 12:32:46', 1);
INSERT INTO `sys_role_menu` VALUES ('02ddc2457b0d5a591e48b8e644bc72dd', '1', '1646193851681595394', '2023-04-28 12:32:47', '2023-04-30 16:54:07', 1);
INSERT INTO `sys_role_menu` VALUES ('0326a869bd13254478561ff9a0af4112', '1', 'b6f9eb1c88eae40f489c887635440bb0', '2023-04-28 10:59:18', '2023-04-28 12:32:46', 1);
INSERT INTO `sys_role_menu` VALUES ('04b2cc21fa4cf7a433a21b72b5583003', '1', '3', '2023-04-27 23:17:17', '2023-04-27 23:22:21', 1);
INSERT INTO `sys_role_menu` VALUES ('0c781f97e2226e42d48fb6c6aa98fb81', '1', '51f8eb07a83fa599bbc85db068a071c5', '2023-04-28 12:32:47', '2023-04-30 16:54:07', 1);
INSERT INTO `sys_role_menu` VALUES ('0d6195f0928e5dc7861ef75540dea18c', '1', '9', '2023-04-27 23:17:17', '2023-04-27 23:22:21', 1);
INSERT INTO `sys_role_menu` VALUES ('1', '2', '2', '2022-06-02 16:11:27', '2022-06-02 16:16:10', 1);
INSERT INTO `sys_role_menu` VALUES ('10', '2', '11', '2022-06-02 16:11:27', '2022-06-02 16:16:10', 1);
INSERT INTO `sys_role_menu` VALUES ('11', '2', '12', '2022-06-02 16:11:27', '2022-06-02 16:16:10', 1);
INSERT INTO `sys_role_menu` VALUES ('12', '2', '13', '2022-06-02 16:11:27', '2022-06-02 16:16:10', 1);
INSERT INTO `sys_role_menu` VALUES ('13', '2', '19', '2022-06-02 16:11:27', '2022-06-02 16:16:10', 1);
INSERT INTO `sys_role_menu` VALUES ('13c7bae825daf3e8079bb8d5316396fa', '1', '5b728f902e19e6af9216b76cc82f63fc', '2023-04-28 12:32:47', '2023-04-30 16:54:07', 1);
INSERT INTO `sys_role_menu` VALUES ('14', '2', '5', '2022-06-02 16:11:27', '2022-06-02 16:16:10', 1);
INSERT INTO `sys_role_menu` VALUES ('15', '2', '14', '2022-06-02 16:11:27', '2022-06-02 16:16:10', 1);
INSERT INTO `sys_role_menu` VALUES ('16', '2', '15', '2022-06-02 16:11:27', '2022-06-02 16:16:10', 1);
INSERT INTO `sys_role_menu` VALUES ('1652597186579931137', '1', '1646187339429044225', '2023-04-30 16:54:08', '2023-04-30 17:00:37', 1);
INSERT INTO `sys_role_menu` VALUES ('1652597186747703298', '1', '1646187845945778178', '2023-04-30 16:54:08', '2023-04-30 17:00:37', 1);
INSERT INTO `sys_role_menu` VALUES ('1652597186756091906', '1', '1646193464044019714', '2023-04-30 16:54:08', '2023-04-30 17:00:37', 1);
INSERT INTO `sys_role_menu` VALUES ('1652597186772869122', '1', '1646191837765558273', '2023-04-30 16:54:08', '2023-04-30 17:00:37', 1);
INSERT INTO `sys_role_menu` VALUES ('1652597186785452033', '1', '1646193783066976258', '2023-04-30 16:54:08', '2023-04-30 17:00:37', 1);
INSERT INTO `sys_role_menu` VALUES ('1652597186793840642', '1', '1646193851681595394', '2023-04-30 16:54:08', '2023-04-30 17:00:37', 1);
INSERT INTO `sys_role_menu` VALUES ('1652597186802229250', '1', '1646193933130784770', '2023-04-30 16:54:08', '2023-04-30 17:00:37', 1);
INSERT INTO `sys_role_menu` VALUES ('1652597186819006466', '1', '1646194051976388610', '2023-04-30 16:54:08', '2023-04-30 17:00:37', 1);
INSERT INTO `sys_role_menu` VALUES ('1652597186831589378', '1', '586efff0cc24c5f8a8cc74a25d3ee9b5', '2023-04-30 16:54:08', '2023-04-30 17:00:37', 1);
INSERT INTO `sys_role_menu` VALUES ('1652597186852560897', '1', '4422f987e6d08dc0fcbadaf280c6b98c', '2023-04-30 16:54:08', '2023-04-30 17:00:37', 1);
INSERT INTO `sys_role_menu` VALUES ('1652597186860949505', '1', '51f8eb07a83fa599bbc85db068a071c5', '2023-04-30 16:54:08', '2023-04-30 17:00:37', 1);
INSERT INTO `sys_role_menu` VALUES ('1652597186869338113', '1', 'b6f9eb1c88eae40f489c887635440bb0', '2023-04-30 16:54:08', '2023-04-30 17:00:37', 1);
INSERT INTO `sys_role_menu` VALUES ('1652597186886115330', '1', 'ea7c79a11b4a621ee2ce6f23addfa7d7', '2023-04-30 16:54:08', '2023-04-30 17:00:37', 1);
INSERT INTO `sys_role_menu` VALUES ('1652597186886115331', '1', 'fd551946189361ff79ee445e7788d7ae', '2023-04-30 16:54:08', '2023-04-30 17:00:37', 1);
INSERT INTO `sys_role_menu` VALUES ('1652597186894503938', '1', '163022f07fff73b6ab81af9dff5ab16c', '2023-04-30 16:54:08', '2023-04-30 17:00:37', 1);
INSERT INTO `sys_role_menu` VALUES ('1652597186919669762', '1', '527342d2d2182f9d1c0ffc7d10029a49', '2023-04-30 16:54:08', '2023-04-30 17:00:37', 1);
INSERT INTO `sys_role_menu` VALUES ('1652597186928058370', '1', '9eeb25ad142bcbfee574c1c12698c2af', '2023-04-30 16:54:08', '2023-04-30 17:00:37', 1);
INSERT INTO `sys_role_menu` VALUES ('1652597186936446977', '1', '2', '2023-04-30 16:54:08', '2023-04-30 17:00:37', 1);
INSERT INTO `sys_role_menu` VALUES ('1652597186944835585', '1', '07e9b8c265f824bc7f5d0149523cc92c', '2023-04-30 16:54:08', '2023-04-30 17:00:37', 1);
INSERT INTO `sys_role_menu` VALUES ('1652597186953224193', '1', '5b728f902e19e6af9216b76cc82f63fc', '2023-04-30 16:54:08', '2023-04-30 17:00:37', 1);
INSERT INTO `sys_role_menu` VALUES ('1652597186961612801', '1', 'e7d746c60d482a33e3ae068dbc840460', '2023-04-30 16:54:08', '2023-04-30 17:00:37', 1);
INSERT INTO `sys_role_menu` VALUES ('1652597186970001409', '1', '5fc8df5d01c4df1ceccd8d8f663deada', '2023-04-30 16:54:08', '2023-04-30 17:00:37', 1);
INSERT INTO `sys_role_menu` VALUES ('1652597186995167234', '1', 'ffa18fd6b196f2149e5107b50ba729e4', '2023-04-30 16:54:08', '2023-04-30 17:00:37', 1);
INSERT INTO `sys_role_menu` VALUES ('1652597187003555841', '1', '20', '2023-04-30 16:54:08', '2023-04-30 17:00:37', 1);
INSERT INTO `sys_role_menu` VALUES ('1652597187011944450', '1', '21', '2023-04-30 16:54:08', '2023-04-30 17:00:37', 1);
INSERT INTO `sys_role_menu` VALUES ('1652597187016138754', '1', '24', '2023-04-30 16:54:08', '2023-04-30 17:00:37', 1);
INSERT INTO `sys_role_menu` VALUES ('1652597187032915969', '1', '25', '2023-04-30 16:54:08', '2023-04-30 17:00:37', 1);
INSERT INTO `sys_role_menu` VALUES ('1652597187045498881', '1', '26', '2023-04-30 16:54:08', '2023-04-30 17:00:37', 1);
INSERT INTO `sys_role_menu` VALUES ('1652597187058081794', '1', '3', '2023-04-30 16:54:08', '2023-04-30 17:00:37', 1);
INSERT INTO `sys_role_menu` VALUES ('1652597187066470402', '1', '18', '2023-04-30 16:54:08', '2023-04-30 17:00:37', 1);
INSERT INTO `sys_role_menu` VALUES ('1652597187083247618', '1', '6', '2023-04-30 16:54:08', '2023-04-30 17:00:37', 1);
INSERT INTO `sys_role_menu` VALUES ('1652597187095830529', '1', '7', '2023-04-30 16:54:08', '2023-04-30 17:00:37', 1);
INSERT INTO `sys_role_menu` VALUES ('1652597187104219137', '1', '8', '2023-04-30 16:54:08', '2023-04-30 17:00:37', 1);
INSERT INTO `sys_role_menu` VALUES ('1652597187104219138', '1', '9', '2023-04-30 16:54:08', '2023-04-30 17:00:37', 1);
INSERT INTO `sys_role_menu` VALUES ('1652598823323181058', '1', '1646187339429044225', '2023-04-30 17:00:38', '2023-04-30 17:00:38', 0);
INSERT INTO `sys_role_menu` VALUES ('1652598823335763970', '1', '1646187845945778178', '2023-04-30 17:00:38', '2023-04-30 17:00:38', 0);
INSERT INTO `sys_role_menu` VALUES ('1652598823348346881', '1', '1646193464044019714', '2023-04-30 17:00:38', '2023-04-30 17:00:38', 0);
INSERT INTO `sys_role_menu` VALUES ('1652598823360929793', '1', '1646191837765558273', '2023-04-30 17:00:38', '2023-04-30 17:00:38', 0);
INSERT INTO `sys_role_menu` VALUES ('1652598823360929794', '1', '1646193783066976258', '2023-04-30 17:00:38', '2023-04-30 17:00:38', 0);
INSERT INTO `sys_role_menu` VALUES ('1652598823369318401', '1', '1646193851681595394', '2023-04-30 17:00:38', '2023-04-30 17:00:38', 0);
INSERT INTO `sys_role_menu` VALUES ('1652598823377707010', '1', '1646193933130784770', '2023-04-30 17:00:38', '2023-04-30 17:00:38', 0);
INSERT INTO `sys_role_menu` VALUES ('1652598823386095617', '1', '1646194051976388610', '2023-04-30 17:00:38', '2023-04-30 17:00:38', 0);
INSERT INTO `sys_role_menu` VALUES ('1652598823386095618', '1', '586efff0cc24c5f8a8cc74a25d3ee9b5', '2023-04-30 17:00:38', '2023-04-30 17:00:38', 0);
INSERT INTO `sys_role_menu` VALUES ('1652598823394484225', '1', '4422f987e6d08dc0fcbadaf280c6b98c', '2023-04-30 17:00:38', '2023-04-30 17:00:38', 0);
INSERT INTO `sys_role_menu` VALUES ('1652598823402872833', '1', '51f8eb07a83fa599bbc85db068a071c5', '2023-04-30 17:00:38', '2023-04-30 17:00:38', 0);
INSERT INTO `sys_role_menu` VALUES ('1652598823419650050', '1', 'b6f9eb1c88eae40f489c887635440bb0', '2023-04-30 17:00:38', '2023-04-30 17:00:38', 0);
INSERT INTO `sys_role_menu` VALUES ('1652598823428038658', '1', 'ea7c79a11b4a621ee2ce6f23addfa7d7', '2023-04-30 17:00:38', '2023-04-30 17:00:38', 0);
INSERT INTO `sys_role_menu` VALUES ('1652598823436427266', '1', 'fd551946189361ff79ee445e7788d7ae', '2023-04-30 17:00:38', '2023-04-30 17:00:38', 0);
INSERT INTO `sys_role_menu` VALUES ('1652598823444815873', '1', '163022f07fff73b6ab81af9dff5ab16c', '2023-04-30 17:00:38', '2023-04-30 17:00:38', 0);
INSERT INTO `sys_role_menu` VALUES ('1652598823461593090', '1', '527342d2d2182f9d1c0ffc7d10029a49', '2023-04-30 17:00:38', '2023-04-30 17:00:38', 0);
INSERT INTO `sys_role_menu` VALUES ('1652598823461593091', '1', '9eeb25ad142bcbfee574c1c12698c2af', '2023-04-30 17:00:38', '2023-04-30 17:00:38', 0);
INSERT INTO `sys_role_menu` VALUES ('1652598823482564609', '1', '2', '2023-04-30 17:00:38', '2023-04-30 17:00:38', 0);
INSERT INTO `sys_role_menu` VALUES ('1652598823499341826', '1', '07e9b8c265f824bc7f5d0149523cc92c', '2023-04-30 17:00:38', '2023-04-30 17:00:38', 0);
INSERT INTO `sys_role_menu` VALUES ('1652598823511924737', '1', '5b728f902e19e6af9216b76cc82f63fc', '2023-04-30 17:00:38', '2023-04-30 17:00:38', 0);
INSERT INTO `sys_role_menu` VALUES ('1652598823520313345', '1', 'e7d746c60d482a33e3ae068dbc840460', '2023-04-30 17:00:38', '2023-04-30 17:00:38', 0);
INSERT INTO `sys_role_menu` VALUES ('1652598823537090561', '1', '5fc8df5d01c4df1ceccd8d8f663deada', '2023-04-30 17:00:38', '2023-04-30 17:00:38', 0);
INSERT INTO `sys_role_menu` VALUES ('1652598823541284866', '1', 'ffa18fd6b196f2149e5107b50ba729e4', '2023-04-30 17:00:38', '2023-04-30 17:00:38', 0);
INSERT INTO `sys_role_menu` VALUES ('1652598823558062081', '1', '20', '2023-04-30 17:00:38', '2023-04-30 17:00:38', 0);
INSERT INTO `sys_role_menu` VALUES ('1652598823579033601', '1', '21', '2023-04-30 17:00:38', '2023-04-30 17:00:38', 0);
INSERT INTO `sys_role_menu` VALUES ('1652598823595810817', '1', '24', '2023-04-30 17:00:38', '2023-04-30 17:00:38', 0);
INSERT INTO `sys_role_menu` VALUES ('1652598823612588034', '1', '25', '2023-04-30 17:00:38', '2023-04-30 17:00:38', 0);
INSERT INTO `sys_role_menu` VALUES ('1652598823612588035', '1', '26', '2023-04-30 17:00:38', '2023-04-30 17:00:38', 0);
INSERT INTO `sys_role_menu` VALUES ('1652598823629365249', '1', '22', '2023-04-30 17:00:38', '2023-04-30 17:00:38', 0);
INSERT INTO `sys_role_menu` VALUES ('1652598823637753858', '1', '23', '2023-04-30 17:00:38', '2023-04-30 17:00:38', 0);
INSERT INTO `sys_role_menu` VALUES ('1652598823646142466', '1', '3', '2023-04-30 17:00:38', '2023-04-30 17:00:38', 0);
INSERT INTO `sys_role_menu` VALUES ('1652598823654531074', '1', '18', '2023-04-30 17:00:38', '2023-04-30 17:00:38', 0);
INSERT INTO `sys_role_menu` VALUES ('1652598823654531075', '1', '6', '2023-04-30 17:00:38', '2023-04-30 17:00:38', 0);
INSERT INTO `sys_role_menu` VALUES ('1652598823662919682', '1', '7', '2023-04-30 17:00:38', '2023-04-30 17:00:38', 0);
INSERT INTO `sys_role_menu` VALUES ('1652598823671308289', '1', '8', '2023-04-30 17:00:38', '2023-04-30 17:00:38', 0);
INSERT INTO `sys_role_menu` VALUES ('1652598823679696898', '1', '9', '2023-04-30 17:00:38', '2023-04-30 17:00:38', 0);
INSERT INTO `sys_role_menu` VALUES ('17', '2', '16', '2022-06-02 16:11:27', '2022-06-02 16:16:10', 1);
INSERT INTO `sys_role_menu` VALUES ('1703061232517443585', '8', '1688123213473230850', '2023-09-16 23:00:14', '2023-09-16 23:22:18', 1);
INSERT INTO `sys_role_menu` VALUES ('1703061232517443586', '8', '1688123841486368769', '2023-09-16 23:00:14', '2023-09-16 23:22:18', 1);
INSERT INTO `sys_role_menu` VALUES ('1703061232517443587', '8', '1688124249835417602', '2023-09-16 23:00:14', '2023-09-16 23:22:18', 1);
INSERT INTO `sys_role_menu` VALUES ('1703061232517443588', '8', '1688124309843324929', '2023-09-16 23:00:14', '2023-09-16 23:22:18', 1);
INSERT INTO `sys_role_menu` VALUES ('1703061232584552450', '8', '1688124364067287041', '2023-09-16 23:00:14', '2023-09-16 23:22:18', 1);
INSERT INTO `sys_role_menu` VALUES ('1703061232584552451', '8', '1688124407813877761', '2023-09-16 23:00:14', '2023-09-16 23:22:18', 1);
INSERT INTO `sys_role_menu` VALUES ('1703061232584552452', '8', '1688157462419030018', '2023-09-16 23:00:14', '2023-09-16 23:22:18', 1);
INSERT INTO `sys_role_menu` VALUES ('1703061232584552453', '8', '1688157721341804546', '2023-09-16 23:00:14', '2023-09-16 23:22:18', 1);
INSERT INTO `sys_role_menu` VALUES ('1703061232584552454', '8', '1688157772499730434', '2023-09-16 23:00:14', '2023-09-16 23:22:18', 1);
INSERT INTO `sys_role_menu` VALUES ('1703061232584552455', '8', '1688157815650729985', '2023-09-16 23:00:14', '2023-09-16 23:22:18', 1);
INSERT INTO `sys_role_menu` VALUES ('1703061232584552456', '8', '1688157859149856769', '2023-09-16 23:00:14', '2023-09-16 23:22:18', 1);
INSERT INTO `sys_role_menu` VALUES ('1703061232584552457', '8', '1693220558657359874', '2023-09-16 23:00:14', '2023-09-16 23:22:18', 1);
INSERT INTO `sys_role_menu` VALUES ('1703061232584552458', '8', '1693221302559117313', '2023-09-16 23:00:14', '2023-09-16 23:22:18', 1);
INSERT INTO `sys_role_menu` VALUES ('1703061232584552459', '8', '1693235624777682945', '2023-09-16 23:00:14', '2023-09-16 23:22:18', 1);
INSERT INTO `sys_role_menu` VALUES ('1703061232584552460', '8', '1693242092956512258', '2023-09-16 23:00:14', '2023-09-16 23:22:18', 1);
INSERT INTO `sys_role_menu` VALUES ('1703061232651661314', '8', '1702712629575827457', '2023-09-16 23:00:14', '2023-09-16 23:22:18', 1);
INSERT INTO `sys_role_menu` VALUES ('1703061232651661315', '8', '1693221551184875522', '2023-09-16 23:00:14', '2023-09-16 23:22:18', 1);
INSERT INTO `sys_role_menu` VALUES ('1703061232651661316', '8', '1693221902269091841', '2023-09-16 23:00:14', '2023-09-16 23:22:18', 1);
INSERT INTO `sys_role_menu` VALUES ('1703061232651661317', '8', '1693237943388934146', '2023-09-16 23:00:14', '2023-09-16 23:22:18', 1);
INSERT INTO `sys_role_menu` VALUES ('1703061232651661318', '8', '1693242189974958081', '2023-09-16 23:00:14', '2023-09-16 23:22:18', 1);
INSERT INTO `sys_role_menu` VALUES ('1703061232651661319', '8', '1702712405893595137', '2023-09-16 23:00:14', '2023-09-16 23:22:18', 1);
INSERT INTO `sys_role_menu` VALUES ('1703066790473560065', '8', '1688123213473230850', '2023-09-16 23:22:19', '2023-09-17 17:16:51', 1);
INSERT INTO `sys_role_menu` VALUES ('1703066790473560066', '8', '1688123841486368769', '2023-09-16 23:22:19', '2023-09-17 17:16:51', 1);
INSERT INTO `sys_role_menu` VALUES ('1703066790473560067', '8', '1688124249835417602', '2023-09-16 23:22:19', '2023-09-17 17:16:51', 1);
INSERT INTO `sys_role_menu` VALUES ('1703066790473560068', '8', '1688124309843324929', '2023-09-16 23:22:19', '2023-09-17 17:16:51', 1);
INSERT INTO `sys_role_menu` VALUES ('1703066790473560069', '8', '1688124364067287041', '2023-09-16 23:22:19', '2023-09-17 17:16:51', 1);
INSERT INTO `sys_role_menu` VALUES ('1703066790570029057', '8', '1688124407813877761', '2023-09-16 23:22:19', '2023-09-17 17:16:51', 1);
INSERT INTO `sys_role_menu` VALUES ('1703066790570029058', '8', '1688157462419030018', '2023-09-16 23:22:19', '2023-09-17 17:16:51', 1);
INSERT INTO `sys_role_menu` VALUES ('1703066790570029059', '8', '1688157721341804546', '2023-09-16 23:22:19', '2023-09-17 17:16:51', 1);
INSERT INTO `sys_role_menu` VALUES ('1703066790570029060', '8', '1688157772499730434', '2023-09-16 23:22:19', '2023-09-17 17:16:51', 1);
INSERT INTO `sys_role_menu` VALUES ('1703066790607777794', '8', '1688157815650729985', '2023-09-16 23:22:19', '2023-09-17 17:16:51', 1);
INSERT INTO `sys_role_menu` VALUES ('1703066790607777795', '8', '1688157859149856769', '2023-09-16 23:22:19', '2023-09-17 17:16:51', 1);
INSERT INTO `sys_role_menu` VALUES ('1703066790607777796', '8', '1693220558657359874', '2023-09-16 23:22:19', '2023-09-17 17:16:51', 1);
INSERT INTO `sys_role_menu` VALUES ('1703066790607777797', '8', '1693221302559117313', '2023-09-16 23:22:19', '2023-09-17 17:16:51', 1);
INSERT INTO `sys_role_menu` VALUES ('1703066790607777798', '8', '1693235624777682945', '2023-09-16 23:22:19', '2023-09-17 17:16:51', 1);
INSERT INTO `sys_role_menu` VALUES ('1703066790607777799', '8', '1693242092956512258', '2023-09-16 23:22:19', '2023-09-17 17:16:51', 1);
INSERT INTO `sys_role_menu` VALUES ('1703066790607777800', '8', '1702712629575827457', '2023-09-16 23:22:19', '2023-09-17 17:16:51', 1);
INSERT INTO `sys_role_menu` VALUES ('1703066790607777801', '8', '1693221551184875522', '2023-09-16 23:22:19', '2023-09-17 17:16:51', 1);
INSERT INTO `sys_role_menu` VALUES ('1703066790607777802', '8', '1693221902269091841', '2023-09-16 23:22:19', '2023-09-17 17:16:51', 1);
INSERT INTO `sys_role_menu` VALUES ('1703066790666498050', '8', '1693237943388934146', '2023-09-16 23:22:19', '2023-09-17 17:16:51', 1);
INSERT INTO `sys_role_menu` VALUES ('1703066790666498051', '8', '1693242189974958081', '2023-09-16 23:22:19', '2023-09-17 17:16:51', 1);
INSERT INTO `sys_role_menu` VALUES ('1703066790666498052', '8', '1702712405893595137', '2023-09-16 23:22:19', '2023-09-17 17:16:51', 1);
INSERT INTO `sys_role_menu` VALUES ('1703066790666498053', '8', '2', '2023-09-16 23:22:19', '2023-09-17 17:16:51', 1);
INSERT INTO `sys_role_menu` VALUES ('1703066790666498054', '8', '20', '2023-09-16 23:22:19', '2023-09-17 17:16:51', 1);
INSERT INTO `sys_role_menu` VALUES ('1703066790666498055', '8', '21', '2023-09-16 23:22:19', '2023-09-17 17:16:51', 1);
INSERT INTO `sys_role_menu` VALUES ('1703337209675972610', '8', '1688123213473230850', '2023-09-17 17:16:52', '2023-09-17 17:16:52', 0);
INSERT INTO `sys_role_menu` VALUES ('1703337209675972611', '8', '1688123841486368769', '2023-09-17 17:16:52', '2023-09-17 17:16:52', 0);
INSERT INTO `sys_role_menu` VALUES ('1703337209675972612', '8', '1688124249835417602', '2023-09-17 17:16:52', '2023-09-17 17:16:52', 0);
INSERT INTO `sys_role_menu` VALUES ('1703337209675972613', '8', '1688124309843324929', '2023-09-17 17:16:52', '2023-09-17 17:16:52', 0);
INSERT INTO `sys_role_menu` VALUES ('1703337209747275778', '8', '1688124364067287041', '2023-09-17 17:16:52', '2023-09-17 17:16:52', 0);
INSERT INTO `sys_role_menu` VALUES ('1703337209747275779', '8', '1688124407813877761', '2023-09-17 17:16:52', '2023-09-17 17:16:52', 0);
INSERT INTO `sys_role_menu` VALUES ('1703337209747275780', '8', '1688157462419030018', '2023-09-17 17:16:52', '2023-09-17 17:16:52', 0);
INSERT INTO `sys_role_menu` VALUES ('1703337209747275781', '8', '1688157721341804546', '2023-09-17 17:16:52', '2023-09-17 17:16:52', 0);
INSERT INTO `sys_role_menu` VALUES ('1703337209747275782', '8', '1688157772499730434', '2023-09-17 17:16:52', '2023-09-17 17:16:52', 0);
INSERT INTO `sys_role_menu` VALUES ('1703337209747275783', '8', '1688157815650729985', '2023-09-17 17:16:52', '2023-09-17 17:16:52', 0);
INSERT INTO `sys_role_menu` VALUES ('1703337209810190338', '8', '1688157859149856769', '2023-09-17 17:16:52', '2023-09-17 17:16:52', 0);
INSERT INTO `sys_role_menu` VALUES ('1703337209810190339', '8', '1693220558657359874', '2023-09-17 17:16:52', '2023-09-17 17:16:52', 0);
INSERT INTO `sys_role_menu` VALUES ('1703337209810190340', '8', '1693221302559117313', '2023-09-17 17:16:52', '2023-09-17 17:16:52', 0);
INSERT INTO `sys_role_menu` VALUES ('1703337209810190341', '8', '1693235624777682945', '2023-09-17 17:16:52', '2023-09-17 17:16:52', 0);
INSERT INTO `sys_role_menu` VALUES ('1703337209810190342', '8', '1693242092956512258', '2023-09-17 17:16:52', '2023-09-17 17:16:52', 0);
INSERT INTO `sys_role_menu` VALUES ('1703337209810190343', '8', '1702712629575827457', '2023-09-17 17:16:52', '2023-09-17 17:16:52', 0);
INSERT INTO `sys_role_menu` VALUES ('1703337209810190344', '8', '1693221551184875522', '2023-09-17 17:16:52', '2023-09-17 17:16:52', 0);
INSERT INTO `sys_role_menu` VALUES ('1703337209810190345', '8', '1693221902269091841', '2023-09-17 17:16:52', '2023-09-17 17:16:52', 0);
INSERT INTO `sys_role_menu` VALUES ('1703337209877299202', '8', '1693237943388934146', '2023-09-17 17:16:52', '2023-09-17 17:16:52', 0);
INSERT INTO `sys_role_menu` VALUES ('1703337209877299203', '8', '1693242189974958081', '2023-09-17 17:16:52', '2023-09-17 17:16:52', 0);
INSERT INTO `sys_role_menu` VALUES ('1703337209877299204', '8', '1702712405893595137', '2023-09-17 17:16:52', '2023-09-17 17:16:52', 0);
INSERT INTO `sys_role_menu` VALUES ('1703337209877299205', '8', '1703086068258107393', '2023-09-17 17:16:52', '2023-09-17 17:16:52', 0);
INSERT INTO `sys_role_menu` VALUES ('1703337209877299206', '8', '1703104946904297473', '2023-09-17 17:16:52', '2023-09-17 17:16:52', 0);
INSERT INTO `sys_role_menu` VALUES ('1703337209877299207', '8', '2', '2023-09-17 17:16:52', '2023-09-17 17:16:52', 0);
INSERT INTO `sys_role_menu` VALUES ('1703337209877299208', '8', '20', '2023-09-17 17:16:52', '2023-09-17 17:16:52', 0);
INSERT INTO `sys_role_menu` VALUES ('1703337209877299209', '8', '21', '2023-09-17 17:16:52', '2023-09-17 17:16:52', 0);
INSERT INTO `sys_role_menu` VALUES ('18', '2', '17', '2022-06-02 16:11:27', '2022-06-02 16:16:10', 1);
INSERT INTO `sys_role_menu` VALUES ('19', '2', '2', '2022-06-02 16:16:10', '2022-06-09 09:26:34', 1);
INSERT INTO `sys_role_menu` VALUES ('2', '2', '3', '2022-06-02 16:11:27', '2022-06-02 16:16:10', 1);
INSERT INTO `sys_role_menu` VALUES ('20', '2', '3', '2022-06-02 16:16:10', '2022-06-09 09:26:34', 1);
INSERT INTO `sys_role_menu` VALUES ('21', '2', '6', '2022-06-02 16:16:10', '2022-06-09 09:26:34', 1);
INSERT INTO `sys_role_menu` VALUES ('22', '2', '7', '2022-06-02 16:16:10', '2022-06-09 09:26:34', 1);
INSERT INTO `sys_role_menu` VALUES ('23', '2', '8', '2022-06-02 16:16:10', '2022-06-09 09:26:34', 1);
INSERT INTO `sys_role_menu` VALUES ('24', '2', '2', '2022-06-09 09:26:34', '2022-06-09 09:26:34', 0);
INSERT INTO `sys_role_menu` VALUES ('25', '2', '3', '2022-06-09 09:26:34', '2022-06-09 09:26:34', 0);
INSERT INTO `sys_role_menu` VALUES ('26', '2', '6', '2022-06-09 09:26:34', '2022-06-09 09:26:34', 0);
INSERT INTO `sys_role_menu` VALUES ('27', '2', '7', '2022-06-09 09:26:34', '2022-06-09 09:26:34', 0);
INSERT INTO `sys_role_menu` VALUES ('28', '2', '8', '2022-06-09 09:26:34', '2022-06-09 09:26:34', 0);
INSERT INTO `sys_role_menu` VALUES ('29', '2', '5', '2022-06-09 09:26:34', '2022-06-09 09:26:34', 0);
INSERT INTO `sys_role_menu` VALUES ('2e62a1095dafae37be74d0b38b9d0ccb', '1', '24', '2023-04-27 23:22:21', '2023-04-28 10:59:17', 1);
INSERT INTO `sys_role_menu` VALUES ('2fb51ef3134074a780c0291501326644', '1', '1646194051976388610', '2023-04-28 10:59:18', '2023-04-28 12:32:46', 1);
INSERT INTO `sys_role_menu` VALUES ('3', '2', '6', '2022-06-02 16:11:27', '2022-06-02 16:16:10', 1);
INSERT INTO `sys_role_menu` VALUES ('30', '2', '14', '2022-06-09 09:26:34', '2022-06-09 09:26:34', 0);
INSERT INTO `sys_role_menu` VALUES ('31', '2', '20', '2022-06-09 09:26:34', '2022-06-09 09:26:34', 0);
INSERT INTO `sys_role_menu` VALUES ('31ea1d49af4e8ab93f5ac779e61608cd', '1', '1646193464044019714', '2023-04-28 12:32:47', '2023-04-30 16:54:07', 1);
INSERT INTO `sys_role_menu` VALUES ('32', '2', '21', '2022-06-09 09:26:34', '2022-06-09 09:26:34', 0);
INSERT INTO `sys_role_menu` VALUES ('33', '1625026561937264647', '2', '2023-02-17 19:46:29', '2023-02-17 19:46:29', 0);
INSERT INTO `sys_role_menu` VALUES ('3391614afb9c7f0e8560b22a1615ec40', '1', '25', '2023-04-27 23:22:21', '2023-04-28 10:59:17', 1);
INSERT INTO `sys_role_menu` VALUES ('34', '1625026561937264647', '3', '2023-02-17 19:46:29', '2023-02-17 19:46:29', 0);
INSERT INTO `sys_role_menu` VALUES ('346b146ea1e6db0c46ca5fdc31668443', '1', '6', '2023-04-28 10:59:18', '2023-04-28 12:32:46', 1);
INSERT INTO `sys_role_menu` VALUES ('35', '1625026561937264647', '6', '2023-02-17 19:46:29', '2023-02-17 19:46:29', 0);
INSERT INTO `sys_role_menu` VALUES ('36', '1625026561937264647', '7', '2023-02-17 19:46:29', '2023-02-17 19:46:29', 0);
INSERT INTO `sys_role_menu` VALUES ('37', '1625026561937264646', '2', '2023-02-20 02:42:08', '2023-02-20 02:42:08', 0);
INSERT INTO `sys_role_menu` VALUES ('38', '1625026561937264646', '3', '2023-02-20 02:42:08', '2023-02-20 02:42:08', 0);
INSERT INTO `sys_role_menu` VALUES ('38a2cf9b6ca74a14448d4a6f6295d59b', '1', '1646193933130784770', '2023-04-28 12:32:47', '2023-04-30 16:54:07', 1);
INSERT INTO `sys_role_menu` VALUES ('38d93150c76ec8a5f2423f978d2688a7', '1', '7', '2023-04-27 23:22:21', '2023-04-28 10:59:17', 1);
INSERT INTO `sys_role_menu` VALUES ('39', '1625026561937264646', '6', '2023-02-20 02:42:08', '2023-02-20 02:42:08', 0);
INSERT INTO `sys_role_menu` VALUES ('3a9b2c6098e73a5e3e0941cd600c3bdd', '1', '6', '2023-04-28 12:32:47', '2023-04-30 16:54:07', 1);
INSERT INTO `sys_role_menu` VALUES ('3f7b8196db703c3d6ce9ed497ca16299', '1', '3', '2023-04-27 23:22:21', '2023-04-28 10:59:17', 1);
INSERT INTO `sys_role_menu` VALUES ('4', '2', '7', '2022-06-02 16:11:27', '2022-06-02 16:16:10', 1);
INSERT INTO `sys_role_menu` VALUES ('40', '1625026561937264644', '2', '2023-02-21 00:07:28', '2023-02-21 00:07:28', 0);
INSERT INTO `sys_role_menu` VALUES ('403caffda69218e5ffef546f2491b728', '1', '20', '2023-04-28 10:59:18', '2023-04-28 12:32:46', 1);
INSERT INTO `sys_role_menu` VALUES ('41', '1625026561937264644', '20', '2023-02-21 00:07:28', '2023-02-21 00:07:28', 0);
INSERT INTO `sys_role_menu` VALUES ('41b93a1971e3c00857839a12e891d159', '1', '586efff0cc24c5f8a8cc74a25d3ee9b5', '2023-04-28 12:32:47', '2023-04-30 16:54:07', 1);
INSERT INTO `sys_role_menu` VALUES ('42', '1625026561937264644', '21', '2023-02-21 00:07:28', '2023-02-21 00:07:28', 0);
INSERT INTO `sys_role_menu` VALUES ('43', '1625026561937264644', '24', '2023-02-21 00:07:28', '2023-02-21 00:07:28', 0);
INSERT INTO `sys_role_menu` VALUES ('44', '1625026561937264644', '25', '2023-02-21 00:07:28', '2023-02-21 00:07:28', 0);
INSERT INTO `sys_role_menu` VALUES ('4da31e346c0a417b5bd481cff30cefff', '1', '8', '2023-04-27 23:22:21', '2023-04-28 10:59:17', 1);
INSERT INTO `sys_role_menu` VALUES ('5', '2', '8', '2022-06-02 16:11:27', '2022-06-02 16:16:10', 1);
INSERT INTO `sys_role_menu` VALUES ('51a1c522246c12acb200d9978e7d1225', '1', '1646187339429044225', '2023-04-28 12:32:47', '2023-04-30 16:54:07', 1);
INSERT INTO `sys_role_menu` VALUES ('5295697810bddd413fe8ef9a9b9a7696', '1', '4422f987e6d08dc0fcbadaf280c6b98c', '2023-04-28 10:59:18', '2023-04-28 12:32:46', 1);
INSERT INTO `sys_role_menu` VALUES ('5bf478a3629a919ad085d0299dff8c47', '1', '8', '2023-04-28 12:32:47', '2023-04-30 16:54:07', 1);
INSERT INTO `sys_role_menu` VALUES ('5c87d151ae9c3bb5e7e706a0bce5e980', '1', '3', '2023-04-28 12:32:47', '2023-04-30 16:54:07', 1);
INSERT INTO `sys_role_menu` VALUES ('5daaa37a5e517bece35112ab3f8c0ea2', '1', '7', '2023-04-28 12:32:47', '2023-04-30 16:54:07', 1);
INSERT INTO `sys_role_menu` VALUES ('5ec39e4f899afac65fe628ef12da2a0d', '1', '20', '2023-04-27 23:22:21', '2023-04-28 10:59:17', 1);
INSERT INTO `sys_role_menu` VALUES ('6', '2', '9', '2022-06-02 16:11:27', '2022-06-02 16:16:10', 1);
INSERT INTO `sys_role_menu` VALUES ('65913a5b893d400b14d305175db15ea1', '1', '9', '2023-04-28 10:59:18', '2023-04-28 12:32:46', 1);
INSERT INTO `sys_role_menu` VALUES ('66db71b2e8f581b9d81786e4e365eb54', '1', '18', '2023-04-27 23:22:21', '2023-04-28 10:59:17', 1);
INSERT INTO `sys_role_menu` VALUES ('699eec12f37620399f440449fca2d46d', '1', '26', '2023-04-28 10:59:18', '2023-04-28 12:32:46', 1);
INSERT INTO `sys_role_menu` VALUES ('6b61a1040dee8ecd3a339c7f2c3970c4', '1', '1646187845945778178', '2023-04-28 12:32:47', '2023-04-30 16:54:07', 1);
INSERT INTO `sys_role_menu` VALUES ('7', '2', '18', '2022-06-02 16:11:27', '2022-06-02 16:16:10', 1);
INSERT INTO `sys_role_menu` VALUES ('700de323041a6040351085f5cd640185', '1', '7', '2023-04-28 10:59:18', '2023-04-28 12:32:46', 1);
INSERT INTO `sys_role_menu` VALUES ('76038bfc2ce6d4b46bbdf30250a57231', '1', '1646193783066976258', '2023-04-28 12:32:47', '2023-04-30 16:54:07', 1);
INSERT INTO `sys_role_menu` VALUES ('7762ddb9996f88465576a3fb3d1a6a34', '1', '25', '2023-04-28 10:59:18', '2023-04-28 12:32:46', 1);
INSERT INTO `sys_role_menu` VALUES ('7ab761111942b56d124b3beae217d8c9', '1', '1646187339429044225', '2023-04-28 10:59:18', '2023-04-28 12:32:46', 1);
INSERT INTO `sys_role_menu` VALUES ('8', '2', '4', '2022-06-02 16:11:27', '2022-06-02 16:16:10', 1);
INSERT INTO `sys_role_menu` VALUES ('8019f3d679042fb9c270c703a6563259', '1', '24', '2023-04-28 12:32:47', '2023-04-30 16:54:07', 1);
INSERT INTO `sys_role_menu` VALUES ('849e078b5d8f93977ddafdd8fe1c1955', '1', '586efff0cc24c5f8a8cc74a25d3ee9b5', '2023-04-28 10:59:18', '2023-04-28 12:32:46', 1);
INSERT INTO `sys_role_menu` VALUES ('88ecabf4088e6fcabd9d4a4904dd00b1', '1', 'ea7c79a11b4a621ee2ce6f23addfa7d7', '2023-04-28 10:59:18', '2023-04-28 12:32:46', 1);
INSERT INTO `sys_role_menu` VALUES ('8beffebb6d5f7433b728301febf2d20e', '1', '5fc8df5d01c4df1ceccd8d8f663deada', '2023-04-28 12:32:47', '2023-04-30 16:54:07', 1);
INSERT INTO `sys_role_menu` VALUES ('9', '2', '10', '2022-06-02 16:11:27', '2022-06-02 16:16:10', 1);
INSERT INTO `sys_role_menu` VALUES ('92023c3ba981ad39e876fdb2c2ff79fe', '1', '21', '2023-04-27 23:22:21', '2023-04-28 10:59:17', 1);
INSERT INTO `sys_role_menu` VALUES ('9a066731f41693b77bfc78e090457096', '1', '1646193851681595394', '2023-04-28 10:59:18', '2023-04-28 12:32:46', 1);
INSERT INTO `sys_role_menu` VALUES ('9a2b1acee7c11fc652480e59ac96811f', '1', '18', '2023-04-28 12:32:47', '2023-04-30 16:54:07', 1);
INSERT INTO `sys_role_menu` VALUES ('9c7782ae957be4b0a97213fc2dccd8a1', '1', '8', '2023-04-28 10:59:18', '2023-04-28 12:32:46', 1);
INSERT INTO `sys_role_menu` VALUES ('9f66e9705f8a69de5f6de48e46a71e42', '1', '07e9b8c265f824bc7f5d0149523cc92c', '2023-04-28 12:32:47', '2023-04-30 16:54:07', 1);
INSERT INTO `sys_role_menu` VALUES ('a5bc8a03c6c72f0bca768725e2a2be5a', '1', '2', '2023-04-28 10:59:18', '2023-04-28 12:32:46', 1);
INSERT INTO `sys_role_menu` VALUES ('ac2673dd4e086bb5109acd0ca4f580a6', '1', 'b6f9eb1c88eae40f489c887635440bb0', '2023-04-28 12:32:47', '2023-04-30 16:54:07', 1);
INSERT INTO `sys_role_menu` VALUES ('b1cfc48e55b8862a19fccfd0e74b64a1', '1', '9', '2023-04-28 12:32:47', '2023-04-30 16:54:07', 1);
INSERT INTO `sys_role_menu` VALUES ('b4096294e8e299cec06a3e4532d0878c', '1', '1646191837765558273', '2023-04-28 12:32:47', '2023-04-30 16:54:07', 1);
INSERT INTO `sys_role_menu` VALUES ('b51bd20d9bbd670bef42f102f995f286', '1', '2', '2023-04-27 23:22:21', '2023-04-28 10:59:17', 1);
INSERT INTO `sys_role_menu` VALUES ('b5f40cdc6e7e931b4e1509b2ff6336ba', '1', '1646194051976388610', '2023-04-28 12:32:47', '2023-04-30 16:54:07', 1);
INSERT INTO `sys_role_menu` VALUES ('b877f95b0ef983411d23be1fd4b9a3e1', '1', '18', '2023-04-27 23:17:17', '2023-04-27 23:22:21', 1);
INSERT INTO `sys_role_menu` VALUES ('bb8c1624db6393532f5a72ea747ff64f', '1', 'e7d746c60d482a33e3ae068dbc840460', '2023-04-28 12:32:47', '2023-04-30 16:54:07', 1);
INSERT INTO `sys_role_menu` VALUES ('bd50293eb7f6b3cc723d3a7f8f7df034', '1', '8', '2023-04-27 23:17:17', '2023-04-27 23:22:21', 1);
INSERT INTO `sys_role_menu` VALUES ('c0f0b237772e139b9f11bf5a385e741a', '1', '18', '2023-04-28 10:59:18', '2023-04-28 12:32:46', 1);
INSERT INTO `sys_role_menu` VALUES ('c3fe41102096fbaa8d02e8063e4e1a99', '1', '24', '2023-04-28 10:59:18', '2023-04-28 12:32:46', 1);
INSERT INTO `sys_role_menu` VALUES ('cf42a4fcae3a6427006f10a193a0d541', '1', '51f8eb07a83fa599bbc85db068a071c5', '2023-04-28 10:59:18', '2023-04-28 12:32:46', 1);
INSERT INTO `sys_role_menu` VALUES ('d43ba2ebcd2e7b7993c7fbd46aa0e46c', '1', '2', '2023-04-27 23:17:17', '2023-04-27 23:22:21', 1);
INSERT INTO `sys_role_menu` VALUES ('d47637ec10b32ebd52705247ae28a70d', '1', '26', '2023-04-27 23:22:21', '2023-04-28 10:59:17', 1);
INSERT INTO `sys_role_menu` VALUES ('d528d234b6d244748d2a8d88e15495df', '1', '21', '2023-04-28 12:32:47', '2023-04-30 16:54:07', 1);
INSERT INTO `sys_role_menu` VALUES ('d6a702d4776eb329d1c00f9f72fd14d7', '1', '26', '2023-04-28 12:32:47', '2023-04-30 16:54:07', 1);
INSERT INTO `sys_role_menu` VALUES ('d7ebbe769805e9952a5f334aa7d71cd2', '1', 'ffa18fd6b196f2149e5107b50ba729e4', '2023-04-28 12:32:47', '2023-04-30 16:54:07', 1);
INSERT INTO `sys_role_menu` VALUES ('ddd27f7e7427550965ad59292df76c55', '1', '6', '2023-04-27 23:17:17', '2023-04-27 23:22:21', 1);
INSERT INTO `sys_role_menu` VALUES ('e062f13a82a3d3574650466487a3a946', '1', '25', '2023-04-28 12:32:47', '2023-04-30 16:54:07', 1);
INSERT INTO `sys_role_menu` VALUES ('e5abf1c2170ec962edab271d61d7e3c4', '1', '9', '2023-04-27 23:22:21', '2023-04-28 10:59:17', 1);
INSERT INTO `sys_role_menu` VALUES ('e6312f2b13bd54b0a8ac2feea4ebc132', '1', '4422f987e6d08dc0fcbadaf280c6b98c', '2023-04-28 12:32:47', '2023-04-30 16:54:07', 1);
INSERT INTO `sys_role_menu` VALUES ('e6bb92ecfded7b3fe07b400b0bef4b70', '1', '21', '2023-04-28 10:59:18', '2023-04-28 12:32:46', 1);
INSERT INTO `sys_role_menu` VALUES ('e7a1b5430a0be44c06949c276c0b000d', '1', '20', '2023-04-28 12:32:47', '2023-04-30 16:54:07', 1);
INSERT INTO `sys_role_menu` VALUES ('e8b576091d27bbd703a60418f9865bb7', '1', '3', '2023-04-28 10:59:18', '2023-04-28 12:32:46', 1);
INSERT INTO `sys_role_menu` VALUES ('f51e08e40924d0dd4be5627ea951024f', '1', '6', '2023-04-27 23:22:21', '2023-04-28 10:59:17', 1);
INSERT INTO `sys_role_menu` VALUES ('f712d88a6dc7f8408484d0b19c24c88b', '1', 'ea7c79a11b4a621ee2ce6f23addfa7d7', '2023-04-28 12:32:47', '2023-04-30 16:54:07', 1);
INSERT INTO `sys_role_menu` VALUES ('fca54aa223febba8758ea3c575077772', '1', '7', '2023-04-27 23:17:17', '2023-04-27 23:22:21', 1);
INSERT INTO `sys_role_menu` VALUES ('ff42da2ced0be2dcfaa54708069765df', '1', '2', '2023-04-28 12:32:47', '2023-04-30 16:54:07', 1);

-- ----------------------------
-- Table structure for sys_user
-- ----------------------------
DROP TABLE IF EXISTS `sys_user`;
CREATE TABLE `sys_user`  (
  `id` varchar(100) CHARACTER SET utf8mb4 COLLATE utf8mb4_0900_ai_ci NOT NULL COMMENT '会员id',
  `username` varchar(20) CHARACTER SET utf8mb4 COLLATE utf8mb4_0900_ai_ci NOT NULL DEFAULT '' COMMENT '用户名',
  `password` varchar(32) CHARACTER SET utf8mb4 COLLATE utf8mb4_0900_ai_ci NOT NULL DEFAULT '' COMMENT '密码',
  `name` varchar(50) CHARACTER SET utf8mb4 COLLATE utf8mb4_0900_ai_ci NULL DEFAULT NULL COMMENT '姓名',
  `phone` varchar(11) CHARACTER SET utf8mb4 COLLATE utf8mb4_0900_ai_ci NULL DEFAULT NULL COMMENT '手机',
  `head_url` varchar(200) CHARACTER SET utf8mb4 COLLATE utf8mb4_0900_ai_ci NULL DEFAULT NULL COMMENT '头像地址',
  `dept_id` varchar(100) CHARACTER SET utf8mb4 COLLATE utf8mb4_0900_ai_ci NULL DEFAULT NULL COMMENT '部门id',
  `post_id` varchar(100) CHARACTER SET utf8mb4 COLLATE utf8mb4_0900_ai_ci NULL DEFAULT NULL COMMENT '岗位id',
  `description` varchar(255) CHARACTER SET utf8mb4 COLLATE utf8mb4_0900_ai_ci NULL DEFAULT NULL COMMENT '描述',
  `status` tinyint NULL DEFAULT NULL COMMENT '状态（1：正常 0：停用）',
  `create_time` timestamp NOT NULL DEFAULT CURRENT_TIMESTAMP COMMENT '创建时间',
  `update_time` timestamp NOT NULL DEFAULT CURRENT_TIMESTAMP ON UPDATE CURRENT_TIMESTAMP COMMENT '更新时间',
  `is_deleted` tinyint NOT NULL DEFAULT 0 COMMENT '删除标记（0:可用 1:已删除）',
  PRIMARY KEY (`id`) USING BTREE,
  UNIQUE INDEX `idx_username`(`username`) USING BTREE
) ENGINE = InnoDB CHARACTER SET = utf8mb4 COLLATE = utf8mb4_0900_ai_ci COMMENT = '用户表' ROW_FORMAT = DYNAMIC;

-- ----------------------------
-- Records of sys_user
-- ----------------------------
INSERT INTO `sys_user` VALUES ('1', 'admin', '96e79218965eb72c92a549dd5a330112', 'admin', '15099909888', 'http://r61cnlsfq.hn-bkt.clouddn.com/7daa4595-dfde-45da-8513-c5c2b81d20cc', '1021', '5', NULL, 1, '2021-05-31 18:08:43', '2023-02-22 20:56:03', 0);
INSERT INTO `sys_user` VALUES ('12', 'liu2', '96e79218965eb72c92a549dd5a330112', '他是谁', '17666578420', NULL, NULL, NULL, NULL, 1, '2023-02-24 00:14:49', '2023-02-24 00:14:49', 0);
INSERT INTO `sys_user` VALUES ('13', 'zhang2', '96e79218965eb72c92a549dd5a330112', '我是谁', '17666578420', NULL, '2017', NULL, NULL, 1, '2023-02-24 00:14:49', '2023-02-24 15:24:38', 0);
INSERT INTO `sys_user` VALUES ('14', 'liu243434', '96e79218965eb72c92a549dd5a330112', '他是谁', '17666578420', NULL, '2018', NULL, NULL, 1, '2023-02-24 01:48:12', '2023-02-24 15:24:13', 0);
INSERT INTO `sys_user` VALUES ('15', 'zhang24343', '96e79218965eb72c92a549dd5a330112', '我是谁', '17666578420', NULL, '2013', NULL, NULL, 1, '2023-02-24 01:48:12', '2023-02-24 15:24:06', 0);
INSERT INTO `sys_user` VALUES ('1703060687534747649', 'zz21', '887328d863061b97df42e19cf44c8ddb', '猪猪', '13621215240', NULL, NULL, '5', NULL, 1, '2023-09-16 22:58:04', '2023-09-19 03:05:27', 0);
INSERT INTO `sys_user` VALUES ('19', 'dasanyuan', '96e79218965eb72c92a549dd5a330112', '去你的', '17666578420', NULL, NULL, NULL, NULL, 1, '2023-02-24 15:29:23', '2023-02-24 15:29:23', 0);
INSERT INTO `sys_user` VALUES ('2', 'wangqq', '96e79218965eb72c92a549dd5a330112', '王倩倩', '15010546381', 'http://r61cnlsfq.hn-bkt.clouddn.com/b09b3467-3d99-437a-bd2e-dd8c9be92bb8', '1022', '6', NULL, 1, '2022-02-08 10:35:38', '2023-03-26 23:20:42', 0);
INSERT INTO `sys_user` VALUES ('20', 'fengsb', '96e79218965eb72c92a549dd5a330112', '他奶奶的', '17666578420', NULL, NULL, NULL, NULL, 1, '2023-02-24 15:29:23', '2023-02-24 15:29:23', 0);
INSERT INTO `sys_user` VALUES ('22', 'dasany44uan', '96e79218965eb72c92a549dd5a330112', '去你的', '17666578420', NULL, '2017', NULL, NULL, 1, '2023-02-24 15:33:52', '2023-02-25 00:11:11', 0);
INSERT INTO `sys_user` VALUES ('23', 'fengsb444', '96e79218965eb72c92a549dd5a330112', '他奶奶的你你你你你你', '17666578420', NULL, '2018', NULL, NULL, 1, '2023-02-24 15:33:52', '2023-02-25 00:11:34', 0);
INSERT INTO `sys_user` VALUES ('25', '奋斗奋斗', 'b8ce334bae3faf976fa457702fe7545b', '分地方地方', '17666564356', NULL, '10', NULL, NULL, NULL, '2023-02-25 00:36:20', '2023-02-25 00:36:20', 0);
INSERT INTO `sys_user` VALUES ('26', '3333', '96e79218965eb72c92a549dd5a330112', '111111', '13423232143', NULL, '1026', NULL, NULL, NULL, '2023-02-25 00:37:19', '2023-03-28 00:44:52', 0);
INSERT INTO `sys_user` VALUES ('28', '33335444', '1a100d2c0dab19c4430e7d73762b3423', '333333', '33333333333', NULL, '20', NULL, NULL, NULL, '2023-02-25 00:40:20', '2023-02-25 00:40:20', 0);
INSERT INTO `sys_user` VALUES ('29', '454545', '1a100d2c0dab19c4430e7d73762b3423', '222222', '11111111111', NULL, '2017', NULL, NULL, NULL, '2023-02-25 00:43:30', '2023-02-25 00:43:30', 0);
INSERT INTO `sys_user` VALUES ('2bfcb4ceab3932f9019481dd0d4f9408', '测试20230420', 'e10adc3949ba59abbe56e057f20f883e', '邢道荣', '13785748965', NULL, NULL, NULL, NULL, 0, '2023-04-20 14:37:55', '2024-10-05 18:30:43', 0);
INSERT INTO `sys_user` VALUES ('3', 'wanggang', '96e79218965eb72c92a549dd5a330112', '王霄', '18909098909', NULL, '2016', '5', NULL, 1, '2022-05-24 11:05:40', '2023-02-22 21:20:02', 0);
INSERT INTO `sys_user` VALUES ('30', 'dfdsfdfdsf', '73882ab1fa529d7273da0db6b49cc4f3', '2223434', '66666666666', NULL, '30', NULL, NULL, NULL, '2023-02-25 00:52:26', '2023-04-27 22:57:14', 0);
INSERT INTO `sys_user` VALUES ('32', '33333让人 ', '73882ab1fa529d7273da0db6b49cc4f3', '33434343', '44444444444', NULL, '2016', NULL, NULL, 1, '2023-02-25 01:18:42', '2023-04-21 01:31:54', 0);
INSERT INTO `sys_user` VALUES ('4', 'zhangsanf', '123456', '张三丰', '17755678942', NULL, NULL, NULL, NULL, NULL, '2023-02-17 12:20:04', '2023-02-17 12:21:28', 1);
INSERT INTO `sys_user` VALUES ('5', 'fdfdfd', '96e79218965eb72c92a549dd5a330112', '111111', '13621215240', NULL, NULL, NULL, NULL, 1, '2023-02-19 14:38:45', '2023-02-20 01:57:03', 1);
INSERT INTO `sys_user` VALUES ('6', '周先生', '96e79218965eb72c92a549dd5a330112', '周先生', '13545489658', NULL, '2013', NULL, NULL, 1, '2023-02-21 23:49:16', '2023-04-21 00:29:06', 0);
INSERT INTO `sys_user` VALUES ('7', '李大侠', '96e79218965eb72c92a549dd5a330112', '李大侠', '13800000000', NULL, '2017', NULL, NULL, 1, '2023-02-22 21:38:00', '2023-04-21 01:39:33', 0);
INSERT INTO `sys_user` VALUES ('8', 'liu', '96e79218965eb72c92a549dd5a330112', '他是谁', '17666578420', NULL, '1026', NULL, NULL, 1, '2023-02-23 15:59:04', '2023-04-21 20:27:02', 0);
INSERT INTO `sys_user` VALUES ('85fcd7e29ce8908e27d63ad6144a8bca', 'zhenzhen', 'e10adc3949ba59abbe56e057f20f883e', '珍珍', '13800138000', NULL, NULL, '9', NULL, 1, '2023-04-27 23:14:37', '2023-09-16 22:39:06', 0);
INSERT INTO `sys_user` VALUES ('886f5b1da471ca35ad0eb9445b22c1b7', '霍石斛', '21218cca77804d2ba1922c33e0151105', '郝大通', '12478954789', NULL, NULL, NULL, NULL, 1, '2023-04-20 14:40:47', '2023-04-21 01:35:38', 0);
INSERT INTO `sys_user` VALUES ('9', 'zhang', '96e79218965eb72c92a549dd5a330112', '我是谁', '17666578420', NULL, '20', NULL, NULL, 1, '2023-02-23 15:59:04', '2023-04-21 01:35:57', 0);
INSERT INTO `sys_user` VALUES ('dd59e1b7fd2e900869775ebe1127afb5', '浮动幅度', '9b4da352f6e432d64f545e1704590b53', '发的地方', '333333', NULL, '2013', NULL, NULL, 1, '2023-04-14 02:28:38', '2023-08-06 02:58:09', 0);

-- ----------------------------
-- Table structure for sys_user_dept
-- ----------------------------
DROP TABLE IF EXISTS `sys_user_dept`;
CREATE TABLE `sys_user_dept`  (
  `id` varchar(255) CHARACTER SET utf8mb3 COLLATE utf8mb3_bin NOT NULL,
  `user_id` varchar(255) CHARACTER SET utf8mb3 COLLATE utf8mb3_bin NOT NULL,
  `dept_id` varchar(255) CHARACTER SET utf8mb3 COLLATE utf8mb3_bin NOT NULL,
  `create_time` timestamp NOT NULL,
  `update_time` timestamp NOT NULL,
  `is_deleted` tinyint NOT NULL,
  PRIMARY KEY (`id`) USING BTREE
) ENGINE = InnoDB CHARACTER SET = utf8mb3 COLLATE = utf8mb3_bin COMMENT = '用户和部门中间表' ROW_FORMAT = DYNAMIC;

-- ----------------------------
-- Records of sys_user_dept
-- ----------------------------
INSERT INTO `sys_user_dept` VALUES ('0216ec8e31bcad0acb1d45b68d14729a', 'dd59e1b7fd2e900869775ebe1127afb5', '30', '2023-04-21 01:36:35', '2023-04-21 01:36:35', 1);
INSERT INTO `sys_user_dept` VALUES ('021b2ec707ccd4ab9748453db423182a', '9', '2016', '2023-04-20 14:41:53', '2023-04-20 14:41:53', 1);
INSERT INTO `sys_user_dept` VALUES ('05455ee60de5eafdd4cdb98c65033e39', '886f5b1da471ca35ad0eb9445b22c1b7', '2012', '2023-04-20 14:41:45', '2023-04-20 14:41:45', 1);
INSERT INTO `sys_user_dept` VALUES ('092f7bf0f667840be7a7614627d8304e', '886f5b1da471ca35ad0eb9445b22c1b7', '2016', '2023-04-20 14:41:45', '2023-04-20 14:41:45', 1);
INSERT INTO `sys_user_dept` VALUES ('0d19b2d724bbfc55c9a6eb66b8cb86cb', '9', '2017', '2023-04-21 01:35:57', '2023-04-21 01:35:57', 0);
INSERT INTO `sys_user_dept` VALUES ('0e6750ff408f93ccc0f2ead27f4964dd', '9', '20', '2023-04-20 14:41:53', '2023-04-20 14:41:53', 1);
INSERT INTO `sys_user_dept` VALUES ('1652698891527208962', '85fcd7e29ce8908e27d63ad6144a8bca', '30', '2023-04-30 23:38:16', '2023-04-30 23:38:16', 1);
INSERT INTO `sys_user_dept` VALUES ('1652698891560763393', '85fcd7e29ce8908e27d63ad6144a8bca', '2013', '2023-04-30 23:38:16', '2023-04-30 23:38:16', 1);
INSERT INTO `sys_user_dept` VALUES ('1652698891564957698', '85fcd7e29ce8908e27d63ad6144a8bca', '2018', '2023-04-30 23:38:16', '2023-04-30 23:38:16', 1);
INSERT INTO `sys_user_dept` VALUES ('1652700548197617666', '85fcd7e29ce8908e27d63ad6144a8bca', '30', '2023-04-30 23:44:51', '2023-04-30 23:44:51', 1);
INSERT INTO `sys_user_dept` VALUES ('1652700548218589185', '85fcd7e29ce8908e27d63ad6144a8bca', '2013', '2023-04-30 23:44:51', '2023-04-30 23:44:51', 1);
INSERT INTO `sys_user_dept` VALUES ('1652700548243755009', '85fcd7e29ce8908e27d63ad6144a8bca', '2018', '2023-04-30 23:44:51', '2023-04-30 23:44:51', 1);
INSERT INTO `sys_user_dept` VALUES ('1652729128482856961', '85fcd7e29ce8908e27d63ad6144a8bca', '30', '2023-05-01 01:38:25', '2023-05-01 01:38:25', 1);
INSERT INTO `sys_user_dept` VALUES ('1652729128495439873', '85fcd7e29ce8908e27d63ad6144a8bca', '2013', '2023-05-01 01:38:25', '2023-05-01 01:38:25', 1);
INSERT INTO `sys_user_dept` VALUES ('1652729128512217089', '85fcd7e29ce8908e27d63ad6144a8bca', '2018', '2023-05-01 01:38:25', '2023-05-01 01:38:25', 1);
INSERT INTO `sys_user_dept` VALUES ('1653000897789759489', '85fcd7e29ce8908e27d63ad6144a8bca', '30', '2023-05-01 19:38:20', '2023-05-01 19:38:20', 1);
INSERT INTO `sys_user_dept` VALUES ('1653000897814925313', '85fcd7e29ce8908e27d63ad6144a8bca', '2013', '2023-05-01 19:38:20', '2023-05-01 19:38:20', 1);
INSERT INTO `sys_user_dept` VALUES ('1653000897827508225', '85fcd7e29ce8908e27d63ad6144a8bca', '2018', '2023-05-01 19:38:20', '2023-05-01 19:38:20', 1);
INSERT INTO `sys_user_dept` VALUES ('1653296716740915202', '85fcd7e29ce8908e27d63ad6144a8bca', '30', '2023-05-02 15:13:49', '2023-05-02 15:13:49', 1);
INSERT INTO `sys_user_dept` VALUES ('1653296716774469634', '85fcd7e29ce8908e27d63ad6144a8bca', '2013', '2023-05-02 15:13:49', '2023-05-02 15:13:49', 1);
INSERT INTO `sys_user_dept` VALUES ('1653296716820606978', '85fcd7e29ce8908e27d63ad6144a8bca', '2018', '2023-05-02 15:13:49', '2023-05-02 15:13:49', 1);
INSERT INTO `sys_user_dept` VALUES ('1687900815578677249', 'dd59e1b7fd2e900869775ebe1127afb5', '30', '2023-08-06 02:58:09', '2023-08-06 02:58:09', 0);
INSERT INTO `sys_user_dept` VALUES ('1687900815578677250', 'dd59e1b7fd2e900869775ebe1127afb5', '2013', '2023-08-06 02:58:09', '2023-08-06 02:58:09', 0);
INSERT INTO `sys_user_dept` VALUES ('1687900815578677251', 'dd59e1b7fd2e900869775ebe1127afb5', '2018', '2023-08-06 02:58:09', '2023-08-06 02:58:09', 0);
INSERT INTO `sys_user_dept` VALUES ('1695816509540646914', '85fcd7e29ce8908e27d63ad6144a8bca', '30', '2023-08-27 23:12:17', '2023-08-27 23:12:17', 1);
INSERT INTO `sys_user_dept` VALUES ('1695816509540646915', '85fcd7e29ce8908e27d63ad6144a8bca', '2013', '2023-08-27 23:12:17', '2023-08-27 23:12:17', 1);
INSERT INTO `sys_user_dept` VALUES ('1695816509540646916', '85fcd7e29ce8908e27d63ad6144a8bca', '2018', '2023-08-27 23:12:17', '2023-08-27 23:12:17', 1);
INSERT INTO `sys_user_dept` VALUES ('1703055571687632897', '85fcd7e29ce8908e27d63ad6144a8bca', '30', '2023-09-16 22:37:44', '2023-09-16 22:37:44', 1);
INSERT INTO `sys_user_dept` VALUES ('1703055571687632898', '85fcd7e29ce8908e27d63ad6144a8bca', '2013', '2023-09-16 22:37:44', '2023-09-16 22:37:44', 1);
INSERT INTO `sys_user_dept` VALUES ('1703055571687632899', '85fcd7e29ce8908e27d63ad6144a8bca', '2018', '2023-09-16 22:37:44', '2023-09-16 22:37:44', 1);
INSERT INTO `sys_user_dept` VALUES ('1703055661303132161', '85fcd7e29ce8908e27d63ad6144a8bca', '30', '2023-09-16 22:38:06', '2023-09-16 22:38:06', 1);
INSERT INTO `sys_user_dept` VALUES ('1703055661303132162', '85fcd7e29ce8908e27d63ad6144a8bca', '2013', '2023-09-16 22:38:06', '2023-09-16 22:38:06', 1);
INSERT INTO `sys_user_dept` VALUES ('1703055661370241026', '85fcd7e29ce8908e27d63ad6144a8bca', '2018', '2023-09-16 22:38:06', '2023-09-16 22:38:06', 1);
INSERT INTO `sys_user_dept` VALUES ('1703055916052574209', '85fcd7e29ce8908e27d63ad6144a8bca', '30', '2023-09-16 22:39:06', '2023-09-16 22:39:06', 0);
INSERT INTO `sys_user_dept` VALUES ('1703055916052574210', '85fcd7e29ce8908e27d63ad6144a8bca', '2013', '2023-09-16 22:39:06', '2023-09-16 22:39:06', 0);
INSERT INTO `sys_user_dept` VALUES ('1703055916052574211', '85fcd7e29ce8908e27d63ad6144a8bca', '2018', '2023-09-16 22:39:06', '2023-09-16 22:39:06', 0);
INSERT INTO `sys_user_dept` VALUES ('1703060687597662210', '1703060687534747649', '10', '2023-09-16 22:58:04', '2023-09-16 22:58:04', 1);
INSERT INTO `sys_user_dept` VALUES ('1703060687597662211', '1703060687534747649', '1010', '2023-09-16 22:58:04', '2023-09-16 22:58:04', 1);
INSERT INTO `sys_user_dept` VALUES ('1703060687597662212', '1703060687534747649', '1021', '2023-09-16 22:58:04', '2023-09-16 22:58:04', 1);
INSERT INTO `sys_user_dept` VALUES ('1703060687597662213', '1703060687534747649', '1022', '2023-09-16 22:58:04', '2023-09-16 22:58:04', 1);
INSERT INTO `sys_user_dept` VALUES ('1703060687597662214', '1703060687534747649', '1024', '2023-09-16 22:58:04', '2023-09-16 22:58:04', 1);
INSERT INTO `sys_user_dept` VALUES ('1703060687597662215', '1703060687534747649', '1020', '2023-09-16 22:58:04', '2023-09-16 22:58:04', 1);
INSERT INTO `sys_user_dept` VALUES ('1703060687597662216', '1703060687534747649', '1025', '2023-09-16 22:58:04', '2023-09-16 22:58:04', 1);
INSERT INTO `sys_user_dept` VALUES ('1703060687597662217', '1703060687534747649', '1026', '2023-09-16 22:58:04', '2023-09-16 22:58:04', 1);
INSERT INTO `sys_user_dept` VALUES ('1703060687668965377', '1703060687534747649', '1027', '2023-09-16 22:58:04', '2023-09-16 22:58:04', 1);
INSERT INTO `sys_user_dept` VALUES ('1703060687668965378', '1703060687534747649', '1028', '2023-09-16 22:58:04', '2023-09-16 22:58:04', 1);
INSERT INTO `sys_user_dept` VALUES ('1703270111956267010', '1703060687534747649', '10', '2023-09-17 12:50:15', '2023-09-17 12:50:15', 1);
INSERT INTO `sys_user_dept` VALUES ('1703270111956267011', '1703060687534747649', '1010', '2023-09-17 12:50:15', '2023-09-17 12:50:15', 1);
INSERT INTO `sys_user_dept` VALUES ('1703270112023375874', '1703060687534747649', '1021', '2023-09-17 12:50:15', '2023-09-17 12:50:15', 1);
INSERT INTO `sys_user_dept` VALUES ('1703270112023375875', '1703060687534747649', '1022', '2023-09-17 12:50:15', '2023-09-17 12:50:15', 1);
INSERT INTO `sys_user_dept` VALUES ('1703270112023375876', '1703060687534747649', '1024', '2023-09-17 12:50:15', '2023-09-17 12:50:15', 1);
INSERT INTO `sys_user_dept` VALUES ('1703270112023375877', '1703060687534747649', '1020', '2023-09-17 12:50:15', '2023-09-17 12:50:15', 1);
INSERT INTO `sys_user_dept` VALUES ('1703270112023375878', '1703060687534747649', '1025', '2023-09-17 12:50:15', '2023-09-17 12:50:15', 1);
INSERT INTO `sys_user_dept` VALUES ('1703270112023375879', '1703060687534747649', '1026', '2023-09-17 12:50:15', '2023-09-17 12:50:15', 1);
INSERT INTO `sys_user_dept` VALUES ('1703270112023375880', '1703060687534747649', '1027', '2023-09-17 12:50:15', '2023-09-17 12:50:15', 1);
INSERT INTO `sys_user_dept` VALUES ('1703270112090484738', '1703060687534747649', '1028', '2023-09-17 12:50:15', '2023-09-17 12:50:15', 1);
INSERT INTO `sys_user_dept` VALUES ('1703847720490418177', '1703060687534747649', '1027', '2023-09-19 03:05:27', '2023-09-19 03:05:27', 0);
INSERT INTO `sys_user_dept` VALUES ('1967c3db8e45c07c8ec8ed85e63e8b5f', 'dd59e1b7fd2e900869775ebe1127afb5', '30', '2023-04-21 01:37:21', '2023-04-21 01:37:21', 1);
INSERT INTO `sys_user_dept` VALUES ('1b386d905139b52936f65fe170e096a8', '886f5b1da471ca35ad0eb9445b22c1b7', '2017', '2023-04-20 14:40:47', '2023-04-20 14:40:47', 1);
INSERT INTO `sys_user_dept` VALUES ('22fcd7860e5d0e227d1aeae1ec9a062b', '886f5b1da471ca35ad0eb9445b22c1b7', '20', '2023-04-20 14:40:47', '2023-04-20 14:40:47', 1);
INSERT INTO `sys_user_dept` VALUES ('241866e0c5bbfd706c7522d447c723d5', '30', '2013', '2023-04-27 22:57:14', '2023-04-27 22:57:14', 0);
INSERT INTO `sys_user_dept` VALUES ('256206504cb0e48ac1b9df2de154b1ec', 'dd59e1b7fd2e900869775ebe1127afb5', '2018', '2023-04-21 01:36:35', '2023-04-21 01:36:35', 1);
INSERT INTO `sys_user_dept` VALUES ('296821e5f57646cd7ef50a83e81bfa35', '9', '1021', '2023-04-21 01:35:51', '2023-04-21 01:35:51', 1);
INSERT INTO `sys_user_dept` VALUES ('2e6248fcd7b53baa747b55ad8a99bd25', '85fcd7e29ce8908e27d63ad6144a8bca', '2013', '2023-04-27 23:14:37', '2023-04-27 23:14:37', 1);
INSERT INTO `sys_user_dept` VALUES ('30db58cd873ae31b38c3d1d1572cbe19', '9', '1025', '2023-04-20 14:41:53', '2023-04-20 14:41:53', 1);
INSERT INTO `sys_user_dept` VALUES ('31de401f7808ea814bb6a8bb91983f1a', '886f5b1da471ca35ad0eb9445b22c1b7', '20', '2023-04-20 14:41:45', '2023-04-20 14:41:45', 1);
INSERT INTO `sys_user_dept` VALUES ('32eebddbdf9a0bec7f25de8f4da4a0bc', '9', '1021', '2023-04-21 01:33:50', '2023-04-21 01:33:50', 1);
INSERT INTO `sys_user_dept` VALUES ('386f7b8da24201f02a44e9214c44e38e', '9', '1026', '2023-04-20 14:41:53', '2023-04-20 14:41:53', 1);
INSERT INTO `sys_user_dept` VALUES ('3906d22d589dcff5612a8973da7ffff1', '6', '2013', '2023-04-21 00:29:06', '2023-04-21 00:29:06', 0);
INSERT INTO `sys_user_dept` VALUES ('3c885c4a92cee9fb51c27de40e5c4750', '9', '2017', '2023-04-20 14:41:53', '2023-04-20 14:41:53', 1);
INSERT INTO `sys_user_dept` VALUES ('4a55685a085e14d845af44599cc2a391', 'dd59e1b7fd2e900869775ebe1127afb5', '2018', '2023-04-20 15:07:51', '2023-04-20 15:07:51', 1);
INSERT INTO `sys_user_dept` VALUES ('569a310846ced11df754f04962e31c64', '85fcd7e29ce8908e27d63ad6144a8bca', '30', '2023-04-27 23:14:37', '2023-04-27 23:14:37', 1);
INSERT INTO `sys_user_dept` VALUES ('5761fe2eb29cb5377f3cc49deeb3a2cf', '9', '1020', '2023-04-20 14:41:53', '2023-04-20 14:41:53', 1);
INSERT INTO `sys_user_dept` VALUES ('61e01c4a252a71dd9a7b371eba8e9a11', 'dd59e1b7fd2e900869775ebe1127afb5', '2018', '2023-04-21 01:37:21', '2023-04-21 01:37:21', 1);
INSERT INTO `sys_user_dept` VALUES ('64fbbeee8f8ba07517d98e8ffc120a37', '9', '10', '2023-04-20 14:41:53', '2023-04-20 14:41:53', 1);
INSERT INTO `sys_user_dept` VALUES ('6562e2e93791f63cdc4f7382f7226c70', '85fcd7e29ce8908e27d63ad6144a8bca', '2018', '2023-04-27 23:14:37', '2023-04-27 23:14:37', 1);
INSERT INTO `sys_user_dept` VALUES ('71d8467e1bfb60d30d75b13145384e97', '9', '2012', '2023-04-20 14:41:53', '2023-04-20 14:41:53', 1);
INSERT INTO `sys_user_dept` VALUES ('7629a61737872a680d5b710e4ac55376', '886f5b1da471ca35ad0eb9445b22c1b7', '2017', '2023-04-20 14:41:45', '2023-04-20 14:41:45', 1);
INSERT INTO `sys_user_dept` VALUES ('7a77c4efadb5ce2e773f7fa78ab0c81b', '9', '1010', '2023-04-20 14:41:53', '2023-04-20 14:41:53', 1);
INSERT INTO `sys_user_dept` VALUES ('7e596b887002b3548d2c30f537ddba50', '886f5b1da471ca35ad0eb9445b22c1b7', '2016', '2023-04-20 14:40:47', '2023-04-20 14:40:47', 1);
INSERT INTO `sys_user_dept` VALUES ('80269d0324abb518541f261dd4b2aacc', '8', '2017', '2023-04-21 20:27:02', '2023-04-21 20:27:02', 0);
INSERT INTO `sys_user_dept` VALUES ('87a088a669e9f18fb66a296c88db399b', '886f5b1da471ca35ad0eb9445b22c1b7', '2016', '2023-04-21 01:35:38', '2023-04-21 01:35:38', 0);
INSERT INTO `sys_user_dept` VALUES ('8a86ce4cff3330ca6b23bd7e4eca032a', 'dd59e1b7fd2e900869775ebe1127afb5', '2013', '2023-04-20 15:07:51', '2023-04-20 15:07:51', 1);
INSERT INTO `sys_user_dept` VALUES ('9305b97041e08bd6fc676ec72afac39a', '9', '1028', '2023-04-20 14:41:53', '2023-04-20 14:41:53', 1);
INSERT INTO `sys_user_dept` VALUES ('9c59da9a77ca3abce7f248b5d0702465', '886f5b1da471ca35ad0eb9445b22c1b7', '2012', '2023-04-20 14:40:47', '2023-04-20 14:40:47', 1);
INSERT INTO `sys_user_dept` VALUES ('9d1e70f689533bc52d02ec52d2819f0a', 'dd59e1b7fd2e900869775ebe1127afb5', '2013', '2023-04-21 01:37:21', '2023-04-21 01:37:21', 1);
INSERT INTO `sys_user_dept` VALUES ('a0ef31ca7f60839cd0658f0b4687b588', '9', '2017', '2023-04-21 01:35:51', '2023-04-21 01:35:51', 1);
INSERT INTO `sys_user_dept` VALUES ('a33cfd41337dac936d7adfccc6c06fe9', '9', '1024', '2023-04-20 14:41:53', '2023-04-20 14:41:53', 1);
INSERT INTO `sys_user_dept` VALUES ('b085018a6a5cd3e448c18fa7f7ca0a92', '7', '1027', '2023-04-21 01:39:33', '2023-04-21 01:39:33', 0);
INSERT INTO `sys_user_dept` VALUES ('bc5fdb7747346969c0e8b5761066fafa', 'dd59e1b7fd2e900869775ebe1127afb5', '2013', '2023-04-21 01:36:35', '2023-04-21 01:36:35', 1);
INSERT INTO `sys_user_dept` VALUES ('c3648df3faca12e7832597500fd80f95', 'dd59e1b7fd2e900869775ebe1127afb5', '30', '2023-04-20 15:07:51', '2023-04-20 15:07:51', 1);
INSERT INTO `sys_user_dept` VALUES ('cd33d8b51634a889ee127a473ceb547b', '886f5b1da471ca35ad0eb9445b22c1b7', '2012', '2023-04-21 01:35:38', '2023-04-21 01:35:38', 0);
INSERT INTO `sys_user_dept` VALUES ('cd3743ed738b11b9e6e5783f0d60f2f5', '9', '1027', '2023-04-20 14:41:53', '2023-04-20 14:41:53', 1);
INSERT INTO `sys_user_dept` VALUES ('e4fca3c29363e9f6741ee11de65c0513', '9', '1022', '2023-04-20 14:41:53', '2023-04-20 14:41:53', 1);
INSERT INTO `sys_user_dept` VALUES ('e625a14984b41015662b099e8797e863', '9', '1021', '2023-04-20 14:41:53', '2023-04-20 14:41:53', 1);

-- ----------------------------
-- Table structure for sys_user_role
-- ----------------------------
DROP TABLE IF EXISTS `sys_user_role`;
CREATE TABLE `sys_user_role`  (
  `id` varchar(255) CHARACTER SET utf8mb3 COLLATE utf8mb3_general_ci NOT NULL COMMENT '主键id',
  `role_id` varchar(100) CHARACTER SET utf8mb3 COLLATE utf8mb3_general_ci NOT NULL DEFAULT '0' COMMENT '角色id',
  `user_id` varchar(100) CHARACTER SET utf8mb3 COLLATE utf8mb3_general_ci NOT NULL DEFAULT '0' COMMENT '用户id',
  `create_time` timestamp NOT NULL DEFAULT CURRENT_TIMESTAMP COMMENT '创建时间',
  `update_time` timestamp NOT NULL DEFAULT CURRENT_TIMESTAMP ON UPDATE CURRENT_TIMESTAMP COMMENT '更新时间',
  `is_deleted` tinyint NOT NULL DEFAULT 0 COMMENT '删除标记（0:可用 1:已删除）',
  PRIMARY KEY (`id`) USING BTREE,
  INDEX `idx_role_id`(`role_id`) USING BTREE,
  INDEX `idx_admin_id`(`user_id`) USING BTREE
) ENGINE = InnoDB CHARACTER SET = utf8mb3 COLLATE = utf8mb3_general_ci COMMENT = '用户角色' ROW_FORMAT = DYNAMIC;

-- ----------------------------
-- Records of sys_user_role
-- ----------------------------
INSERT INTO `sys_user_role` VALUES ('10', '1', '4', '2022-06-02 16:10:53', '2022-06-02 16:10:53', 0);
INSERT INTO `sys_user_role` VALUES ('11', '2', '3', '2023-02-17 14:19:09', '2023-02-19 03:05:27', 1);
INSERT INTO `sys_user_role` VALUES ('12', '8', '3', '2023-02-17 14:19:09', '2023-02-19 03:05:27', 1);
INSERT INTO `sys_user_role` VALUES ('13', '2', '3', '2023-02-19 03:05:27', '2023-02-21 00:07:09', 1);
INSERT INTO `sys_user_role` VALUES ('14', '8', '3', '2023-02-19 03:05:27', '2023-02-21 00:07:09', 1);
INSERT INTO `sys_user_role` VALUES ('15', '1625026561937264644', '5', '2023-02-19 14:53:32', '2023-02-19 15:09:54', 1);
INSERT INTO `sys_user_role` VALUES ('16', '1625026561937264644', '5', '2023-02-19 15:09:54', '2023-02-19 23:17:19', 1);
INSERT INTO `sys_user_role` VALUES ('17', '1625026561937264644', '5', '2023-02-19 23:17:19', '2023-02-19 23:17:19', 0);
INSERT INTO `sys_user_role` VALUES ('1703064768378630145', '8', '1703060687534747649', '2023-09-16 23:14:17', '2023-09-16 23:14:17', 0);
INSERT INTO `sys_user_role` VALUES ('18', '1625026561937264644', '3', '2023-02-21 00:07:09', '2023-02-21 00:07:09', 0);
INSERT INTO `sys_user_role` VALUES ('2', '2', '2', '2022-01-20 20:49:37', '2022-02-24 10:43:07', 0);
INSERT INTO `sys_user_role` VALUES ('3', '1', '1', '2022-05-19 10:37:27', '2022-05-24 16:55:53', 1);
INSERT INTO `sys_user_role` VALUES ('4', '2', '1', '2022-05-19 10:37:27', '2022-05-24 16:55:53', 1);
INSERT INTO `sys_user_role` VALUES ('5', '1', '1', '2022-05-24 16:55:53', '2022-05-24 16:55:53', 0);
INSERT INTO `sys_user_role` VALUES ('6', '2', '3', '2022-05-25 16:09:31', '2023-02-17 14:19:09', 1);
INSERT INTO `sys_user_role` VALUES ('647b7e91cfd93688b5e89d14bb706e14', '1', '85fcd7e29ce8908e27d63ad6144a8bca', '2023-04-27 23:18:10', '2023-04-27 23:18:10', 0);
INSERT INTO `sys_user_role` VALUES ('7', '2', '4', '2022-06-02 11:08:14', '2022-06-02 11:15:36', 1);
INSERT INTO `sys_user_role` VALUES ('8', '2', '4', '2022-06-02 11:15:36', '2022-06-02 16:10:53', 1);
INSERT INTO `sys_user_role` VALUES ('9', '1', '4', '2022-06-02 11:15:36', '2022-06-02 16:10:53', 1);

SET FOREIGN_KEY_CHECKS = 1;
